codigo,categoria,descricao
A00.0,Cólera,"Cólera devida a Vibrio cholerae 01, biótipo cholerae"
A00.1,Cólera,"Cólera devida a Vibrio cholerae 01, biótipo El Tor"
A00.9,Cólera,Cólera não especificada
A01.0,Febres tifóide e paratifóide,Febre tifóide
A01.1,Febres tifóide e paratifóide,Febre paratifóide A
A01.2,Febres tifóide e paratifóide,Febre paratifóide B
A01.3,Febres tifóide e paratifóide,Febre paratifóide C
A01.4,Febres tifóide e paratifóide,Febre paratifóide não especificada
A02.0,Outras infecções por Salmonella,Enterite por salmonela
A02.1,Outras infecções por Salmonella,Septicemia por salmonela
A02.2,Outras infecções por Salmonella,Infecções localizadas por salmonela
A02.8,Outras infecções por Salmonella,Outras infecções especificadas por salmonela
A02.9,Outras infecções por Salmonella,Infecção não especificada por salmonela
A03.0,Shiguelose,Shiguelose devida a Shigella dysenteriae
A03.1,Shiguelose,Shiguelose devida a Shigella flexneri
A03.2,Shiguelose,Shiguelose devida a Shigella boydii
A03.3,Shiguelose,Shiguelose devida a Shigella sonnei
A03.8,Shiguelose,Outras shigueloses
A03.9,Shiguelose,Shiguelose não especificada
A04.0,Outras infecções intestinais bacterianas,Infecção por Escherichia coli enteropatogênica
A04.1,Outras infecções intestinais bacterianas,Infecção por Escherichia coli enterotoxigênica
A04.2,Outras infecções intestinais bacterianas,Infecção por Escherichia coli enteroinvasiva
A04.3,Outras infecções intestinais bacterianas,Infecção por Escherichia coli enterohemorrágica
A04.4,Outras infecções intestinais bacterianas,Outras infecções intestinais por Escherichia coli
A04.5,Outras infecções intestinais bacterianas,Enterite por Campylobacter
A04.6,Outras infecções intestinais bacterianas,Enterite devida a Yersinia enterocolítica
A04.7,Outras infecções intestinais bacterianas,Enterocolite devida a Clostridium difficile
A04.8,Outras infecções intestinais bacterianas,Outras infecções bacterianas intestinais especificadas
A04.9,Outras infecções intestinais bacterianas,Infecção intestinal bacteriana não especificada
A05.0,Outras intoxicações alimentares bacterianas,Intoxicação alimentar estafilocócica
A05.1,Outras intoxicações alimentares bacterianas,Botulismo
A05.2,Outras intoxicações alimentares bacterianas,Intoxicação alimentar devida a Clostridium perfringens [Clostridium welchii]
A05.3,Outras intoxicações alimentares bacterianas,Intoxicação alimentar devida a Vibrio parahemolyticus
A05.4,Outras intoxicações alimentares bacterianas,Intoxicação alimentar devida a Bacillus cereus
A05.8,Outras intoxicações alimentares bacterianas,Outras intoxicações alimentares bacterianas especificadas
A05.9,Outras intoxicações alimentares bacterianas,Intoxicação alimentar bacteriana não especificada
A06.0,Amebíase,Disenteria amebiana aguda
A06.1,Amebíase,Amebíase intestinal crônica
A06.2,Amebíase,Colite amebiana não-disentérica
A06.3,Amebíase,Ameboma intestinal
A06.4,Amebíase,Abscesso amebiano do fígado
A06.5,Amebíase,Abscesso amebiano do pulmão
A06.6,Amebíase,Abscesso amebiano do cérebro
A06.7,Amebíase,Amebíase cutânea
A06.8,Amebíase,Infecção amebiana de outras localizações
A06.9,Amebíase,Amebíase não especificada
A07.0,Outras doenças intestinais por protozoários,Balantidíase
A07.1,Outras doenças intestinais por protozoários,Giardíase [lamblíase]
A07.2,Outras doenças intestinais por protozoários,Criptosporidiose
A07.3,Outras doenças intestinais por protozoários,Isosporíase
A07.8,Outras doenças intestinais por protozoários,Outras doenças intestinais especificadas por protozoários
A07.9,Outras doenças intestinais por protozoários,Doença intestinal não especificada por protozoários
A08.0,Infecções intestinais virais,Enterite por rotavírus
A08.1,Infecções intestinais virais,Gastroenteropatia aguda pelo agente de Norwalk
A08.2,Infecções intestinais virais,Enterite por adenovírus
A08.3,Infecções intestinais virais,Outras enterites virais
A08.4,Infecções intestinais virais,Infecção intestinal devida a vírus não especificado
A08.5,Infecções intestinais virais,Outras infecções intestinais especificadas
A09,Diarréia e gastroenterite de origem infecciosa presumível,Diarréia e gastroenterite de origem infecciosa presumível
A15.0,Tuberculose respiratória,"Tuberculose pulmonar, com confirmação por exame microscópico da expectoração, com ou sem cultura"
A15.1,Tuberculose respiratória,"Tuberculose pulmonar, com confirmação somente por cultura"
A15.2,Tuberculose respiratória,"Tuberculose pulmonar, com confirmação histológica"
A15.3,Tuberculose respiratória,"Tuberculose pulmonar, com confirmação por meio não especificado"
A15.4,Tuberculose respiratória,"Tuberculose dos gânglios intratorácicos, com confirmação bacteriológica e histológica"
A15.5,Tuberculose respiratória,"Tuberculose da laringe, da traquéia e dos brônquios, com confirmação bacteriológica e histológica"
A15.6,Tuberculose respiratória,"Pleuris tuberculoso, com confirmação bacteriológica e histológica"
A15.7,Tuberculose respiratória,"Tuberculose primária das vias respiratórias, com confirmação bacteriológica e histológica"
A15.8,Tuberculose respiratória,"Outras formas de tuberculose das vias respiratórias, com confirmação bacteriológica e histológica"
A15.9,Tuberculose respiratória,"Tuberculose não especificada das vias respiratórias, com confirmação bacteriológica e histológica"
A16.0,Tuberculose das vias respiratórias,Tuberculose pulmonar com exames bacteriológico e histológico negativos
A16.1,Tuberculose das vias respiratórias,"Tuberculose pulmonar, sem realização de exame bacteriológico ou histológico"
A16.2,Tuberculose das vias respiratórias,"Tuberculose pulmonar, sem menção de confirmação bacteriológica ou histológica"
A16.3,Tuberculose das vias respiratórias,"Tuberculose dos gânglios intratorácicos, sem menção de confirmação bacteriológica ou histológica"
A16.4,Tuberculose das vias respiratórias,"Tuberculose da laringe, da traquéia e dos brônquios, sem menção de confirmação bacteriológica ou histológica"
A16.5,Tuberculose das vias respiratórias,"Pleurisia tuberculosa, sem menção de confirmação bacteriológica ou histológica"
A16.7,Tuberculose das vias respiratórias,Tuberculosa respiratória primária sem menção de confirmação bacteriológica ou histológica
A16.8,Tuberculose das vias respiratórias,Outras formas de tuberculose das vias respiratórias
A16.9,Tuberculose das vias respiratórias,"Tuberculose respiratória, não especificada, sem menção de confirmação bacteriológica ou histológica"
A17.0,Tuberculose do sistema nervoso,Meningite tuberculosa
A17.1,Tuberculose do sistema nervoso,Tuberculoma meníngeo
A17.8,Tuberculose do sistema nervoso,Outras tuberculoses do sistema nervoso
A17.9,Tuberculose do sistema nervoso,Tuberculose não especificada do sistema nervoso
A18.0,Tuberculose de outros órgãos,Tuberculose óssea e das articulações
A18.1,Tuberculose de outros órgãos,Tuberculose do aparelho geniturinário
A18.2,Tuberculose de outros órgãos,Linfadenopatia tuberculosa periférica
A18.3,Tuberculose de outros órgãos,Tuberculose do intestino
A18.4,Tuberculose de outros órgãos,Tuberculose de pele e do tecido celular subcutâneo
A18.5,Tuberculose de outros órgãos,Tuberculose do olho
A18.6,Tuberculose de outros órgãos,Tuberculose do ouvido
A18.7,Tuberculose de outros órgãos,Tuberculose das supra-renais
A18.8,Tuberculose de outros órgãos,Tuberculose de outros órgãos especificados
A19.0,Tuberculose miliar,Tuberculose miliar aguda de localização única e especificada
A19.1,Tuberculose miliar,Tuberculose miliar aguda de múltiplas localizações
A19.2,Tuberculose miliar,Tuberculose miliar aguda não especificada
A19.8,Tuberculose miliar,Outras tuberculoses miliares
A19.9,Tuberculose miliar,Tuberculose miliar não especificada
A20.0,Peste,Peste bubônica
A20.1,Peste,Peste celulocutânea
A20.2,Peste,Peste pneumônica
A20.3,Peste,Peste meníngea
A20.7,Peste,Peste septicêmica
A20.8,Peste,Outras formas de peste
A20.9,Peste,Peste
A21.0,Tularemia,Tularemia ulceroglandular
A21.1,Tularemia,Tularemia oculoglandular
A21.2,Tularemia,Tularemia pulmonar
A21.3,Tularemia,Tularemia gastrointestinal
A21.7,Tularemia,Tularemia generalizada
A21.8,Tularemia,Outras formas de tularemia
A21.9,Tularemia,Tularemia
A22.0,Carbúnculo,Carbúnculo cutâneo
A22.1,Carbúnculo,Carbúnculo pulmonar
A22.2,Carbúnculo,Carbúnculo gastrointestinal
A22.7,Carbúnculo,Septicemia carbunculosa
A22.8,Carbúnculo,Outras formas de carbúnculo
A22.9,Carbúnculo,Carbúnculo
A23.0,Brucelose,Brucelose por Brucella melitensis
A23.1,Brucelose,Brucelose por Brucella abortus
A23.2,Brucelose,Brucelose por Brucella suis
A23.3,Brucelose,Brucelose por Brucella canis
A23.8,Brucelose,Outras bruceloses
A23.9,Brucelose,Brucelose não especificada
A24.0,Mormo e melioidose,Mormo
A24.1,Mormo e melioidose,Melioidose aguda e fulminante
A24.2,Mormo e melioidose,Melioidose subaguda e crônica
A24.3,Mormo e melioidose,Outras melioidoses
A24.4,Mormo e melioidose,Melioidose não especificada
A25.0,Febres transmitidas por mordedura de rato,Espirilose
A25.1,Febres transmitidas por mordedura de rato,Estreptobacilose
A25.9,Febres transmitidas por mordedura de rato,Febre transmitida por mordedura de rato
A26.0,Erisipelóide,Erisipelóide cutâneo
A26.7,Erisipelóide,Septicemia por Erysipelothrix
A26.8,Erisipelóide,Outras formas de erisipelóide
A26.9,Erisipelóide,Erisipelóide não especificado
A27.0,Leptospirose,Leptopirose icterohemorrágica
A27.8,Leptospirose,Outras formas de leptospirose
A27.9,Leptospirose,Leptospirose não especificada
A28.0,Outras doenças bacterianas zoonóticas não classificadas em outra parte,Pasteurelose
A28.1,Outras doenças bacterianas zoonóticas não classificadas em outra parte,Doença por arranhadura do gato
A28.2,Outras doenças bacterianas zoonóticas não classificadas em outra parte,Yersiniose extra-intestinal
A28.8,Outras doenças bacterianas zoonóticas não classificadas em outra parte,Outras doenças bacterianas zoonóticas especificadas não classificadas em outra parte
A28.9,Outras doenças bacterianas zoonóticas não classificadas em outra parte,Doença bacteriana zoonótica não especificada
A30.0,Hanseníase [doença de Hansen] [lepra],Hanseníase [lepra] indeterminada
A30.1,Hanseníase [doença de Hansen] [lepra],Hanseníase [lepra] tuberculóide
A30.2,Hanseníase [doença de Hansen] [lepra],Hanseníase [lepra] tuberculóide borderline
A30.3,Hanseníase [doença de Hansen] [lepra],Hanseníase [lepra] dimorfa
A30.4,Hanseníase [doença de Hansen] [lepra],Hanseníase [lepra] lepromatosa borderline
A30.5,Hanseníase [doença de Hansen] [lepra],Hanseníase [lepra] lepromatosa
A30.8,Hanseníase [doença de Hansen] [lepra],Outras formas de hanseníase [lepra]
A30.9,Hanseníase [doença de Hansen] [lepra],Hanseníase [lepra] não especificada
A31.0,Infecções devidas a outras micobactérias,Infecção pulmonar micobacteriana
A31.1,Infecções devidas a outras micobactérias,Infecção cutânea micobacteriana
A31.8,Infecções devidas a outras micobactérias,Outras infecções micobacterianas
A31.9,Infecções devidas a outras micobactérias,Infecção micobacteriana não especificada
A32.0,Listeriose [listeríase],Listeriose cutânea
A32.1,Listeriose [listeríase],Meningite e meningoencefalite por listéria
A32.7,Listeriose [listeríase],Septicemia listeriótica
A32.8,Listeriose [listeríase],Outras formas de listeriose
A32.9,Listeriose [listeríase],Listeriose não especificada
A33,Tétano do recém-nascido [neonatal],Tétano do recém-nascido [neonatal]
A34,Tétano obstétrico,Tétano obstétrico
A35,Outros tipos de tétano,Outros tipos de tétano
A36.0,Difteria,Difteria faríngea
A36.1,Difteria,Difteria nasofaríngea
A36.2,Difteria,Difteria laríngea
A36.3,Difteria,Difteria cutânea
A36.8,Difteria,Outras formas de difteria
A36.9,Difteria,Difteria não especificada
A37.0,Coqueluche,Coqueluche por Bordetella pertussis
A37.1,Coqueluche,Coqueluche por Bordetella parapertussis
A37.8,Coqueluche,Coqueluche por outras espécies da Bordetella
A37.9,Coqueluche,Coqueluche não especificada
A38,Escarlatina,Escarlatina
A39.0,Infecção meningogócica,Meningite meningocócica
A39.1,Infecção meningogócica,Síndrome de Waterhouse-Friderichsen
A39.2,Infecção meningogócica,Meningococcemia aguda
A39.3,Infecção meningogócica,Meningococcemia crônica
A39.4,Infecção meningogócica,Meningococcemia não especificada
A39.5,Infecção meningogócica,Cardite por meningococos
A39.8,Infecção meningogócica,Outras infecções por meningococos
A39.9,Infecção meningogócica,Infecção meningocócica não especificada
A40.0,Septicemia estreptocócica,Septicemia por Streptococcus do grupo A
A40.1,Septicemia estreptocócica,Septicemia por Streptococcus do grupo B
A40.2,Septicemia estreptocócica,Septicemia por Streptococcus do grupo D
A40.3,Septicemia estreptocócica,Septicemia por Streptococcus pneumonia
A40.8,Septicemia estreptocócica,Outras septicemias estreptocócicas
A40.9,Septicemia estreptocócica,Septicemia estreptocócica não especificada
A41.0,Outras septicemias,Septicemia por Staphylococcus aureus
A41.1,Outras septicemias,Septicemia por outros estafilococos especificados
A41.2,Outras septicemias,Septicemia por estafilococos não especificados
A41.3,Outras septicemias,Septicemia por Haemophilus influenzae
A41.4,Outras septicemias,Septicemia por anaeróbios
A41.5,Outras septicemias,Septicemia por outros microorganismos gram-negativos
A41.8,Outras septicemias,Outras septicemias especificadas
A41.9,Outras septicemias,Septicemia não especificada
A42.0,Actinomicose,Actinomicose pulmonar
A42.1,Actinomicose,Actinomicose abdominal
A42.2,Actinomicose,Actinomicose cervicofacial
A42.7,Actinomicose,Septicemia actinomicótica
A42.8,Actinomicose,Outras formas de actinomicose
A42.9,Actinomicose,Actinomicose não especificada
A43.0,Nocardiose,Nocardiose pulmonar
A43.1,Nocardiose,Nocardiose cutânea
A43.8,Nocardiose,Outras formas de nocardiose
A43.9,Nocardiose,Nocardiose não especificada
A44.0,Bartonelose,Bartonelose sistêmica
A44.1,Bartonelose,Bartonelose cutânea e cutâneo-mucosa
A44.8,Bartonelose,Outras formas de bartonelose
A44.9,Bartonelose,Bartonelose não especificada
A46,Erisipela,Erisipela
A48.0,Outras doenças bacterianas não classificadas em outra parte,Gangrena gasosa
A48.1,Outras doenças bacterianas não classificadas em outra parte,Doença dos legionários
A48.2,Outras doenças bacterianas não classificadas em outra parte,Doença dos legionários não-pneumônica [febre de Pontiac]
A48.3,Outras doenças bacterianas não classificadas em outra parte,Síndrome do choque tóxico
A48.4,Outras doenças bacterianas não classificadas em outra parte,Febre purpúrica do Brasil
A48.8,Outras doenças bacterianas não classificadas em outra parte,Outras doenças bacterianas especificadas
A49.0,Infecção bacteriana de localização não especificada,Infecção estafilocócica de localização não especificada
A49.1,Infecção bacteriana de localização não especificada,Infecção estreptocócica de localização não especificada
A49.2,Infecção bacteriana de localização não especificada,Infecção por Haemophilus influenzae de localização não especificada
A49.3,Infecção bacteriana de localização não especificada,Infecção por Mycoplasma de localização não especificada
A49.8,Infecção bacteriana de localização não especificada,Outras infecções bacterianas de localização não especificada
A49.9,Infecção bacteriana de localização não especificada,Infecção bacteriana não especificada
A50.0,Sífilis congênita,Sífilis congênita precoce sintomática
A50.1,Sífilis congênita,Sífilis congênita precoce
A50.2,Sífilis congênita,Sífilis congênita precoce não especificada
A50.3,Sífilis congênita,Oculopatia sifilítica congênita tardia
A50.4,Sífilis congênita,Neurossífilis congênita tardia [neurossífilis juvenil]
A50.5,Sífilis congênita,Outras formas tardias e sintomáticas da sífilis congênita
A50.6,Sífilis congênita,Sífilis congênita tardia latente
A50.7,Sífilis congênita,Sífilis congênita tardia não especificada
A50.9,Sífilis congênita,Sífilis congênita não especificada
A51.0,Sífilis precoce,Sífilis genital primária
A51.1,Sífilis precoce,Sífilis anal primária
A51.2,Sífilis precoce,Sífilis primária de outras localizações
A51.3,Sífilis precoce,Sífilis secundária da pele e das mucosas
A51.4,Sífilis precoce,Outras formas de sífilis secundária
A51.5,Sífilis precoce,Sífilis precoce latente
A51.9,Sífilis precoce,Sífilis precoce não especificada
A52.0,Sífilis tardia,Sífilis cardiovascular
A52.1,Sífilis tardia,Neurossífilis sintomática
A52.2,Sífilis tardia,Neurossífilis assintomática
A52.3,Sífilis tardia,Neurossífilis não especificada
A52.7,Sífilis tardia,Outras formas de sífilis tardia sintomática
A52.8,Sífilis tardia,Sífilis tardia latente
A52.9,Sífilis tardia,Sífilis tardia não especificada
A53.0,Outras formas e as não especificadas da sífilis,Sífilis latente
A53.9,Outras formas e as não especificadas da sífilis,Sífilis não especificada
A54.0,Infecção gonocócica,Infecção gonocócica do trato geniturinário inferior
A54.1,Infecção gonocócica,Infecção gonocócica do trato geniturinário inferior
A54.2,Infecção gonocócica,Pelviperitonite gonocócica e outras infecções geniturinárias gonocócicas
A54.3,Infecção gonocócica,Infecção gonocócica do olho
A54.4,Infecção gonocócica,Infecção gonocócica do sistema músculo-esquelético
A54.5,Infecção gonocócica,Faringite gonocócica
A54.6,Infecção gonocócica,Infecção gonocócica do ânus ou do reto
A54.8,Infecção gonocócica,Outras infecções gonocócicas
A54.9,Infecção gonocócica,Infecção gonocócica não especificada
A55,Linfogranuloma (venéreo) por clamídia,Linfogranuloma (venéreo) por clamídia
A56.0,Outras infecções causadas por clamídias transmitidas por via sexual,Infecções por clamídias do trato geniturinário inferior
A56.1,Outras infecções causadas por clamídias transmitidas por via sexual,Infecção por clamídias
A56.2,Outras infecções causadas por clamídias transmitidas por via sexual,Infecção por clamídias do trato geniturinário
A56.3,Outras infecções causadas por clamídias transmitidas por via sexual,Infecção do ânus e do reto por clamídias
A56.4,Outras infecções causadas por clamídias transmitidas por via sexual,Infecção da faringe por clamídias
A56.8,Outras infecções causadas por clamídias transmitidas por via sexual,Infecção por clamídias transmitida por via sexual
A57,Cancro mole,Cancro mole
A58,Granuloma inguinal,Granuloma inguinal
A59.0,Tricomoníase,Tricomoníase urogenital
A59.8,Tricomoníase,Outras localizações de tricomoníase
A59.9,Tricomoníase,Tricomoníase não especificada
A60.0,Infecções anogenitais pelo vírus do herpes [herpes simples],Infecção dos órgãos genitais e do trato geniturinário pelo vírus do herpes
A60.1,Infecções anogenitais pelo vírus do herpes [herpes simples],Infecção da margem cutânea do ânus e do reto pelo vírus do herpes
A60.9,Infecções anogenitais pelo vírus do herpes [herpes simples],Infecção anogenital não especificada pelo vírus do herpes
A63.0,Outras doenças de transmissão predominantemente sexual,Verrugas anogenitais (venéreas)
A63.8,Outras doenças de transmissão predominantemente sexual,Outras doenças especificadas de transmissão predominantemente sexual
A64,Doenças sexualmente transmitidas,Doenças sexualmente transmitidas
A65,Sífilis não-venérea,Sífilis não-venérea
A66.0,Bouba,Lesões iniciais da bouba
A66.1,Bouba,Papilomas múltiplos e bouba plantar úmida (cravo de bouba)
A66.2,Bouba,Outras lesões cutâneas precoces da bouba
A66.3,Bouba,Hiperceratose devida a bouba
A66.4,Bouba,Gomas e úlceras devidas à bouba
A66.5,Bouba,Gangosa
A66.6,Bouba,Lesões osteoarticulares devidas à bouba
A66.7,Bouba,Outras manifestações da bouba
A66.8,Bouba,Bouba latente
A66.9,Bouba,Bouba não especificada
A67.0,Pinta [carate],Lesões primárias da pinta
A67.1,Pinta [carate],Lesões intermediárias da pinta
A67.2,Pinta [carate],Lesões tardias da pinta
A67.3,Pinta [carate],Lesões mistas da pinta
A67.9,Pinta [carate],Pinta não especificada
A68.0,Febres recorrentes [Borrelioses],Febre recorrente transmitida por piolhos
A68.1,Febres recorrentes [Borrelioses],Febre recorrente transmitida por carrapatos
A68.9,Febres recorrentes [Borrelioses],Febre recorrente não especificada
A69.0,Outras infecções por espiroquetas,Estomatite ulcerativa necrotizante
A69.1,Outras infecções por espiroquetas,Outras infecções de Vincent
A69.2,Outras infecções por espiroquetas,Doença de Lyme
A69.8,Outras infecções por espiroquetas,Outras infecções especificadas por espiroquetas
A69.9,Outras infecções por espiroquetas,Infecção por espiroqueta
A70,Infecções causadas por Clamídia psittaci,Infecções causadas por Clamídia psittaci
A71.0,Tracoma,Fase inicial do tracoma
A71.1,Tracoma,Fase ativa do tracoma
A71.9,Tracoma,Tracoma não especificado
A74.0,Outras doenças causadas por Clamídias,Conjuntivite causada por clamídias
A74.8,Outras doenças causadas por Clamídias,Outras doenças causadas por clamídias
A74.9,Outras doenças causadas por Clamídias,Infecção causada por clamídias não especificada
A75.0,Tifo exantemático,Tifo epidêmico transmitido por piolhos devido a Rickettsia prowazekii
A75.1,Tifo exantemático,Tifo recrudescente [doença de Brill]
A75.2,Tifo exantemático,Tifo por Rickettsia typhi
A75.3,Tifo exantemático,Tifo por Rickettsia tsutsugamuchi
A75.9,Tifo exantemático,Tifo não especificado
A77.0,Febre maculosa [rickettsioses transmitidas por carrapatos],Febre maculosa por Rickettsia richettsii
A77.1,Febre maculosa [rickettsioses transmitidas por carrapatos],Febre maculosa por Rickettsia conorii
A77.2,Febre maculosa [rickettsioses transmitidas por carrapatos],Febre maculosa devida à Rickettsia siberica
A77.3,Febre maculosa [rickettsioses transmitidas por carrapatos],Febre maculosa devida à Rickettsia australis
A77.8,Febre maculosa [rickettsioses transmitidas por carrapatos],Outras febres maculosas
A77.9,Febre maculosa [rickettsioses transmitidas por carrapatos],Febre maculosa não especificada
A78,Febre Q,Febre Q
A79.0,Outras rickettsioses,Febre das trincheiras
A79.1,Outras rickettsioses,Rickettsiose variceliforme devida à Rickettsia akari
A79.8,Outras rickettsioses,Outros tipos de rickettsioses especificadas
A79.9,Outras rickettsioses,Rickettsiose não especificada
A80.0,Poliomielite aguda,"Poliomielite paralítica aguda, associada ao vírus vacinal"
A80.1,Poliomielite aguda,"Poliomielite paralítica aguda, vírus selvagem importado"
A80.2,Poliomielite aguda,"Poliomielite paralítica aguda, vírus selvagem indígena"
A80.3,Poliomielite aguda,"Poliomielites paralíticas agudas, outras e não especificadas"
A80.4,Poliomielite aguda,Poliomielite aguda não-paralítica
A80.9,Poliomielite aguda,Poliomielite aguda não especificada
A81.0,Infecções por vírus atípicos do sistema nervoso central,Doença de Creutzfeldt-Jakob
A81.1,Infecções por vírus atípicos do sistema nervoso central,Panencefalite esclerosante subaguda
A81.2,Infecções por vírus atípicos do sistema nervoso central,Leucoencefalopatia multifocal progressiva
A81.8,Infecções por vírus atípicos do sistema nervoso central,Outras infecções por vírus atípicos do sistema nervoso central
A81.9,Infecções por vírus atípicos do sistema nervoso central,Infecção não especificada do sistema nervosos central por vírus atípicos
A82.0,Raiva,Raiva silvestre
A82.1,Raiva,Raiva urbana
A82.9,Raiva,Raiva não especificada
A83.0,Encefalite por vírus transmitidos por mosquitos,Encefalite japonesa
A83.1,Encefalite por vírus transmitidos por mosquitos,Encefalite eqüina ocidental
A83.2,Encefalite por vírus transmitidos por mosquitos,Encefalite eqüina oriental
A83.3,Encefalite por vírus transmitidos por mosquitos,Encefalite de St. Louis
A83.4,Encefalite por vírus transmitidos por mosquitos,Encefalite australiana
A83.5,Encefalite por vírus transmitidos por mosquitos,Encefalite da Califórnia
A83.6,Encefalite por vírus transmitidos por mosquitos,Doença pelo vírus de Rocio
A83.8,Encefalite por vírus transmitidos por mosquitos,Outras encefalites por vírus transmitidas por mosquitos
A83.9,Encefalite por vírus transmitidos por mosquitos,Encefalite não especificada por vírus transmitida por mosquitos
A84.0,Encefalite por vírus transmitido por carrapatos,Encefalite da taiga [encefalite vernoestival russa]
A84.1,Encefalite por vírus transmitido por carrapatos,Encefalite da Europa Central transmitida por carrapatos
A84.8,Encefalite por vírus transmitido por carrapatos,Outras encefalites por vírus transmitidas por carrapatos
A84.9,Encefalite por vírus transmitido por carrapatos,Encefalite não especificada por vírus transmitida por carrapatos
A85.0,Outras encefalites virais,Encefalite por enterovírus
A85.1,Outras encefalites virais,Encefalite por adenovírus
A85.2,Outras encefalites virais,Encefalite por vírus transmitido por artrópodes
A85.8,Outras encefalites virais,Outras encefalites virais especificadas
A86,Encefalite viral,Encefalite viral
A87.0,Meningite viral,Meningite por enterovírus
A87.1,Meningite viral,Meningite por adenovírus
A87.2,Meningite viral,Coriomeningite linfocitária
A87.8,Meningite viral,Outras meningites virais
A87.9,Meningite viral,Meningite viral não especificada
A88.0,Outras infecções virais do sistema nervoso central não classificadas em outra parte,Febre exantemática por enterovírus [exantema de Boston]
A88.1,Outras infecções virais do sistema nervoso central não classificadas em outra parte,Vertigem epidêmica
A88.8,Outras infecções virais do sistema nervoso central não classificadas em outra parte,Outras infecções virais especificadas do sistema nervoso central
A89,Infecções virais não especificadas do sistema nervoso central,Infecções virais não especificadas do sistema nervoso central
A90,Dengue [dengue clássico],Dengue [dengue clássico]
A91,Febre hemorrágica devida ao vírus do dengue,Febre hemorrágica devida ao vírus do dengue
A92.0,Outras febres virais transmitidas por mosquitos,Febre de Chikungunya
A92.1,Outras febres virais transmitidas por mosquitos,Febre de O nyong-nyong
A92.2,Outras febres virais transmitidas por mosquitos,Febre eqüina venezuelana
A92.3,Outras febres virais transmitidas por mosquitos,Infecção pelo vírus West Nile
A92.4,Outras febres virais transmitidas por mosquitos,Febre do vale do Rift
A92.8,Outras febres virais transmitidas por mosquitos,Outras febres virais especificadas transmitidas por mosquitos
A92.9,Outras febres virais transmitidas por mosquitos,Febre viral transmitida por mosquitos
A93.0,Outras febres por vírus transmitidas por artrópodes não classificadas em outra parte,Febre de Oropouche
A93.1,Outras febres por vírus transmitidas por artrópodes não classificadas em outra parte,Febre por flebótomos
A93.2,Outras febres por vírus transmitidas por artrópodes não classificadas em outra parte,Febre do Colorado transmitida por carrapatos
A93.8,Outras febres por vírus transmitidas por artrópodes não classificadas em outra parte,Outras febres virais especificadas transmitidas por artrópodes
A94,Febre viral transmitida por artrópodes,Febre viral transmitida por artrópodes
A95.0,Febre amarela,Febre amarela silvestre
A95.1,Febre amarela,Febre amarela urbana
A95.9,Febre amarela,Febre amarela não especificada
A96.0,Febre hemorrágica por arenavírus,Febre hemorrágica de Junin
A96.1,Febre hemorrágica por arenavírus,Febre hemorrágica de Machupo
A96.2,Febre hemorrágica por arenavírus,Febre de Lassa
A96.8,Febre hemorrágica por arenavírus,Outras febres hemorrágicas por arenavírus
A96.9,Febre hemorrágica por arenavírus,Febre hemorrágica por arenavírus
A98.0,Outras febres hemorrágicas por vírus,Febre hemorrágica da Criméia (do Congo)
A98.1,Outras febres hemorrágicas por vírus,Febre hemorrágica de Omsk
A98.2,Outras febres hemorrágicas por vírus,Doença da floresta de Kyasanur
A98.3,Outras febres hemorrágicas por vírus,Doença de Marburg
A98.4,Outras febres hemorrágicas por vírus,Doença pelo vírus Ebola
A98.5,Outras febres hemorrágicas por vírus,Febre hemorrágica com síndrome renal
A98.8,Outras febres hemorrágicas por vírus,Outras febres hemorrágicas especificadas por vírus
A99,Febres hemorrágicas virais não especificadas,Febres hemorrágicas virais não especificadas
B00.0,Infecções pelo vírus do herpes [herpes simples],Eczema herpético
B00.1,Infecções pelo vírus do herpes [herpes simples],Dermatite vesicular devido ao vírus do herpes
B00.2,Infecções pelo vírus do herpes [herpes simples],Gengivoestomatite e faringoamigdalite devida ao vírus do herpes
B00.3,Infecções pelo vírus do herpes [herpes simples],Meningite devida ao vírus do herpes
B00.4,Infecções pelo vírus do herpes [herpes simples],Encefalite devida ao vírus do herpes
B00.5,Infecções pelo vírus do herpes [herpes simples],Afecções oculares devidas ao vírus do herpes
B00.7,Infecções pelo vírus do herpes [herpes simples],Doença disseminada devida ao vírus do herpes
B00.8,Infecções pelo vírus do herpes [herpes simples],Outras formas de infecção devida ao vírus do herpes
B00.9,Infecções pelo vírus do herpes [herpes simples],Infecção não especificada devida ao vírus do herpes
B01.0,Varicela [idapora],Meningite por varicela
B01.1,Varicela [idapora],Encefalite por varicela
B01.2,Varicela [idapora],Pneumopatia varicelosa
B01.8,Varicela [idapora],Varicela com outras complicações
B01.9,Varicela [idapora],Varicela sem complicação
B02.0,Herpes zoster [Zona],Encefalite pelo vírus do herpes zoster
B02.1,Herpes zoster [Zona],Meningite pelo vírus do herpes zoster
B02.2,Herpes zoster [Zona],Herpes zoster acompanhado de outras manifestações neurológicas
B02.3,Herpes zoster [Zona],Herpes zoster oftálmico
B02.7,Herpes zoster [Zona],Herpes zoster disseminado
B02.8,Herpes zoster [Zona],Herpes zoster com outras complicações
B02.9,Herpes zoster [Zona],Herpes zoster sem complicação
B03,Varíola,Varíola
B04,Varíola dos macacos [Monkeypox],Varíola dos macacos [Monkeypox]
B05.0,Sarampo,Sarampo complicado por encefalite
B05.1,Sarampo,Sarampo complicado por meningite
B05.2,Sarampo,Sarampo complicado por pneumonia
B05.3,Sarampo,Sarampo complicado por otite média
B05.4,Sarampo,Sarampo com complicações intestinais
B05.8,Sarampo,Sarampo com outras complicações
B05.9,Sarampo,Sarampo sem complicação
B06.0,Rubéola,Rubéola com complicações neurológicas
B06.8,Rubéola,Rubéola com outras complicações
B06.9,Rubéola,Rubéola sem complicação
B07,Verrugas de origem viral,Verrugas de origem viral
B08.0,Outras infecções virais caracterizadas por lesões da pele e das membranas mucosas,Outras infecções por ortopoxvírus
B08.1,Outras infecções virais caracterizadas por lesões da pele e das membranas mucosas,Molusco contagioso
B08.2,Outras infecções virais caracterizadas por lesões da pele e das membranas mucosas,Exantema súbito [sexta doença]
B08.3,Outras infecções virais caracterizadas por lesões da pele e das membranas mucosas,Eritema infeccioso [quinta doença]
B08.4,Outras infecções virais caracterizadas por lesões da pele e das membranas mucosas,Estomatite vesicular devida a enterovírus com exantema
B08.5,Outras infecções virais caracterizadas por lesões da pele e das membranas mucosas,Faringite vesicular devida a enterovírus
B08.8,Outras infecções virais caracterizadas por lesões da pele e das membranas mucosas,Outras infecções virais especificadas caracterizadas por lesões de pele e das membranas mucosas
B09,Infecção viral não especificada caracterizada por lesões da pele e membranas mucosas,Infecção viral não especificada caracterizada por lesões da pele e membranas mucosas
B15.0,Hepatite aguda A,Hepatite A com coma hepático
B15.9,Hepatite aguda A,Hepatite A sem coma hepático
B16.0,Hepatite aguda B,Hepatite aguda B com agente Delta (co-infecção)
B16.1,Hepatite aguda B,Hepatite aguda B com agente Delta
B16.2,Hepatite aguda B,Hepatite aguda B sem agente Delta
B16.9,Hepatite aguda B,Hepatite aguda B sem agente Delta e sem coma hepático
B17.0,Outras hepatites virais agudas,(Super)infecção Delta aguda de portador de hepatite B
B17.1,Outras hepatites virais agudas,Hepatite aguda C
B17.2,Outras hepatites virais agudas,Hepatite aguda E
B17.8,Outras hepatites virais agudas,Outras hepatites virais agudas especificadas
B18.0,Hepatite viral crônica,Hepatite viral crônica B com agente Delta
B18.1,Hepatite viral crônica,Hepatite crônica viral B sem agente Delta
B18.2,Hepatite viral crônica,Hepatite viral crônica C
B18.8,Hepatite viral crônica,Outras hepatites crônicas virais
B18.9,Hepatite viral crônica,Hepatite viral crônica não especificada
B19.0,Hepatite viral não especificada,Hepatite viral
B19.9,Hepatite viral não especificada,Hepatite viral
B20.0,Doença pelo vírus da imunodeficiência humana [HIV],Doença pelo HIV resultando em infecções micobacterianas
B20.1,Doença pelo vírus da imunodeficiência humana [HIV],Doença pelo HIV resultando em outras infecções bacterianas
B20.2,Doença pelo vírus da imunodeficiência humana [HIV],Doença pelo HIV resultando em doença citomegálica
B20.3,Doença pelo vírus da imunodeficiência humana [HIV],Doença pelo HIV resultando em outras infecções virais
B20.4,Doença pelo vírus da imunodeficiência humana [HIV],Doença pelo HIV resultando em candidíase
B20.5,Doença pelo vírus da imunodeficiência humana [HIV],Doença pelo HIV resultando em outras micoses
B20.6,Doença pelo vírus da imunodeficiência humana [HIV],Doença pelo HIV resultando em pneumonia por Pneumocystis jirovecii
B20.7,Doença pelo vírus da imunodeficiência humana [HIV],Doença pelo HIV resultando em infecções múltiplas
B20.8,Doença pelo vírus da imunodeficiência humana [HIV],Doença pelo HIV resultando em outras doenças infecciosas e parasitárias
B20.9,Doença pelo vírus da imunodeficiência humana [HIV],Doença pelo HIV resultando em doença infecciosa ou parasitária não especificada
B21.0,Doença pelo vírus da imunodeficiência humana [HIV],Doença pelo HIV resultando em sarcoma de Kaposi
B21.1,Doença pelo vírus da imunodeficiência humana [HIV],Doença pelo HIV resultando em linfoma de Burkitt
B21.2,Doença pelo vírus da imunodeficiência humana [HIV],Doença pelo HIV resultando em outros tipos de linfoma não-Hodgkin
B21.3,Doença pelo vírus da imunodeficiência humana [HIV],Doença pelo HIV resultando em outras neoplasias malignas dos tecidos linfático
B21.7,Doença pelo vírus da imunodeficiência humana [HIV],Doença pelo HIV resultando em múltiplas neoplasias malignas
B21.8,Doença pelo vírus da imunodeficiência humana [HIV],Doença pelo HIV resultando em outras neoplasias malignas
B21.9,Doença pelo vírus da imunodeficiência humana [HIV],Doença pelo HIV resultando em neoplasia maligna não especificada
B22.0,Doença pelo vírus da imunodeficiência humana [HIV] resultando em outras doenças especificadas,Doença pelo HIV resultando em encefalopatia
B22.1,Doença pelo vírus da imunodeficiência humana [HIV] resultando em outras doenças especificadas,Doença pelo HIV resultando em pneumonite intersticial linfática
B22.2,Doença pelo vírus da imunodeficiência humana [HIV] resultando em outras doenças especificadas,Doença pelo HIV resultando em síndrome de emaciação
B22.7,Doença pelo vírus da imunodeficiência humana [HIV] resultando em outras doenças especificadas,Doença pelo HIV resultando em doenças múltiplas classificadas em outra parte
B23.0,Doença pelo vírus da imunodeficiência humana [HIV] resultando em outras doenças,Síndrome de infecção aguda pelo HIV
B23.1,Doença pelo vírus da imunodeficiência humana [HIV] resultando em outras doenças,Doença pelo HIV resultando em linfadenopatias generalizadas (persistentes)
B23.2,Doença pelo vírus da imunodeficiência humana [HIV] resultando em outras doenças,Doença pelo HIV resultando em anomalias hematológicas e imunológicas não classificadas em outra parte
B23.8,Doença pelo vírus da imunodeficiência humana [HIV] resultando em outras doenças,Doença pelo HIV resultando em outra afecções especificadas
B24,Doença pelo vírus da imunodeficiência humana [HIV] não especificada,Doença pelo vírus da imunodeficiência humana [HIV] não especificada
B25.0,Doença por citomegalovírus,Pneumonite por citomegalovírus
B25.1,Doença por citomegalovírus,Hepatite por citomegalovírus
B25.2,Doença por citomegalovírus,Pancreatite por citomegalovírus
B25.8,Doença por citomegalovírus,Outras doenças por citomegalovírus
B25.9,Doença por citomegalovírus,Doença não especificada por citomegalovírus
B26.0,Caxumba [Parotidite epidêmica],Orquite por caxumba [parotidite epidêmica]
B26.1,Caxumba [Parotidite epidêmica],Meningite por caxumba [parotidite epidêmica]
B26.2,Caxumba [Parotidite epidêmica],Encefalite por caxumba [parotidite epidêmica]
B26.3,Caxumba [Parotidite epidêmica],Pancreatite por caxumba [parotidite epidêmica]
B26.8,Caxumba [Parotidite epidêmica],Caxumba [parotidite epidêmica] com outras complicações
B26.9,Caxumba [Parotidite epidêmica],Caxumba [parotidite epidêmica] sem complicações
B27.0,Mononucleose infecciosa,Mononucleose pelo vírus herpes gama
B27.1,Mononucleose infecciosa,Mononucleose por citomegalovírus
B27.8,Mononucleose infecciosa,Outras mononucleoses infecciosas
B27.9,Mononucleose infecciosa,Mononucleose infecciosa não especificada
B30.0,Conjuntivite viral,Ceratoconjuntivite devida a adenovírus
B30.1,Conjuntivite viral,Conjuntivite devida a adenovírus
B30.2,Conjuntivite viral,Faringoconjuntivite viral
B30.3,Conjuntivite viral,Conjuntivite hemorrágica aguda endêmica (por enterovírus)
B30.8,Conjuntivite viral,Outras conjuntivites virais
B30.9,Conjuntivite viral,Conjuntivite viral não especificada
B33.0,Outras doenças por vírus não classificada em outra parte,Mialgia epidêmica
B33.1,Outras doenças por vírus não classificada em outra parte,Doença de Ross River
B33.2,Outras doenças por vírus não classificada em outra parte,Cardite viral
B33.3,Outras doenças por vírus não classificada em outra parte,Infecção por retrovírus não classificada em outra parte
B33.4,Outras doenças por vírus não classificada em outra parte,Síndrome (cardio-)pulmonar por Hantavírus [SPH] [SCPH]
B33.8,Outras doenças por vírus não classificada em outra parte,Outras doenças especificadas por vírus
B34.0,Doenças por vírus,Infecção por adenovírus de localização não especificada
B34.1,Doenças por vírus,Infecção por enterovírus de localização não especificada
B34.2,Doenças por vírus,Infecção por coronavírus de localização não especificada
B34.3,Doenças por vírus,Infecção por parvovírus de localização não especificada
B34.4,Doenças por vírus,Infecção por papovavírus de localização não especificada
B34.8,Doenças por vírus,Outras infecções por vírus de localização não especificada
B34.9,Doenças por vírus,Infecção viral não especificada
B35.0,Dermatofitose,Tinha da barba e do couro cabeludo
B35.1,Dermatofitose,Tinha das unhas
B35.2,Dermatofitose,Tinha da mão
B35.3,Dermatofitose,Tinha dos pés
B35.4,Dermatofitose,Tinha do corpo
B35.5,Dermatofitose,Tinha imbricada
B35.6,Dermatofitose,Tinea cruris
B35.8,Dermatofitose,Outras dermatofitoses
B35.9,Dermatofitose,Dermatofitose não especificada
B36.0,Outras micoses superficiais,Pitiríase versicolor
B36.1,Outras micoses superficiais,Tinha negra
B36.2,Outras micoses superficiais,Piedra branca
B36.3,Outras micoses superficiais,Piedra negra
B36.8,Outras micoses superficiais,Outras micoses superficiais especificadas
B36.9,Outras micoses superficiais,Micose superficial não especificada
B37.0,Candidíase,Estomatite por Candida
B37.1,Candidíase,Candidíase pulmonar
B37.2,Candidíase,Candidíase da pele e das unhas
B37.3,Candidíase,Candidíase da vulva e da vagina
B37.4,Candidíase,Candidíase de outras localizações urogenitais
B37.5,Candidíase,Meningite por Candida
B37.6,Candidíase,Endocardite por Candida
B37.7,Candidíase,Septicemia por Candida
B37.8,Candidíase,Candidíase de outras localizações
B37.9,Candidíase,Candidíase não especificada
B38.0,Coccidioidomicose,Coccidioidomicose pulmonar aguda
B38.1,Coccidioidomicose,Coccidioidomicose pulmonar crônica
B38.2,Coccidioidomicose,Coccidioidomicose pulmonar não especificada
B38.3,Coccidioidomicose,Coccidioidomicose cutânea
B38.4,Coccidioidomicose,Meningite por coccidioidomicose
B38.7,Coccidioidomicose,Coccidioidomicose disseminada
B38.8,Coccidioidomicose,Outras formas de coccidioidomicose
B38.9,Coccidioidomicose,Coccidioidomicose não especificada
B39.0,Histoplasmose,Histoplasmose pulmonar aguda por Histoplasma capsulatum
B39.1,Histoplasmose,Histoplasmose pulmonar crônica por Histoplasma capsulatum
B39.2,Histoplasmose,Histoplasmose pulmonar não especificada por Histoplasma capsulatum
B39.3,Histoplasmose,Histoplasmose disseminada por Histoplasma capsulatum
B39.4,Histoplasmose,Histoplasmose não especificada por Histoplasma capsulatum
B39.5,Histoplasmose,Histoplasmose por Histoplasma duboisii
B39.9,Histoplasmose,Histoplasmose não especificada
B40.0,Blastomicose,Blastomicose pulmonar aguda
B40.1,Blastomicose,Blastomicose pulmonar crônica
B40.2,Blastomicose,Blastomicose pulmonar não especificada
B40.3,Blastomicose,Blastomicose cutânea
B40.7,Blastomicose,Blastomicose disseminada
B40.8,Blastomicose,Outras formas de blastomicose
B40.9,Blastomicose,Blastomicose não especificada
B41.0,Paracoccidioidomicose,Paracoccidioidomicose pulmonar
B41.7,Paracoccidioidomicose,Paracoccidioidomicose disseminada
B41.8,Paracoccidioidomicose,Outras formas de paracoccidioidomicose
B41.9,Paracoccidioidomicose,Paracoccidioidomicose não especificada
B42.0,Esporotricose,Esporotricose pulmonar
B42.1,Esporotricose,Esporotricose linfocutânea
B42.7,Esporotricose,Esporotricose disseminada
B42.8,Esporotricose,Outras formas de esporotricose
B42.9,Esporotricose,Esporotricose não especificada
B43.0,Cromomicose e abscesso feomicótico,Cromomicose cutânea
B43.1,Cromomicose e abscesso feomicótico,Abscesso cerebral feomicótico
B43.2,Cromomicose e abscesso feomicótico,Abscesso e cisto feomicótico subcutâneos
B43.8,Cromomicose e abscesso feomicótico,Outras formas de cromomicose
B43.9,Cromomicose e abscesso feomicótico,Cromomicose não especificada
B44.0,Aspergilose,Aspergilose pulmonar invasiva
B44.1,Aspergilose,Outras aspergiloses pulmonares
B44.2,Aspergilose,Aspergilose amigdaliana
B44.7,Aspergilose,Aspergilose disseminada
B44.8,Aspergilose,Outras formas de aspergilose
B44.9,Aspergilose,Aspergilose não especificada
B45.0,Criptococose,Criptococose pulmonar
B45.1,Criptococose,Criptococose cerebral
B45.2,Criptococose,Criptococose cutânea
B45.3,Criptococose,Criptococose óssea
B45.7,Criptococose,Criptococose disseminada
B45.8,Criptococose,Outras formas de criptococose
B45.9,Criptococose,Criptococose não especificada
B46.0,Zigomicose,Mucormicose pulmonar
B46.1,Zigomicose,Mucormicose rinocerebral
B46.2,Zigomicose,Mucormicose gastrointestinal
B46.3,Zigomicose,Mucormicose cutânea
B46.4,Zigomicose,Mucormicose disseminada
B46.5,Zigomicose,Mucormicose não especificada
B46.8,Zigomicose,Outras zigomicoses
B46.9,Zigomicose,Zigomicose não especificada
B47.0,Micetoma,Eumicetoma
B47.1,Micetoma,Actinomicetoma
B47.9,Micetoma,Micetoma não especificado
B48.0,Outras micoses,Lobomicose
B48.1,Outras micoses,Rinosporidiose
B48.2,Outras micoses,Alesqueriose
B48.3,Outras micoses,Geotricose
B48.4,Outras micoses,Penicilose
B48.7,Outras micoses,Micoses oportunistas
B48.8,Outras micoses,Outras micoses especificadas
B49,Micose não especificada,Micose não especificada
B50.0,Malária por Plasmodium falciparum,Malária por Plasmodium falciparum com complicações cerebrais
B50.8,Malária por Plasmodium falciparum,Outras formas graves e complicadas de malária por Plasmodium falciparum
B50.9,Malária por Plasmodium falciparum,Malária não especificada por Plasmodium falciparum
B51.0,Malária por Plasmodium vivax,Malária por Plasmodium vivax com rotura do baço
B51.8,Malária por Plasmodium vivax,Malária por Plasmodium vivax com outras complicações
B51.9,Malária por Plasmodium vivax,Malária por Plasmodium vivax sem complicações
B52.0,Malária por Plasmodium malariae,Malária por Plasmodium malariae com nefropatia
B52.8,Malária por Plasmodium malariae,Malária por Plasmodium malariae com outras complicações
B52.9,Malária por Plasmodium malariae,Malária por Plasmodium malariae sem complicações
B53.0,Outras formas de malária confirmadas por exames parasitológicos,Malária por Plasmodium ovale
B53.1,Outras formas de malária confirmadas por exames parasitológicos,Malária por plasmódios de macacos
B53.8,Outras formas de malária confirmadas por exames parasitológicos,Outras formas de malárias com confirmação parasitológica
B54,Malária não especificada,Malária não especificada
B55.0,Leishmaniose,Leishmaniose visceral
B55.1,Leishmaniose,Leishmaniose cutânea
B55.2,Leishmaniose,Leishmaniose cutâneo-mucosa
B55.9,Leishmaniose,Leishmaniose não especificada
B56.0,Tripanossomíase africana,Tripanossomíase por Trypanosoma gambiense
B56.1,Tripanossomíase africana,Tripanossomíase por Trypanosoma rhodesiense
B56.9,Tripanossomíase africana,Tripanossomíase africana não especificada
B57.0,Doença de Chagas,Forma aguda da doença de Chagas
B57.1,Doença de Chagas,Forma aguda da doença de Chagas
B57.2,Doença de Chagas,Doença de Chagas (crônica) com comprometimento cardíaco
B57.3,Doença de Chagas,Doença de Chagas (crônica) com comprometimento do aparelho digestivo
B57.4,Doença de Chagas,Doença de Chagas (crônica) com comprometimento do sistema nervoso
B57.5,Doença de Chagas,Doença de Chagas (crônica) com comprometimento de outros órgãos
B58.0,Toxoplasmose,Oculopatia por Toxoplasma
B58.1,Toxoplasmose,Hepatite por Toxoplasma
B58.2,Toxoplasmose,Meningoencefalite por Toxoplasma
B58.3,Toxoplasmose,Toxoplasmose pulmonar
B58.8,Toxoplasmose,Toxoplasmose com comprometimento de outros órgãos
B58.9,Toxoplasmose,Toxoplasmose não especificada
B59,Pneumocistose,Pneumocistose
B60.0,Outras doenças devidas a protozoários,Babesiose
B60.1,Outras doenças devidas a protozoários,Acantamebíase
B60.2,Outras doenças devidas a protozoários,Naegleríase
B60.8,Outras doenças devidas a protozoários,Outras doenças especificadas devidas a protozoários
B64,Doença não especificada devida a protozoários,Doença não especificada devida a protozoários
B65.0,Esquistossomose [bilharziose] [Schistosomíase],Esquistossomose devida ao Schistosoma haematobium [esquistossomose urinária]
B65.1,Esquistossomose [bilharziose] [Schistosomíase],Esquistossomose devida ao Schistosoma mansoni [esquistossomose intestinal]
B65.2,Esquistossomose [bilharziose] [Schistosomíase],Esquistossomose devida ao Schistosoma japonicum
B65.3,Esquistossomose [bilharziose] [Schistosomíase],Dermatite por cercárias
B65.8,Esquistossomose [bilharziose] [Schistosomíase],Outras esquistossomoses
B65.9,Esquistossomose [bilharziose] [Schistosomíase],Esquistossomose não especificada
B66.0,Outras infestações por trematódeos,Opistorquíase
B66.1,Outras infestações por trematódeos,Clonorquíase
B66.2,Outras infestações por trematódeos,Dicrocelíase
B66.3,Outras infestações por trematódeos,Fasciolíase
B66.4,Outras infestações por trematódeos,Paragonimíase
B66.5,Outras infestações por trematódeos,Fasciolopsíase
B66.8,Outras infestações por trematódeos,Outras infestações por trematódeos especificados
B66.9,Outras infestações por trematódeos,Infecção não especificada por trematódeo
B67.0,Equinococose,Infestação hepática por Echinococcus granulosus
B67.1,Equinococose,Infestação pulmonar por Echinococcus granulosus
B67.2,Equinococose,Infestação óssea por Echinococcus granulosus
B67.3,Equinococose,Infestações por Echinmococcus granulosus
B67.4,Equinococose,Infestação não especificada por Echinococcus granulosus
B67.5,Equinococose,Infestação hepática por Echinococcus multilocularis
B67.6,Equinococose,Infecções por Echinococcus multilocularis
B67.7,Equinococose,Infestação não especificada por Echinococcus multilocularis
B67.8,Equinococose,Infestação hepática não especificada
B67.9,Equinococose,Infestações por Echinococcus
B68.0,Infestação por Taenia,Infestação por Taenia solium
B68.1,Infestação por Taenia,Infestação por Taenia saginata
B68.9,Infestação por Taenia,Infestação não especificada por Taenia
B69.0,Cisticercose,Cisticercose do sistema nervoso central
B69.1,Cisticercose,Cisticercose do olho
B69.8,Cisticercose,Cisticercose de outras localizações
B69.9,Cisticercose,Cisticercose não especificada
B70.0,Difilobotríase e esparganose,Difilobotríase
B70.1,Difilobotríase e esparganose,Esparganose
B71.0,Outras infestações por cestóides,Infestação por Hymenolepis
B71.1,Outras infestações por cestóides,Infestação por Dipylidium
B71.8,Outras infestações por cestóides,Outras infestações especificadas por cestóides
B71.9,Outras infestações por cestóides,Infestação não especificada por cestóides
B72,Dracontíase,Dracontíase
B73,Oncocercose,Oncocercose
B74.0,Filariose,Filariose por Wuchereria bancrofti
B74.1,Filariose,Filariose por Brugia malayi
B74.2,Filariose,Filariose por Brugia timori
B74.3,Filariose,Loaíase
B74.4,Filariose,Mansonelose
B74.8,Filariose,Outras filarioses
B74.9,Filariose,Filariose não especificada
B75,Triquinose,Triquinose
B76.0,Ancilostomíase,Ancilostomose
B76.1,Ancilostomíase,Necatoríase
B76.8,Ancilostomíase,Outras ancilostomíases
B76.9,Ancilostomíase,Ancilostomíase não especificada
B77.0,Ascaridíase,Ascaridíase com complicações intestinais
B77.8,Ascaridíase,Ascaridíase com outras complicações
B77.9,Ascaridíase,Ascaridíase não especificada
B78.0,Estrongiloidíase,Estrongiloidíase intestinal
B78.1,Estrongiloidíase,Estrongiloidíase cutânea
B78.7,Estrongiloidíase,Estrongiloidíase disseminada
B78.9,Estrongiloidíase,Estrongiloidíase não especificada
B79,Tricuríase,Tricuríase
B80,Oxiuríase,Oxiuríase
B81.0,Outras helmintíases intestinais,Anisaquíase
B81.1,Outras helmintíases intestinais,Capilaríase intestinal
B81.2,Outras helmintíases intestinais,Tricostrongilose
B81.3,Outras helmintíases intestinais,Angiostrongilíase intestinal
B81.4,Outras helmintíases intestinais,Helmintíases intestinais mistas
B81.8,Outras helmintíases intestinais,Outras helmintíases intestinais especificadas
B82.0,Parasitose intestinal não especificada,Helmintíase intestinal não especificada
B82.9,Parasitose intestinal não especificada,Parasitose intestinal não especificada
B83.0,Outras helmintíases,Larva migrans visceral
B83.1,Outras helmintíases,Gnatostomíase
B83.2,Outras helmintíases,Angrostrongilíase devida a Parastrongylus cantonensis
B83.3,Outras helmintíases,Singamose
B83.4,Outras helmintíases,Hirudiníase interna
B83.8,Outras helmintíases,Outras helmintíases especificadas
B83.9,Outras helmintíases,Helmintíase não especificada
B85.0,Pediculose e ftiríase,Pediculose devida a Pediculus humanus capitis
B85.1,Pediculose e ftiríase,Pediculose devida a Pediculus humanus corporis
B85.2,Pediculose e ftiríase,Pediculose não especificada
B85.3,Pediculose e ftiríase,Ftiríase
B85.4,Pediculose e ftiríase,Pediculose e ftiríase mista
B86,Escabiose [sarna],Escabiose [sarna]
B87.0,Miíase,Miíase cutânea
B87.1,Miíase,Miíase das feridas
B87.2,Miíase,Miíase ocular
B87.3,Miíase,Miíase nasofaríngea
B87.4,Miíase,Miíase auricular
B87.8,Miíase,Miíase de outras localizações
B87.9,Miíase,Miíase não especificada
B88.0,Outras infestações,Outras acaríases
B88.1,Outras infestações,Tungíase [infestação pela pulga da areia]
B88.2,Outras infestações,Outras infestações por artrópodos
B88.3,Outras infestações,Hirudiníase externa
B88.8,Outras infestações,Outras infestações especificadas
B88.9,Outras infestações,Infestação não especificada
B89,Doença parasitária não especificada,Doença parasitária não especificada
B90.0,Seqüelas de tuberculose,Seqüelas de tuberculose do sistema nervoso central
B90.1,Seqüelas de tuberculose,Seqüelas de tuberculose geniturinária
B90.2,Seqüelas de tuberculose,Seqüelas de tuberculose óssea e das articulações
B90.8,Seqüelas de tuberculose,Seqüelas de tuberculose de outros órgãos
B90.9,Seqüelas de tuberculose,Seqüelas de tuberculose das vias respiratórias e de órgãos não especificados
B91,Seqüelas de poliomielite,Seqüelas de poliomielite
B92,Seqüelas de hanseníase [lepra],Seqüelas de hanseníase [lepra]
B94.0,Seqüelas de outras doenças infecciosas e parasitárias e das não especificadas,Seqüelas de tracoma
B94.1,Seqüelas de outras doenças infecciosas e parasitárias e das não especificadas,Seqüelas de encefalite viral
B94.2,Seqüelas de outras doenças infecciosas e parasitárias e das não especificadas,Seqüelas de hepatite viral
B94.8,Seqüelas de outras doenças infecciosas e parasitárias e das não especificadas,Seqüelas de outras doenças infecciosas e parasitárias especificadas
B94.9,Seqüelas de outras doenças infecciosas e parasitárias e das não especificadas,Seqüelas de doença infecciosa ou parasitária não especificada
B95.0,Estreptococos e estafilococos como causa de doenças classificadas em outros capítulos,Estreptococo do grupo A
B95.1,Estreptococos e estafilococos como causa de doenças classificadas em outros capítulos,Estreptococo do grupo B
B95.2,Estreptococos e estafilococos como causa de doenças classificadas em outros capítulos,Estreptococo do grupo D
B95.3,Estreptococos e estafilococos como causa de doenças classificadas em outros capítulos,Streptococcus pneumoniae
B95.4,Estreptococos e estafilococos como causa de doenças classificadas em outros capítulos,Outros estreptococos
B95.5,Estreptococos e estafilococos como causa de doenças classificadas em outros capítulos,Estreptococo não especificado
B95.6,Estreptococos e estafilococos como causa de doenças classificadas em outros capítulos,Staphylococcus aureus
B95.7,Estreptococos e estafilococos como causa de doenças classificadas em outros capítulos,Outros estafilococos como causa de doenças classificadas em outros capítulos
B95.8,Estreptococos e estafilococos como causa de doenças classificadas em outros capítulos,Estafilococo não especificado
B96.0,Outros agentes bacterianos,Mycoplasma pneumoniae [M. pneumoniae]
B96.1,Outros agentes bacterianos,Klebsiella pneumoniae [M. pneumoniae]
B96.2,Outros agentes bacterianos,Escherichia coli [E. Coli]
B96.3,Outros agentes bacterianos,Haemophilus influenzae [H. influenzae]
B96.4,Outros agentes bacterianos,Proteus (mirabilis) (morganii)
B96.5,Outros agentes bacterianos,Pseudomonas (aeruginosa) (mallei) (pseudomallei)
B96.6,Outros agentes bacterianos,Bacillus fragilis [B. fragilis]
B96.7,Outros agentes bacterianos,Clostridium perfringens [C. perfringens]
B96.8,Outros agentes bacterianos,Outros agentes bacterianos especificados
B97.0,Vírus como causa de doenças classificadas em outros capítulos,Adenovírus
B97.1,Vírus como causa de doenças classificadas em outros capítulos,Enterovírus
B97.2,Vírus como causa de doenças classificadas em outros capítulos,Coronavírus
B97.3,Vírus como causa de doenças classificadas em outros capítulos,Retrovírus
B97.4,Vírus como causa de doenças classificadas em outros capítulos,Vírus sincicial respiratório
B97.5,Vírus como causa de doenças classificadas em outros capítulos,Reovírus
B97.6,Vírus como causa de doenças classificadas em outros capítulos,Parvovírus
B97.7,Vírus como causa de doenças classificadas em outros capítulos,Papilomavírus
B97.8,Vírus como causa de doenças classificadas em outros capítulos,Outros agentes virais
B99,Doenças infecciosas,Doenças infecciosas
C00.0,Neoplasia maligna do lábio,Neoplasia maligna do lábio superior externo
C00.1,Neoplasia maligna do lábio,Neoplasia maligna do lábio inferior externo
C00.2,Neoplasia maligna do lábio,Neoplasia maligna do lábio externo
C00.3,Neoplasia maligna do lábio,Neoplasia maligna do lábio superior
C00.4,Neoplasia maligna do lábio,Neoplasia maligna do lábio inferior
C00.5,Neoplasia maligna do lábio,Neoplasia maligna do lábio
C00.6,Neoplasia maligna do lábio,Neoplasia maligna da comissura labial
C00.8,Neoplasia maligna do lábio,Neoplasia maligna do lábio com lesão invasiva
C00.9,Neoplasia maligna do lábio,Neoplasia maligna do lábio
C01,Neoplasia maligna da base da língua,Neoplasia maligna da base da língua
C02.0,Neoplasia maligna de outras partes e de partes não especificadas da língua,Neoplasia maligna da face dorsal da língua
C02.1,Neoplasia maligna de outras partes e de partes não especificadas da língua,Neoplasia maligna da borda da língua
C02.2,Neoplasia maligna de outras partes e de partes não especificadas da língua,Neoplasia maligna da face ventral da língua
C02.3,Neoplasia maligna de outras partes e de partes não especificadas da língua,Neoplasia maligna de dois terços anteriores da língua
C02.4,Neoplasia maligna de outras partes e de partes não especificadas da língua,Neoplasia maligna da amígdala lingual
C02.8,Neoplasia maligna de outras partes e de partes não especificadas da língua,Neoplasia maligna da língua com lesão invasiva
C02.9,Neoplasia maligna de outras partes e de partes não especificadas da língua,Neoplasia maligna da língua
C03.0,Neoplasia maligna da gengiva,Neoplasia maligna da gengiva superior
C03.1,Neoplasia maligna da gengiva,Neoplasia maligna da gengiva inferior
C03.9,Neoplasia maligna da gengiva,Neoplasia maligna da gengiva
C04.0,Neoplasia maligna do assoalho da boca,Neoplasia maligna do assoalho anterior da boca
C04.1,Neoplasia maligna do assoalho da boca,Neoplasia maligna do assoalho lateral da boca
C04.8,Neoplasia maligna do assoalho da boca,Neoplasia maligna do assoalho da boca com lesão invasiva
C04.9,Neoplasia maligna do assoalho da boca,Neoplasia maligna do assoalho da boca
C05.0,Neoplasia maligna do palato,Neoplasia maligna do palato duro
C05.1,Neoplasia maligna do palato,Neoplasia maligna do palato mole
C05.2,Neoplasia maligna do palato,Neoplasia maligna da úvula
C05.8,Neoplasia maligna do palato,Neoplasia maligna do palato com lesão invasiva
C05.9,Neoplasia maligna do palato,Neoplasia maligna do palato
C06.0,Neoplasia maligna de outras partes e de partes não especificadas da boca,Neoplasia maligna da mucosa oral
C06.1,Neoplasia maligna de outras partes e de partes não especificadas da boca,Neoplasia maligna do vestíbulo da boca
C06.2,Neoplasia maligna de outras partes e de partes não especificadas da boca,Neoplasia maligna da área retromolar
C06.8,Neoplasia maligna de outras partes e de partes não especificadas da boca,Neoplasia maligna de outras partes e de partes não especificadas da boca com lesão invasiva
C06.9,Neoplasia maligna de outras partes e de partes não especificadas da boca,Neoplasia maligna da boca
C07,Neoplasia maligna da glândula parótida,Neoplasia maligna da glândula parótida
C08.0,Neoplasia maligna de outras glândulas salivares maiores e as não especificadas,Neoplasia maligna da glândula submandibular
C08.1,Neoplasia maligna de outras glândulas salivares maiores e as não especificadas,Neoplasia maligna da glândula sublingual
C08.8,Neoplasia maligna de outras glândulas salivares maiores e as não especificadas,Neoplasia maligna das glândulas salivares maiores com lesão invasiva
C08.9,Neoplasia maligna de outras glândulas salivares maiores e as não especificadas,Neoplasia maligna da glândula salivar maior
C09.0,Neoplasia maligna da amígdala,Neoplasia maligna da fossa amigdaliana
C09.1,Neoplasia maligna da amígdala,Neoplasia maligna do pilar amigdaliano (anterior) (posterior)
C09.8,Neoplasia maligna da amígdala,Neoplasia maligna da amígdala com lesão invasiva
C09.9,Neoplasia maligna da amígdala,Neoplasia maligna da amígdala
C10.0,Neoplasia maligna da orofaringe,Neoplasia maligna da valécula
C10.1,Neoplasia maligna da orofaringe,Neoplasia maligna da face anterior da epiglote
C10.2,Neoplasia maligna da orofaringe,Neoplasia maligna da parede lateral da orofaringe
C10.3,Neoplasia maligna da orofaringe,Neoplasia maligna da parede posterior da orofaringe
C10.4,Neoplasia maligna da orofaringe,Neoplasia maligna da fenda branquial
C10.8,Neoplasia maligna da orofaringe,Neoplasia maligna da orofaringe com lesão invasiva
C10.9,Neoplasia maligna da orofaringe,Neoplasia maligna da orofaringe
C11.0,Neoplasia maligna da nasofaringe,Neoplasia maligna da parede superior da nasofaringe
C11.1,Neoplasia maligna da nasofaringe,Neoplasia maligna da parede posterior da nasofaringe
C11.2,Neoplasia maligna da nasofaringe,Neoplasia maligna da parede lateral da nasofaringe
C11.3,Neoplasia maligna da nasofaringe,Neoplasia maligna da parede anterior da nasofaringe
C11.8,Neoplasia maligna da nasofaringe,Neoplasia maligna da nasofaringe com lesão invasiva
C11.9,Neoplasia maligna da nasofaringe,Neoplasia maligna da nasofaringe
C12,Neoplasia maligna do seio piriforme,Neoplasia maligna do seio piriforme
C13.0,Neoplasia maligna da hipofaringe,Neoplasia maligna da região pós-cricóidea
C13.1,Neoplasia maligna da hipofaringe,Neoplasia maligna da prega ariepiglótica
C13.2,Neoplasia maligna da hipofaringe,Neoplasia maligna da parede posterior da hipofaringe
C13.8,Neoplasia maligna da hipofaringe,Neoplasia maligna da hipofaringe com lesão invasiva
C13.9,Neoplasia maligna da hipofaringe,Neoplasia maligna da hipofaringe
C14.0,Neoplasia maligna de outras localizações e de localizações mal definida,Neoplasia maligna da faringe
C14.2,Neoplasia maligna de outras localizações e de localizações mal definida,Neoplasia maligna do anel de Waldeyer
C14.8,Neoplasia maligna de outras localizações e de localizações mal definida,Neoplasia maligna do lábio
C15.0,Neoplasia maligna do esôfago,Neoplasia maligna da porção cervical do esôfago (esôfago cervical)
C15.1,Neoplasia maligna do esôfago,Neoplasia maligna da porção torácica do esôfago (esôfago torácico)
C15.2,Neoplasia maligna do esôfago,Neoplasia maligna da porção abdominal do esôfago (esôfago abdominal)
C15.3,Neoplasia maligna do esôfago,Neoplasia maligna do terço superior do esôfago
C15.4,Neoplasia maligna do esôfago,Neoplasia maligna do terço médio do esôfago
C15.5,Neoplasia maligna do esôfago,Neoplasia maligna do terço inferior do esôfago
C15.8,Neoplasia maligna do esôfago,Neoplasia maligna do esôfago com lesão invasiva
C15.9,Neoplasia maligna do esôfago,Neoplasia maligna do esôfago
C16.0,Neoplasia maligna do estômago,Neoplasia maligna da cárdia
C16.1,Neoplasia maligna do estômago,Neoplasia maligna do fundo do estômago
C16.2,Neoplasia maligna do estômago,Neoplasia maligna do corpo do estômago
C16.3,Neoplasia maligna do estômago,Neoplasia maligna do antro pilórico
C16.4,Neoplasia maligna do estômago,Neoplasia maligna do piloro
C16.5,Neoplasia maligna do estômago,Neoplasia maligna da pequena curvatura do estômago
C16.6,Neoplasia maligna do estômago,Neoplasia maligna da grande curvatura do estômago
C16.8,Neoplasia maligna do estômago,Neoplasia maligna do estômago com lesão invasiva
C16.9,Neoplasia maligna do estômago,Neoplasia maligna do estômago
C17.0,Neoplasia maligna do intestino delgado,Neoplasia maligna do duodeno
C17.1,Neoplasia maligna do intestino delgado,Neoplasia maligna do jejuno
C17.2,Neoplasia maligna do intestino delgado,Neoplasia maligna do íleo
C17.3,Neoplasia maligna do intestino delgado,Neoplasia maligna do divertículo de Meckel
C17.8,Neoplasia maligna do intestino delgado,Neoplasia maligna do intestino delgado com lesão invasiva
C17.9,Neoplasia maligna do intestino delgado,Neoplasia maligna do intestino delgado
C18.0,Neoplasia maligna do cólon,Neoplasia maligna do ceco
C18.1,Neoplasia maligna do cólon,Neoplasia maligna do apêndice (vermiforme)
C18.2,Neoplasia maligna do cólon,Neoplasia maligna do cólon ascendente
C18.3,Neoplasia maligna do cólon,Neoplasia maligna da flexura (ângulo) hepática(o)
C18.4,Neoplasia maligna do cólon,Neoplasia maligna do cólon transverso
C18.5,Neoplasia maligna do cólon,Neoplasia maligna da flexura (ângulo) esplênica(o)
C18.6,Neoplasia maligna do cólon,Neoplasia maligna do cólon descendente
C18.7,Neoplasia maligna do cólon,Neoplasia maligna do cólon sigmóide
C18.8,Neoplasia maligna do cólon,Neoplasia maligna do cólon com lesão invasiva
C18.9,Neoplasia maligna do cólon,Neoplasia maligna do cólon
C19,Neoplasia maligna da junção retossigmóide,Neoplasia maligna da junção retossigmóide
C20,Neoplasia maligna do reto,Neoplasia maligna do reto
C21.0,Neoplasia maligna do ânus e do canal anal,Neoplasia maligna do ânus
C21.1,Neoplasia maligna do ânus e do canal anal,Neoplasia maligna do canal anal
C21.2,Neoplasia maligna do ânus e do canal anal,Neoplasia maligna da zona cloacogênica
C21.8,Neoplasia maligna do ânus e do canal anal,Neoplasia maligna do reto
C22.0,Neoplasia maligna do fígado e das vias biliares intra-hepáticas,Carcinoma de células hepáticas
C22.1,Neoplasia maligna do fígado e das vias biliares intra-hepáticas,Carcinoma de vias biliares intra-hepáticas
C22.2,Neoplasia maligna do fígado e das vias biliares intra-hepáticas,Hepatoblastoma
C22.3,Neoplasia maligna do fígado e das vias biliares intra-hepáticas,Angiossarcoma do fígado
C22.4,Neoplasia maligna do fígado e das vias biliares intra-hepáticas,Outros sarcomas do fígado
C22.7,Neoplasia maligna do fígado e das vias biliares intra-hepáticas,Outros carcinomas especificados do fígado
C22.9,Neoplasia maligna do fígado e das vias biliares intra-hepáticas,Neoplasia maligna do fígado
C23,Neoplasia maligna da vesícula biliar,Neoplasia maligna da vesícula biliar
C24.0,Neoplasia maligna de outras partes,Neoplasia maligna das vias biliares extra-hepáticas
C24.1,Neoplasia maligna de outras partes,Neoplasia maligna da ampola de Vater
C24.8,Neoplasia maligna de outras partes,Neoplasia maligna das vias biliares com lesão invasiva
C24.9,Neoplasia maligna de outras partes,Neoplasia maligna da via biliar
C25.0,Neoplasia maligna do pâncreas,Neoplasia maligna da cabeça do pâncreas
C25.1,Neoplasia maligna do pâncreas,Neoplasia maligna do corpo do pâncreas
C25.2,Neoplasia maligna do pâncreas,Neoplasia maligna da cauda do pâncreas
C25.3,Neoplasia maligna do pâncreas,Neoplasia maligna do canal pancreático
C25.4,Neoplasia maligna do pâncreas,Neoplasia maligna do pâncreas endócrino
C25.7,Neoplasia maligna do pâncreas,Neoplasia maligna de outras partes do pâncreas
C25.8,Neoplasia maligna do pâncreas,Neoplasia maligna do pâncreas com lesão invasiva
C25.9,Neoplasia maligna do pâncreas,Neoplasia maligna do pâncreas
C26.0,Neoplasia maligna de outros órgãos digestivos e de localizações mal definidas no aparelho digestivo,Neoplasia maligna do trato intestinal
C26.1,Neoplasia maligna de outros órgãos digestivos e de localizações mal definidas no aparelho digestivo,Neoplasia maligna do baço
C26.8,Neoplasia maligna de outros órgãos digestivos e de localizações mal definidas no aparelho digestivo,Neoplasia maligna do aparelho digestivo com lesão invasiva
C26.9,Neoplasia maligna de outros órgãos digestivos e de localizações mal definidas no aparelho digestivo,Neoplasia maligna de localizações mal definidas dentro do aparelho digestivo
C30.0,Neoplasia maligna da cavidade nasal e do ouvido médio,Neoplasia maligna da cavidade nasal
C30.1,Neoplasia maligna da cavidade nasal e do ouvido médio,Neoplasia maligna do ouvido médio
C31.0,Neoplasia maligna dos seios da face,Neoplasia maligna do seio maxilar
C31.1,Neoplasia maligna dos seios da face,Neoplasia maligna do seio etmoidal
C31.2,Neoplasia maligna dos seios da face,Neoplasia maligna do seio frontal
C31.3,Neoplasia maligna dos seios da face,Neoplasia maligna do seio esfenoidal
C31.8,Neoplasia maligna dos seios da face,Neoplasia maligna dos seios da face com lesão invasiva
C31.9,Neoplasia maligna dos seios da face,Neoplasia maligna do seio da face
C32.0,Neoplasia maligna da laringe,Neoplasia maligna da glote
C32.1,Neoplasia maligna da laringe,Neoplasia maligna da região supraglótica
C32.2,Neoplasia maligna da laringe,Neoplasia maligna da região subglótica
C32.3,Neoplasia maligna da laringe,Neoplasia maligna das cartilagens da laringe
C32.8,Neoplasia maligna da laringe,Neoplasia maligna da laringe com lesão invasiva
C32.9,Neoplasia maligna da laringe,Neoplasia maligna da laringe
C33,Neoplasia maligna da traquéia,Neoplasia maligna da traquéia
C34.0,Neoplasia maligna dos brônquios e dos pulmões,Neoplasia maligna do brônquio principal
C34.1,Neoplasia maligna dos brônquios e dos pulmões,Neoplasia maligna do lobo superior
C34.2,Neoplasia maligna dos brônquios e dos pulmões,Neoplasia maligna do lobo médio
C34.3,Neoplasia maligna dos brônquios e dos pulmões,Neoplasia maligna do lobo inferior
C34.8,Neoplasia maligna dos brônquios e dos pulmões,Neoplasia maligna dos brônquios e dos pulmões com lesão invasiva
C34.9,Neoplasia maligna dos brônquios e dos pulmões,Neoplasia maligna dos brônquios ou pulmões
C37,Neoplasia maligna do timo,Neoplasia maligna do timo
C38.0,Neoplasia maligna do coração,Neoplasia maligna do coração
C38.1,Neoplasia maligna do coração,Neoplasia maligna do mediastino anterior
C38.2,Neoplasia maligna do coração,Neoplasia maligna do mediastino posterior
C38.3,Neoplasia maligna do coração,Neoplasia maligna do mediastino
C38.4,Neoplasia maligna do coração,Neoplasia maligna da pleura
C38.8,Neoplasia maligna do coração,Neoplasia maligna do coração
C39.0,Neoplasia maligna de outras localizações e de localizações mal definidas do aparelho respiratório e dos órgãos intratorácicos,Neoplasia maligna do trato respiratório superior
C39.8,Neoplasia maligna de outras localizações e de localizações mal definidas do aparelho respiratório e dos órgãos intratorácicos,Neoplasia maligna do aparelho respiratório e dos órgãos intratorácicos com lesão invasiva
C39.9,Neoplasia maligna de outras localizações e de localizações mal definidas do aparelho respiratório e dos órgãos intratorácicos,Neoplasia maligna de localizações mal definidas do aparelho respiratório
C40.0,Neoplasia maligna dos ossos e cartilagens articulares dos membros,Neoplasia maligna da omoplata [escápula] e ossos longos dos membros superiores
C40.1,Neoplasia maligna dos ossos e cartilagens articulares dos membros,Neoplasia maligna dos ossos curtos dos membros superiores
C40.2,Neoplasia maligna dos ossos e cartilagens articulares dos membros,Neoplasia maligna dos ossos longos dos membros inferiores
C40.3,Neoplasia maligna dos ossos e cartilagens articulares dos membros,Neoplasia maligna dos ossos curtos dos membros inferiores
C40.8,Neoplasia maligna dos ossos e cartilagens articulares dos membros,Neoplasia maligna dos ossos e cartilagens articulares dos membros com lesão invasiva
C40.9,Neoplasia maligna dos ossos e cartilagens articulares dos membros,Neoplasia maligna dos ossos e cartilagens articulares de membro não especificado
C41.0,Neoplasia maligna dos ossos e das cartilagens articulares de outras localizações e de localizações não especificadas,Neoplasia maligna dos ossos do crânio e da face
C41.1,Neoplasia maligna dos ossos e das cartilagens articulares de outras localizações e de localizações não especificadas,Neoplasia maligna da mandíbula
C41.2,Neoplasia maligna dos ossos e das cartilagens articulares de outras localizações e de localizações não especificadas,Neoplasia maligna da coluna vertebral
C41.3,Neoplasia maligna dos ossos e das cartilagens articulares de outras localizações e de localizações não especificadas,Neoplasia maligna das costelas
C41.4,Neoplasia maligna dos ossos e das cartilagens articulares de outras localizações e de localizações não especificadas,Neoplasia maligna dos ossos da pelve
C41.8,Neoplasia maligna dos ossos e das cartilagens articulares de outras localizações e de localizações não especificadas,Neoplasia maligna dos ossos e das cartilagens articulares com lesão invasiva
C41.9,Neoplasia maligna dos ossos e das cartilagens articulares de outras localizações e de localizações não especificadas,Neoplasia maligna dos ossos e cartilagens articulares
C43.0,Melanoma maligno da pele,Melanoma maligno do lábio
C43.1,Melanoma maligno da pele,Melanoma maligno da pálpebra
C43.2,Melanoma maligno da pele,Melanoma maligno da orelha e do conduto auditivo externo
C43.3,Melanoma maligno da pele,Melanoma maligno de outras partes e partes não especificadas da face
C43.4,Melanoma maligno da pele,Melanoma maligno do couro cabeludo e do pescoço
C43.5,Melanoma maligno da pele,Melanoma maligno do tronco
C43.6,Melanoma maligno da pele,Melanoma maligno do membro superior
C43.7,Melanoma maligno da pele,Melanoma maligno do membro inferior
C43.8,Melanoma maligno da pele,Melanoma maligno invasivo da pele
C43.9,Melanoma maligno da pele,Melanoma maligno de pele
C44.0,Outras neoplasias malignas da pele,Neoplasia maligna da pele do lábio
C44.1,Outras neoplasias malignas da pele,Neoplasia maligna da pele da pálpebra
C44.2,Outras neoplasias malignas da pele,Neoplasia maligna da pele da orelha e do conduto auditivo externo
C44.3,Outras neoplasias malignas da pele,Neoplasia maligna da pele de outras partes e de partes não especificadas da face
C44.4,Outras neoplasias malignas da pele,Neoplasia maligna da pele do couro cabeludo e do pescoço
C44.5,Outras neoplasias malignas da pele,Neoplasia maligna da pele do tronco
C44.6,Outras neoplasias malignas da pele,Neoplasia maligna da pele do membro superior
C44.7,Outras neoplasias malignas da pele,Neoplasia maligna da pele do membro inferior
C44.8,Outras neoplasias malignas da pele,Neoplasia maligna da pele com lesão invasiva
C44.9,Outras neoplasias malignas da pele,Neoplasia maligna da pele
C45.0,Mesotelioma,Mesotelioma da pleura
C45.1,Mesotelioma,Mesotelioma do peritônio
C45.2,Mesotelioma,Mesotelioma do pericárdio
C45.7,Mesotelioma,Mesotelioma de outras localizações
C45.9,Mesotelioma,Mesotelioma
C46.0,Sarcoma de Kaposi,Sarcoma de Kaposi da pele
C46.1,Sarcoma de Kaposi,Sarcoma de Kaposi de tecidos moles
C46.2,Sarcoma de Kaposi,Sarcoma de Kaposi do palato
C46.3,Sarcoma de Kaposi,Sarcoma de Kaposi dos gânglios linfáticos
C46.7,Sarcoma de Kaposi,Sarcoma de Kaposi de outras localizações
C46.8,Sarcoma de Kaposi,Sarcoma de Kaposi de múltiplos órgãos
C46.9,Sarcoma de Kaposi,Sarcoma de Kaposi
C47.0,Neoplasia maligna dos nervos periféricos e do sistema nervoso autônomo,Neoplasia maligna dos nervos periféricos da cabeça
C47.1,Neoplasia maligna dos nervos periféricos e do sistema nervoso autônomo,Neoplasia maligna dos nervos periféricos dos membros superiores
C47.2,Neoplasia maligna dos nervos periféricos e do sistema nervoso autônomo,Neoplasia maligna dos nervos periféricos dos membros inferiores
C47.3,Neoplasia maligna dos nervos periféricos e do sistema nervoso autônomo,Neoplasia maligna dos nervos periféricos do tórax
C47.4,Neoplasia maligna dos nervos periféricos e do sistema nervoso autônomo,Neoplasia maligna dos nervos periféricos do abdome
C47.5,Neoplasia maligna dos nervos periféricos e do sistema nervoso autônomo,Neoplasia maligna dos nervos periféricos da pelve
C47.6,Neoplasia maligna dos nervos periféricos e do sistema nervoso autônomo,Neoplasia maligna dos nervos periféricos do tronco
C47.8,Neoplasia maligna dos nervos periféricos e do sistema nervoso autônomo,Neoplasia maligna dos nervos periféricos e do sistema nervoso autônomo com lesão invasiva
C47.9,Neoplasia maligna dos nervos periféricos e do sistema nervoso autônomo,Neoplasia maligna dos nervos periféricos e sistema nervoso autônomo
C48.0,Neoplasia maligna dos tecidos moles do retroperitônio e do peritônio,Neoplasia maligna do retroperitônio
C48.1,Neoplasia maligna dos tecidos moles do retroperitônio e do peritônio,Neoplasia maligna de partes especificadas do peritônio
C48.2,Neoplasia maligna dos tecidos moles do retroperitônio e do peritônio,Neoplasia maligna do peritônio
C48.8,Neoplasia maligna dos tecidos moles do retroperitônio e do peritônio,Neoplasia maligna dos tecidos moles do retroperitônio e do peritônio com lesão invasiva
C49.0,Neoplasia maligna do tecido conjuntivo e de outros tecidos moles,Neoplasia maligna do tecido conjuntivo e tecidos moles da cabeça
C49.1,Neoplasia maligna do tecido conjuntivo e de outros tecidos moles,Neoplasia maligna do tecido conjuntivo e tecidos moles dos membros superiores
C49.2,Neoplasia maligna do tecido conjuntivo e de outros tecidos moles,Neoplasia maligna do tecido conjuntivo e tecidos moles dos membros inferiores
C49.3,Neoplasia maligna do tecido conjuntivo e de outros tecidos moles,Neoplasia maligna do tecido conjuntivo e tecidos moles do tórax
C49.4,Neoplasia maligna do tecido conjuntivo e de outros tecidos moles,Neoplasia maligna do tecido conjuntivo e tecidos moles do abdome
C49.5,Neoplasia maligna do tecido conjuntivo e de outros tecidos moles,Neoplasia maligna do tecido conjuntivo e tecidos moles da pelve
C49.6,Neoplasia maligna do tecido conjuntivo e de outros tecidos moles,Neoplasia maligna do tecido conjuntivo e tecidos moles do tronco
C49.8,Neoplasia maligna do tecido conjuntivo e de outros tecidos moles,Neoplasia maligna do tecido conjuntivo e dos tecidos moles com lesão invasiva
C49.9,Neoplasia maligna do tecido conjuntivo e de outros tecidos moles,Neoplasia maligna do tecido conjuntivo e tecidos moles
C50.0,Neoplasia maligna da mama,Neoplasia maligna do mamilo e aréola
C50.1,Neoplasia maligna da mama,Neoplasia maligna da porção central da mama
C50.2,Neoplasia maligna da mama,Neoplasia maligna do quadrante superior interno da mama
C50.3,Neoplasia maligna da mama,Neoplasia maligna do quadrante inferior interno da mama
C50.4,Neoplasia maligna da mama,Neoplasia maligna do quadrante superior externo da mama
C50.5,Neoplasia maligna da mama,Neoplasia maligna do quadrante inferior externo da mama
C50.6,Neoplasia maligna da mama,Neoplasia maligna da porção axilar da mama
C50.8,Neoplasia maligna da mama,Neoplasia maligna da mama com lesão invasiva
C50.9,Neoplasia maligna da mama,Neoplasia maligna da mama
C51.0,Neoplasia maligna da vulva,Neoplasia maligna dos grandes lábios
C51.1,Neoplasia maligna da vulva,Neoplasia maligna dos pequenos lábios
C51.2,Neoplasia maligna da vulva,Neoplasia maligna do clitóris
C51.8,Neoplasia maligna da vulva,Neoplasia maligna da vulva com lesão invasiva
C51.9,Neoplasia maligna da vulva,Neoplasia maligna da vulva
C52,Neoplasia maligna da vagina,Neoplasia maligna da vagina
C53.0,Neoplasia maligna do colo do útero,Neoplasia maligna do endocérvix
C53.1,Neoplasia maligna do colo do útero,Neoplasia maligna do exocérvix
C53.8,Neoplasia maligna do colo do útero,Neoplasia maligna do colo do útero com lesão invasiva
C53.9,Neoplasia maligna do colo do útero,Neoplasia maligna do colo do útero
C54.0,Neoplasia maligna do corpo do útero,Neoplasia maligna do istmo do útero
C54.1,Neoplasia maligna do corpo do útero,Neoplasia maligna do endométrio
C54.2,Neoplasia maligna do corpo do útero,Neoplasia maligna do miométrio
C54.3,Neoplasia maligna do corpo do útero,Neoplasia maligna do fundo do útero
C54.8,Neoplasia maligna do corpo do útero,Neoplasia maligna do corpo do útero com lesão invasiva
C54.9,Neoplasia maligna do corpo do útero,Neoplasia maligna do corpo do útero
C55,Neoplasia maligna do útero,Neoplasia maligna do útero
C56,Neoplasia maligna do ovário,Neoplasia maligna do ovário
C57.0,Neoplasia maligna de outros órgãos genitais femininos e dos não especificados,Neoplasia maligna da trompa de Falópio
C57.1,Neoplasia maligna de outros órgãos genitais femininos e dos não especificados,Neoplasia maligna do ligamento largo
C57.2,Neoplasia maligna de outros órgãos genitais femininos e dos não especificados,Neoplasia maligna do ligamento redondo
C57.3,Neoplasia maligna de outros órgãos genitais femininos e dos não especificados,Neoplasia maligna do paramétrio
C57.4,Neoplasia maligna de outros órgãos genitais femininos e dos não especificados,Neoplasia maligna dos anexos uterinos
C57.7,Neoplasia maligna de outros órgãos genitais femininos e dos não especificados,Neoplasia maligna de outras partes especificadas dos órgãos genitais femininos
C57.8,Neoplasia maligna de outros órgãos genitais femininos e dos não especificados,Neoplasia maligna dos órgãos genitais femininos com lesão invasiva
C57.9,Neoplasia maligna de outros órgãos genitais femininos e dos não especificados,Neoplasia maligna de órgão genital feminino
C58,Neoplasia maligna da placenta,Neoplasia maligna da placenta
C60.0,Neoplasia maligna do pênis,Neoplasia maligna do prepúcio
C60.1,Neoplasia maligna do pênis,Neoplasia maligna da glande
C60.2,Neoplasia maligna do pênis,Neoplasia maligna do corpo do pênis
C60.8,Neoplasia maligna do pênis,Neoplasia maligna do pênis com lesão invasiva
C60.9,Neoplasia maligna do pênis,Neoplasia maligna do pênis
C61,Neoplasia maligna da próstata,Neoplasia maligna da próstata
C62.0,Neoplasia maligna dos testículos,Neoplasia maligna do testículo criptorquídico
C62.1,Neoplasia maligna dos testículos,Neoplasia maligna do testículo tópico
C62.9,Neoplasia maligna dos testículos,Neoplasia maligna do testículo
C63.0,Neoplasia maligna de outros órgãos genitais masculinos e dos não especificados,Neoplasia maligna do epidídimo
C63.1,Neoplasia maligna de outros órgãos genitais masculinos e dos não especificados,Neoplasia maligna do cordão espermático
C63.2,Neoplasia maligna de outros órgãos genitais masculinos e dos não especificados,Neoplasia maligna do escroto
C63.7,Neoplasia maligna de outros órgãos genitais masculinos e dos não especificados,Neoplasia maligna de outros órgãos genitais masculinos especificados
C63.8,Neoplasia maligna de outros órgãos genitais masculinos e dos não especificados,Neoplasia maligna dos órgãos genitais masculinos com lesão invasiva
C63.9,Neoplasia maligna de outros órgãos genitais masculinos e dos não especificados,Neoplasia maligna de órgão genital masculino
C64,Neoplasia maligna do rim,Neoplasia maligna do rim
C65,Neoplasia maligna da pelve renal,Neoplasia maligna da pelve renal
C66,Neoplasia maligna dos ureteres,Neoplasia maligna dos ureteres
C67.0,Neoplasia maligna da bexiga,Neoplasia maligna do trígono da bexiga
C67.1,Neoplasia maligna da bexiga,Neoplasia maligna da cúpula da bexiga
C67.2,Neoplasia maligna da bexiga,Neoplasia maligna da parede lateral da bexiga
C67.3,Neoplasia maligna da bexiga,Neoplasia maligna da parede anterior da bexiga
C67.4,Neoplasia maligna da bexiga,Neoplasia maligna da parede posterior da bexiga
C67.5,Neoplasia maligna da bexiga,Neoplasia maligna do colo da bexiga
C67.6,Neoplasia maligna da bexiga,Neoplasia maligna do orifício uretérico
C67.7,Neoplasia maligna da bexiga,Neoplasia maligna do úraco
C67.8,Neoplasia maligna da bexiga,Neoplasia maligna da bexiga com lesão invasiva
C67.9,Neoplasia maligna da bexiga,Neoplasia maligna da bexiga
C68.0,Neoplasia maligna de outros órgãos urinários e dos não especificados,Neoplasia maligna da uretra
C68.1,Neoplasia maligna de outros órgãos urinários e dos não especificados,Neoplasia maligna da glândula parauretral
C68.8,Neoplasia maligna de outros órgãos urinários e dos não especificados,Neoplasia maligna dos órgãos urinários com lesão invasiva
C68.9,Neoplasia maligna de outros órgãos urinários e dos não especificados,Neoplasia maligna de órgão urinário
C69.0,Neoplasia maligna do olho e anexos,Neoplasia maligna da conjuntiva
C69.1,Neoplasia maligna do olho e anexos,Neoplasia maligna da córnea
C69.2,Neoplasia maligna do olho e anexos,Neoplasia maligna da retina
C69.3,Neoplasia maligna do olho e anexos,Neoplasia maligna da coróide
C69.4,Neoplasia maligna do olho e anexos,Neoplasia maligna do corpo ciliar
C69.5,Neoplasia maligna do olho e anexos,Neoplasia maligna da glândula e canal lacrimal
C69.6,Neoplasia maligna do olho e anexos,Neoplasia maligna da órbita
C69.8,Neoplasia maligna do olho e anexos,Neoplasia maligna do olho e anexos com lesão invasiva
C69.9,Neoplasia maligna do olho e anexos,Neoplasia maligna do olho
C70.0,Neoplasia maligna das meninges,Neoplasia maligna das meninges cerebrais
C70.1,Neoplasia maligna das meninges,Neoplasia maligna das meninges espinhais
C70.9,Neoplasia maligna das meninges,Neoplasia maligna da meninge
C71.0,Neoplasia maligna do encéfalo,Neoplasia maligna do cérebro
C71.1,Neoplasia maligna do encéfalo,Neoplasia maligna do lobo frontal
C71.2,Neoplasia maligna do encéfalo,Neoplasia maligna do lobo temporal
C71.3,Neoplasia maligna do encéfalo,Neoplasia maligna do lobo parietal
C71.4,Neoplasia maligna do encéfalo,Neoplasia maligna do lobo occipital
C71.5,Neoplasia maligna do encéfalo,Neoplasia maligna do ventrículo cerebral
C71.6,Neoplasia maligna do encéfalo,Neoplasia maligna do cerebelo
C71.7,Neoplasia maligna do encéfalo,Neoplasia maligna do tronco cerebral
C71.8,Neoplasia maligna do encéfalo,Neoplasia maligna do encéfalo com lesão invasiva
C71.9,Neoplasia maligna do encéfalo,Neoplasia maligna do encéfalo
C72.0,Neoplasia maligna da medula espinhal,Neoplasia maligna da medula espinhal
C72.1,Neoplasia maligna da medula espinhal,Neoplasia maligna da cauda eqüina
C72.2,Neoplasia maligna da medula espinhal,Neoplasia maligna do nervo olfativo
C72.3,Neoplasia maligna da medula espinhal,Neoplasia maligna do nervo óptico
C72.4,Neoplasia maligna da medula espinhal,Neoplasia maligna do nervo acústico
C72.5,Neoplasia maligna da medula espinhal,Neoplasia maligna de outros nervos cranianos e os não especificados
C72.8,Neoplasia maligna da medula espinhal,Neoplasia maligna do encéfalo e de outras partes do sistema nervoso central com lesão invasiva
C72.9,Neoplasia maligna da medula espinhal,Neoplasia maligna do sistema nervoso central
C73,Neoplasia maligna da glândula tireóide,Neoplasia maligna da glândula tireóide
C74.0,Neoplasia maligna da glândula supra-renal [Glândula adrenal],Neoplasia maligna do córtex da supra-renal
C74.1,Neoplasia maligna da glândula supra-renal [Glândula adrenal],Neoplasia maligna da medula da supra-renal
C74.9,Neoplasia maligna da glândula supra-renal [Glândula adrenal],Neoplasia maligna da glândula supra-renal
C75.0,Neoplasia maligna de outras glândulas endócrinas e de estruturas relacionadas,Neoplasia maligna da glândula paratireóide
C75.1,Neoplasia maligna de outras glândulas endócrinas e de estruturas relacionadas,Neoplasia maligna da glândula hipófise (pituitária)
C75.2,Neoplasia maligna de outras glândulas endócrinas e de estruturas relacionadas,Neoplasia maligna do conduto craniofaríngeo
C75.3,Neoplasia maligna de outras glândulas endócrinas e de estruturas relacionadas,Neoplasia maligna da glândula pineal
C75.4,Neoplasia maligna de outras glândulas endócrinas e de estruturas relacionadas,Neoplasia maligna do corpo carotídeo
C75.5,Neoplasia maligna de outras glândulas endócrinas e de estruturas relacionadas,Neoplasia maligna do corpo aórtico e outros paragânglios
C75.8,Neoplasia maligna de outras glândulas endócrinas e de estruturas relacionadas,Neoplasia maligna com comprometimento pluriglandular
C75.9,Neoplasia maligna de outras glândulas endócrinas e de estruturas relacionadas,Neoplasia maligna de glândula endócrina
C76.0,Neoplasia maligna de outras localizações e de localizações mal definidas,Neoplasia maligna da cabeça
C76.1,Neoplasia maligna de outras localizações e de localizações mal definidas,Neoplasia maligna do tórax
C76.2,Neoplasia maligna de outras localizações e de localizações mal definidas,Neoplasia maligna do abdome
C76.3,Neoplasia maligna de outras localizações e de localizações mal definidas,Neoplasia maligna da pelve
C76.4,Neoplasia maligna de outras localizações e de localizações mal definidas,Neoplasia maligna do membro superior
C76.5,Neoplasia maligna de outras localizações e de localizações mal definidas,Neoplasia maligna do membro inferior
C76.7,Neoplasia maligna de outras localizações e de localizações mal definidas,Neoplasia maligna de outras localizações mal definidas
C76.8,Neoplasia maligna de outras localizações e de localizações mal definidas,Neoplasia maligna de outras localizações e das mal definidas com lesão invasiva
C77.0,Neoplasia maligna secundária e não especificada dos gânglios linfáticos,Neoplasia maligna secundária e não especificada dos gânglios linfáticos da cabeça
C77.1,Neoplasia maligna secundária e não especificada dos gânglios linfáticos,Neoplasia maligna secundária e não especificada dos gânglios linfáticos intratorácicos
C77.2,Neoplasia maligna secundária e não especificada dos gânglios linfáticos,Neoplasia maligna secundária e não especificada dos gânglios linfáticos intra-abdominais
C77.3,Neoplasia maligna secundária e não especificada dos gânglios linfáticos,Neoplasia maligna secundária e não especificada dos gânglios linfáticos axilares e dos membros superiores
C77.4,Neoplasia maligna secundária e não especificada dos gânglios linfáticos,Neoplasia maligna secundária e não especificada dos gânglios linfáticos inguinais e dos membros inferiores
C77.5,Neoplasia maligna secundária e não especificada dos gânglios linfáticos,Neoplasia maligna secundária e não especificada dos gânglios linfáticos intrapélvicos
C77.8,Neoplasia maligna secundária e não especificada dos gânglios linfáticos,Neoplasia maligna secundária e não especificada dos gânglios linfáticos de múltiplas regiões
C77.9,Neoplasia maligna secundária e não especificada dos gânglios linfáticos,Neoplasia maligna secundária e não especificada de gânglio linfático
C78.0,Neoplasia maligna secundária dos órgãos respiratórios e digestivos,Neoplasia maligna secundária dos pulmões
C78.1,Neoplasia maligna secundária dos órgãos respiratórios e digestivos,Neoplasia maligna secundária do mediastino
C78.2,Neoplasia maligna secundária dos órgãos respiratórios e digestivos,Neoplasia maligna secundária da pleura
C78.3,Neoplasia maligna secundária dos órgãos respiratórios e digestivos,Neoplasia maligna secundária de outros órgãos respiratórios e não especificados
C78.4,Neoplasia maligna secundária dos órgãos respiratórios e digestivos,Neoplasia maligna secundária do intestino delgado
C78.5,Neoplasia maligna secundária dos órgãos respiratórios e digestivos,Neoplasia maligna secundária do intestino grosso e do reto
C78.6,Neoplasia maligna secundária dos órgãos respiratórios e digestivos,Neoplasia maligna secundária do retroperitônio e do peritônio
C78.7,Neoplasia maligna secundária dos órgãos respiratórios e digestivos,Neoplasia maligna secundária do fígado
C78.8,Neoplasia maligna secundária dos órgãos respiratórios e digestivos,Neoplasia maligna secundária de outros órgãos digestivos e não especificados
C79.0,Neoplasia maligna secundária de outras localizações,Neoplasia maligna secundária do rim e da pelve renal
C79.1,Neoplasia maligna secundária de outras localizações,Neoplasia maligna secundária da bexiga
C79.2,Neoplasia maligna secundária de outras localizações,Neoplasia maligna secundária da pele
C79.3,Neoplasia maligna secundária de outras localizações,Neoplasia maligna secundária do encéfalo e das meninges cerebrais
C79.4,Neoplasia maligna secundária de outras localizações,Neoplasia maligna secundária de outras partes do sistema nervoso e não especificadas
C79.5,Neoplasia maligna secundária de outras localizações,Neoplasia maligna secundária dos ossos e da medula óssea
C79.6,Neoplasia maligna secundária de outras localizações,Neoplasia maligna secundária do ovário
C79.7,Neoplasia maligna secundária de outras localizações,Neoplasia maligna secundária das glândulas supra-renais (adrenais)
C79.8,Neoplasia maligna secundária de outras localizações,Neoplasia maligna secundária de outra localização especificada
C80,Neoplasia maligna,Neoplasia maligna
C81.0,Doença de Hodgkin,Doença de Hodgkin
C81.1,Doença de Hodgkin,Doença de Hodgkin
C81.2,Doença de Hodgkin,Doença de Hodgkin
C81.3,Doença de Hodgkin,Doença de Hodgkin
C81.7,Doença de Hodgkin,Outra forma da doença de Hodgkin
C81.9,Doença de Hodgkin,Doença de Hodgkin
C82.0,Linfoma não-Hodgkin,Linfoma não-Hodgkin
C82.1,Linfoma não-Hodgkin,Linfoma não-Hodgkin
C82.2,Linfoma não-Hodgkin,Linfoma não-Hodgkin
C82.7,Linfoma não-Hodgkin,Outros tipos de linfoma não-Hodgkin
C82.9,Linfoma não-Hodgkin,Linfoma não-Hodgkin
C83.0,Linfoma não-Hodgkin difuso,Linfoma não-Hodgkin difuso
C83.1,Linfoma não-Hodgkin difuso,Linfoma não-Hodgkin difuso
C83.2,Linfoma não-Hodgkin difuso,Linfoma não-Hodgkin difuso
C83.3,Linfoma não-Hodgkin difuso,Linfoma não-Hodgkin difuso
C83.4,Linfoma não-Hodgkin difuso,Linfoma não-Hodgkin difuso
C83.5,Linfoma não-Hodgkin difuso,Linfoma não-Hodgkin difuso
C83.6,Linfoma não-Hodgkin difuso,Linfoma não-Hodgkin difuso
C83.7,Linfoma não-Hodgkin difuso,Tumor de Burkitt
C83.8,Linfoma não-Hodgkin difuso,Outros tipos de linfoma não-Hodgkin difuso
C83.9,Linfoma não-Hodgkin difuso,Linfoma não-Hodgkin difuso
C84.0,Linfomas de células T cutâneas e periféricas,Micose fungóide
C84.1,Linfomas de células T cutâneas e periféricas,Doença de Sézary
C84.2,Linfomas de células T cutâneas e periféricas,Linfoma da zona T
C84.3,Linfomas de células T cutâneas e periféricas,Linfoma linfoepitelióide
C84.4,Linfomas de células T cutâneas e periféricas,Linfoma de células T
C84.5,Linfomas de células T cutâneas e periféricas,Outros linfomas de células T e os não especificados
C85.0,Linfoma não-Hodgkin de outros tipos e de tipo não especificado,Linfossarcoma
C85.1,Linfoma não-Hodgkin de outros tipos e de tipo não especificado,Linfoma de células B
C85.7,Linfoma não-Hodgkin de outros tipos e de tipo não especificado,Outros tipos especificados de linfoma não-Hodgkin
C85.9,Linfoma não-Hodgkin de outros tipos e de tipo não especificado,Linfoma não-Hodgkin de tipo não especificado
C88.0,Doenças imunoproliferativas malignas,Macroglobulinemia de Waldenström
C88.1,Doenças imunoproliferativas malignas,Doença de cadeia pesada alfa
C88.2,Doenças imunoproliferativas malignas,Doença de cadeia pesada gama
C88.3,Doenças imunoproliferativas malignas,Doença imunoproliferativa do intestino delgado
C88.7,Doenças imunoproliferativas malignas,Outras doenças imunoproliferativas malignas
C88.9,Doenças imunoproliferativas malignas,Doença imunoproliferativa maligna
C90.0,Mieloma múltiplo e neoplasias malignas de plasmócitos,Mieloma múltiplo
C90.1,Mieloma múltiplo e neoplasias malignas de plasmócitos,Leucemia plasmocitária
C90.2,Mieloma múltiplo e neoplasias malignas de plasmócitos,Plasmocitoma extramedular
C91.0,Leucemia linfóide,Leucemia linfoblástica aguda
C91.1,Leucemia linfóide,Leucemia linfocítica crônica
C91.2,Leucemia linfóide,Leucemia linfocítica subaguda
C91.3,Leucemia linfóide,Leucemia pró-linfocítica
C91.4,Leucemia linfóide,Leucemia de células pilosas
C91.5,Leucemia linfóide,Leucemia de células T do adulto
C91.7,Leucemia linfóide,Outras leucemias linfóides
C91.9,Leucemia linfóide,Leucemia linfóide
C92.0,Leucemia mielóide,Leucemia mielóide aguda
C92.1,Leucemia mielóide,Leucemia mielóide crônica
C92.2,Leucemia mielóide,Leucemia mielóide subaguda
C92.3,Leucemia mielóide,Sarcoma mielóide
C92.4,Leucemia mielóide,Leucemia pró-mielocítica aguda
C92.5,Leucemia mielóide,Leucemia mielomonocítica aguda
C92.7,Leucemia mielóide,Outras leucemias mielóides
C92.9,Leucemia mielóide,Leucemia mielóide
C93.0,Leucemia monocítica,Leucemia monocítica aguda
C93.1,Leucemia monocítica,Leucemia monocítica crônica
C93.2,Leucemia monocítica,Leucemia monocítica subaguda
C93.7,Leucemia monocítica,Outras leucemias monocíticas
C93.9,Leucemia monocítica,Leucemia monocítica
C94.0,Outras leucemias de células de tipo especificado,Eritremia e eritroleucemia agudas
C94.1,Outras leucemias de células de tipo especificado,Eritremia crônica
C94.2,Outras leucemias de células de tipo especificado,Leucemia megacarioblástica aguda
C94.3,Outras leucemias de células de tipo especificado,Leucemia de mastócitos
C94.4,Outras leucemias de células de tipo especificado,Panmielose aguda
C94.5,Outras leucemias de células de tipo especificado,Mielofibrose aguda
C94.7,Outras leucemias de células de tipo especificado,Outras leucemias especificadas
C95.0,Leucemia de tipo celular não especificado,Leucemia aguda de tipo celular não especificado
C95.1,Leucemia de tipo celular não especificado,Leucemia crônica de tipo celular não especificado
C95.2,Leucemia de tipo celular não especificado,Leucemia subaguda de tipo celular não especificado
C95.7,Leucemia de tipo celular não especificado,Outras leucemias de tipo celular não especificado
C95.9,Leucemia de tipo celular não especificado,Leucemia não especificada
C96.0,Outras neoplasias malignas e as não especificadas dos tecidos linfático,Doença de Letterer-Siwe
C96.1,Outras neoplasias malignas e as não especificadas dos tecidos linfático,Histiocitose maligna
C96.2,Outras neoplasias malignas e as não especificadas dos tecidos linfático,Tumor maligno de mastócitos
C96.3,Outras neoplasias malignas e as não especificadas dos tecidos linfático,Linfoma histiocítico verdadeiro
C96.7,Outras neoplasias malignas e as não especificadas dos tecidos linfático,Outras neoplasias malignas especificadas dos tecidos linfático
C96.9,Outras neoplasias malignas e as não especificadas dos tecidos linfático,Neoplasia maligna dos tecidos linfático
C97,Neoplasias malignas de localizações múltiplas independentes (primárias),Neoplasias malignas de localizações múltiplas independentes (primárias)
D00.0,Carcinoma in situ da cavidade oral,Carcinoma in situ dos lábios
D00.1,Carcinoma in situ da cavidade oral,Carcinoma in situ do esôfago
D00.2,Carcinoma in situ da cavidade oral,Carcinoma in situ do estômago
D01.0,Carcinoma in situ de outros órgãos digestivos,Carcinoma in situ do cólon
D01.1,Carcinoma in situ de outros órgãos digestivos,Carcinoma in situ da junção retossigmóide
D01.2,Carcinoma in situ de outros órgãos digestivos,Carcinoma in situ do reto
D01.3,Carcinoma in situ de outros órgãos digestivos,Carcinoma in situ do ânus e canal anal
D01.4,Carcinoma in situ de outros órgãos digestivos,Carcinoma in situ de outras partes do intestino e as não especificadas
D01.5,Carcinoma in situ de outros órgãos digestivos,Carcinoma in situ do fígado
D01.7,Carcinoma in situ de outros órgãos digestivos,Carcinoma in situ de outros órgãos especificados do aparelho digestivo
D01.9,Carcinoma in situ de outros órgãos digestivos,Carcinoma in situ de órgãos digestivos
D02.0,Carcinoma in situ do ouvido médio e do aparelho respiratório,Carcinoma in situ da laringe
D02.1,Carcinoma in situ do ouvido médio e do aparelho respiratório,Carcinoma in situ da traquéia
D02.2,Carcinoma in situ do ouvido médio e do aparelho respiratório,Carcinoma in situ dos brônquios e pulmões
D02.3,Carcinoma in situ do ouvido médio e do aparelho respiratório,Carcinoma in situ de outras partes do aparelho respiratório
D02.9,Carcinoma in situ do ouvido médio e do aparelho respiratório,Carcinoma in situ do aparelho respiratório
D03.0,Melanoma in situ,Melanoma in situ do lábio
D03.1,Melanoma in situ,Melanoma in situ da pálpebra
D03.2,Melanoma in situ,Melanoma in situ da orelha e do conduto auditivo externo
D03.3,Melanoma in situ,Melanoma in situ de outras partes
D03.4,Melanoma in situ,Melanoma in situ do couro cabeludo e do pescoço
D03.5,Melanoma in situ,Melanoma in situ do tronco
D03.6,Melanoma in situ,Melanoma in situ dos membros superiores
D03.7,Melanoma in situ,Melanoma in situ dos membros inferiores
D03.8,Melanoma in situ,Melanoma in situ de outras localizações
D03.9,Melanoma in situ,Melanoma in situ
D04.0,Carcinoma in situ da pele,Carcinoma in situ da pele do lábio
D04.1,Carcinoma in situ da pele,Carcinoma in situ da pele da pálpebra
D04.2,Carcinoma in situ da pele,Carcinoma in situ da pele da orelha e do conduto auditivo externo
D04.3,Carcinoma in situ da pele,Carcinoma in situ da pele de outras partes e de partes não especificadas da face
D04.4,Carcinoma in situ da pele,Carcinoma in situ da pele do couro cabeludo e do pescoço
D04.5,Carcinoma in situ da pele,Carcinoma in situ da pele do tronco
D04.6,Carcinoma in situ da pele,Carcinoma in situ da pele dos membros superiores
D04.7,Carcinoma in situ da pele,Carcinoma in situ da pele dos membros inferiores
D04.8,Carcinoma in situ da pele,Carcinoma in situ da pele de outras localizações
D04.9,Carcinoma in situ da pele,Carcinoma in situ da pele
D05.0,Carcinoma in situ da mama,Carcinoma lobular in situ
D05.1,Carcinoma in situ da mama,Carcinoma intraductal in situ
D05.7,Carcinoma in situ da mama,Outros carcinomas in situ
D05.9,Carcinoma in situ da mama,Carcinoma in situ da mama
D06.0,Carcinoma in situ do colo do útero (cérvix),Carcinoma in situ do endocérvix
D06.1,Carcinoma in situ do colo do útero (cérvix),Carcinoma in situ do exocérvix
D06.7,Carcinoma in situ do colo do útero (cérvix),Carcinoma in situ de outras partes do colo do útero
D06.9,Carcinoma in situ do colo do útero (cérvix),Carcinoma in situ do colo do útero
D07.0,Carcinoma in situ de outros órgãos genitais e dos não especificados,Carcinoma in situ do endométrio
D07.1,Carcinoma in situ de outros órgãos genitais e dos não especificados,Carcinoma in situ da vulva
D07.2,Carcinoma in situ de outros órgãos genitais e dos não especificados,Carcinoma in situ da vagina
D07.3,Carcinoma in situ de outros órgãos genitais e dos não especificados,Carcinoma in situ de outros órgãos genitais femininos e os não especificados
D07.4,Carcinoma in situ de outros órgãos genitais e dos não especificados,Carcinoma in situ do pênis
D07.5,Carcinoma in situ de outros órgãos genitais e dos não especificados,Carcinoma in situ da próstata
D07.6,Carcinoma in situ de outros órgãos genitais e dos não especificados,Carcinoma in situ de outros órgãos genitais masculinos e os não especificados
D09.0,Carcinoma in situ de outras localizações e das não especificadas,Carcinoma in situ da bexiga
D09.1,Carcinoma in situ de outras localizações e das não especificadas,Carcinoma in situ de outros órgãos urinários e os não especificados
D09.2,Carcinoma in situ de outras localizações e das não especificadas,Carcinoma in situ do olho
D09.3,Carcinoma in situ de outras localizações e das não especificadas,Carcinoma in situ da tireóide e de outras glândulas endócrinas
D09.7,Carcinoma in situ de outras localizações e das não especificadas,Carcinoma in situ de outras localizações especificadas
D09.9,Carcinoma in situ de outras localizações e das não especificadas,Carcinoma in situ
D10.0,Neoplasia benigna da boca e da faringe,Neoplasia benigna dos lábios
D10.1,Neoplasia benigna da boca e da faringe,Neoplasia benigna da língua
D10.2,Neoplasia benigna da boca e da faringe,Neoplasia benigna do assoalho da boca
D10.3,Neoplasia benigna da boca e da faringe,Neoplasia benigna de outras partes da boca e as não especificadas
D10.4,Neoplasia benigna da boca e da faringe,Neoplasia benigna da amígdala
D10.5,Neoplasia benigna da boca e da faringe,Neoplasia benigna de outras partes da orofaringe
D10.6,Neoplasia benigna da boca e da faringe,Neoplasia benigna da nasofaringe
D10.7,Neoplasia benigna da boca e da faringe,Neoplasia benigna da hipofaringe
D10.9,Neoplasia benigna da boca e da faringe,Neoplasia benigna da faringe
D11.0,Neoplasia benigna de glândulas salivares maiores,Neoplasia benigna da glândula parótida
D11.7,Neoplasia benigna de glândulas salivares maiores,Neoplasia benigna de outras glândulas salivares maiores
D11.9,Neoplasia benigna de glândulas salivares maiores,Neoplasia benigna da glândula salivar maior
D12.0,Neoplasia benigna do cólon,Neoplasia benigna do ceco
D12.1,Neoplasia benigna do cólon,Neoplasia benigna do apêndice (vermiforme)
D12.2,Neoplasia benigna do cólon,Neoplasia benigna do cólon ascendente
D12.3,Neoplasia benigna do cólon,Neoplasia benigna do cólon transverso
D12.4,Neoplasia benigna do cólon,Neoplasia benigna do cólon descendente
D12.5,Neoplasia benigna do cólon,Neoplasia benigna do cólon sigmóide
D12.6,Neoplasia benigna do cólon,Neoplasia benigna do cólon
D12.7,Neoplasia benigna do cólon,Neoplasia benigna da junção retossigmóide
D12.8,Neoplasia benigna do cólon,Neoplasia benigna do reto
D12.9,Neoplasia benigna do cólon,Neoplasia benigna do canal anal e ânus
D13.0,Neoplasia benigna de outras partes e de partes mal definidas do aparelho digestivo,Neoplasia benigna do esôfago
D13.1,Neoplasia benigna de outras partes e de partes mal definidas do aparelho digestivo,Neoplasia benigna do estômago
D13.2,Neoplasia benigna de outras partes e de partes mal definidas do aparelho digestivo,Neoplasia benigna do duodeno
D13.3,Neoplasia benigna de outras partes e de partes mal definidas do aparelho digestivo,Neoplasia benigna de outras partes e partes não especificadas do intestino delgado
D13.4,Neoplasia benigna de outras partes e de partes mal definidas do aparelho digestivo,Neoplasia benigna do fígado
D13.5,Neoplasia benigna de outras partes e de partes mal definidas do aparelho digestivo,Neoplasia benigna das vias biliares extra-hepáticas
D13.6,Neoplasia benigna de outras partes e de partes mal definidas do aparelho digestivo,Neoplasia benigna do pâncreas
D13.7,Neoplasia benigna de outras partes e de partes mal definidas do aparelho digestivo,Neoplasia benigna do pâncreas endócrino
D13.9,Neoplasia benigna de outras partes e de partes mal definidas do aparelho digestivo,Neoplasia benigna de localizações mal definidas do aparelho digestivo
D14.0,Neoplasia benigna do ouvido médio e do aparelho respiratório,Neoplasia benigna do ouvido médio
D14.1,Neoplasia benigna do ouvido médio e do aparelho respiratório,Neoplasia benigna da laringe
D14.2,Neoplasia benigna do ouvido médio e do aparelho respiratório,Neoplasia benigna da traquéia
D14.3,Neoplasia benigna do ouvido médio e do aparelho respiratório,Neoplasia benigna dos brônquios e pulmão
D14.4,Neoplasia benigna do ouvido médio e do aparelho respiratório,Neoplasia benigna do aparelho respiratório
D15.0,Neoplasia benigna de outros órgãos intratorácicos e dos não especificados,Neoplasia benigna do timo
D15.1,Neoplasia benigna de outros órgãos intratorácicos e dos não especificados,Neoplasia benigna do coração
D15.2,Neoplasia benigna de outros órgãos intratorácicos e dos não especificados,Neoplasia benigna do mediastino
D15.7,Neoplasia benigna de outros órgãos intratorácicos e dos não especificados,Neoplasia benigna de outros órgãos intratorácicos especificados
D15.9,Neoplasia benigna de outros órgãos intratorácicos e dos não especificados,Neoplasia benigna de órgão intratorácico
D16.0,Neoplasia benigna de osso e de cartilagem articular,Neoplasia benigna da omoplata [escápula] e ossos longos dos membros superiores
D16.1,Neoplasia benigna de osso e de cartilagem articular,Neoplasia benigna dos ossos curtos dos membros superiores
D16.2,Neoplasia benigna de osso e de cartilagem articular,Neoplasia benigna dos ossos longos dos membros inferiores
D16.3,Neoplasia benigna de osso e de cartilagem articular,Neoplasia benigna dos ossos curtos dos membros inferiores
D16.4,Neoplasia benigna de osso e de cartilagem articular,Neoplasia benigna dos ossos do crânio e da face
D16.5,Neoplasia benigna de osso e de cartilagem articular,Neoplasia benigna do osso da mandíbula
D16.6,Neoplasia benigna de osso e de cartilagem articular,Neoplasia benigna da coluna vertebral
D16.7,Neoplasia benigna de osso e de cartilagem articular,Neoplasia benigna das costelas
D16.8,Neoplasia benigna de osso e de cartilagem articular,Neoplasia benigna dos ossos pélvicos
D16.9,Neoplasia benigna de osso e de cartilagem articular,Neoplasia benigna do osso e cartilagem articular
D17.0,Neoplasia lipomatosa benigna,Neoplasia lipomatosa benigna da pele e do tecido subcutâneo da cabeça
D17.1,Neoplasia lipomatosa benigna,Neoplasia lipomatosa benigna da pele e tecido subcutâneo do tronco
D17.2,Neoplasia lipomatosa benigna,Neoplasia lipomatosa benigna da pele e tecido subcutâneo dos membros
D17.3,Neoplasia lipomatosa benigna,Neoplasia lipomatosa benigna da pele e tecido subcutâneo de outras localizações e de localizações não especificadas
D17.4,Neoplasia lipomatosa benigna,Neoplasia lipomatosa benigna de órgãos intratorácicos
D17.5,Neoplasia lipomatosa benigna,Neoplasia lipomatosa benigna de órgãos intra-abdominais
D17.6,Neoplasia lipomatosa benigna,Neoplasia lipomatosa benigna do cordão espermático
D17.7,Neoplasia lipomatosa benigna,Neoplasia lipomatosa benigna de outras localizações
D17.9,Neoplasia lipomatosa benigna,Neoplasia lipomatosa benigna de localização não especificada
D18.0,Hemangioma e linfangioma de qualquer localização,Hemangioma de qualquer localização
D18.1,Hemangioma e linfangioma de qualquer localização,Linfangioma de qualquer localização
D19.0,Neoplasia benigna de tecido mesotelial,Neoplasia benigna do tecido mesotelial da pleura
D19.1,Neoplasia benigna de tecido mesotelial,Neoplasia benigna do tecido mesotelial do peritônio
D19.7,Neoplasia benigna de tecido mesotelial,Neoplasia benigna do tecido mesotelial de outras localizações
D19.9,Neoplasia benigna de tecido mesotelial,Neoplasia benigna do tecido mesotelial
D20.0,Neoplasia benigna de tecido mole do retroperitônio e do peritônio,Neoplasia benigna do retroperitônio
D20.1,Neoplasia benigna de tecido mole do retroperitônio e do peritônio,Neoplasia benigna do peritônio
D21.0,Outras neoplasias benignas do tecido conjuntivo e de outros tecidos moles,Neoplasia benigna do tecido conjuntivo e outros tecidos moles da cabeça
D21.1,Outras neoplasias benignas do tecido conjuntivo e de outros tecidos moles,Neoplasia benigna do tecido conjuntivo e outros tecidos moles dos membros superiores
D21.2,Outras neoplasias benignas do tecido conjuntivo e de outros tecidos moles,Neoplasia benigna do tecido conjuntivo e outros tecidos moles dos membros inferiores
D21.3,Outras neoplasias benignas do tecido conjuntivo e de outros tecidos moles,Neoplasia benigna do tecido conjuntivo e outros tecidos moles do tórax
D21.4,Outras neoplasias benignas do tecido conjuntivo e de outros tecidos moles,Neoplasia benigna do tecido conjuntivo e outros tecidos moles do abdome
D21.5,Outras neoplasias benignas do tecido conjuntivo e de outros tecidos moles,Neoplasia benigna do tecido conjuntivo e outros tecidos moles da pelve
D21.6,Outras neoplasias benignas do tecido conjuntivo e de outros tecidos moles,Neoplasia benigna do tecido conjuntivo e outros tecidos moles do tronco
D21.9,Outras neoplasias benignas do tecido conjuntivo e de outros tecidos moles,Neoplasia benigna do tecido conjuntivo e outros tecidos moles
D22.0,Nevos melanocíticos,Nevo melanocítico do lábio
D22.1,Nevos melanocíticos,Nevo melanocítico da pálpebra
D22.2,Nevos melanocíticos,Nevo melanocítico da orelha e do conduto auditivo externo
D22.3,Nevos melanocíticos,Nevo melanocítico de outras partes e de partes não especificadas da face
D22.4,Nevos melanocíticos,Nevo melanocítico do couro cabeludo e do pescoço
D22.5,Nevos melanocíticos,Nevo melanocítico do tronco
D22.6,Nevos melanocíticos,Nevo melanocítico dos membros superiores
D22.7,Nevos melanocíticos,Nevo melanocítico dos membros inferiores
D22.9,Nevos melanocíticos,Nevo melanocítico
D23.0,Outras neoplasias benignas da pele,Neoplasia benigna da pele dos lábios
D23.1,Outras neoplasias benignas da pele,Neoplasia benigna da pele da pálpebra
D23.2,Outras neoplasias benignas da pele,Neoplasia benigna da pele da orelha e do conduto auditivo externo
D23.3,Outras neoplasias benignas da pele,Neoplasia benigna da pele de outras partes e de partes não especificadas da face
D23.4,Outras neoplasias benignas da pele,Neoplasia benigna da pele do couro cabeludo e do pescoço
D23.5,Outras neoplasias benignas da pele,Neoplasia benigna da pele do tronco
D23.6,Outras neoplasias benignas da pele,Neoplasia benigna da pele dos membros superiores
D23.7,Outras neoplasias benignas da pele,Neoplasia benigna da pele dos membros inferiores
D23.9,Outras neoplasias benignas da pele,Neoplasia benigna da pele
D24,Neoplasia benigna da mama,Neoplasia benigna da mama
D25.0,Leiomioma do útero,Leiomioma submucoso do útero
D25.1,Leiomioma do útero,Leiomioma intramural do útero
D25.2,Leiomioma do útero,Leiomioma subseroso do útero
D25.9,Leiomioma do útero,Leiomioma do útero
D26.0,Outras neoplasias benignas do útero,Neoplasia benigna do colo do útero
D26.1,Outras neoplasias benignas do útero,Neoplasia benigna do corpo do útero
D26.7,Outras neoplasias benignas do útero,Neoplasia benigna de outras partes do útero
D26.9,Outras neoplasias benignas do útero,Neoplasia benigna do útero
D27,Neoplasia benigna do ovário,Neoplasia benigna do ovário
D28.0,Neoplasia benigna de outros órgãos genitais femininos e de órgãos não especificados,Neoplasia benigna da vulva
D28.1,Neoplasia benigna de outros órgãos genitais femininos e de órgãos não especificados,Neoplasia benigna da vagina
D28.2,Neoplasia benigna de outros órgãos genitais femininos e de órgãos não especificados,Neoplasia benigna das trompas e ligamentos uterinos
D28.7,Neoplasia benigna de outros órgãos genitais femininos e de órgãos não especificados,Neoplasia benigna de outros órgãos genitais femininos especificados
D28.9,Neoplasia benigna de outros órgãos genitais femininos e de órgãos não especificados,Neoplasia benigna de órgão genital feminino
D29.0,Neoplasia benigna dos órgãos genitais masculinos,Neoplasia benigna do pênis
D29.1,Neoplasia benigna dos órgãos genitais masculinos,Neoplasia benigna da próstata
D29.2,Neoplasia benigna dos órgãos genitais masculinos,Neoplasia benigna dos testículos
D29.3,Neoplasia benigna dos órgãos genitais masculinos,Neoplasia benigna do epidídimo
D29.4,Neoplasia benigna dos órgãos genitais masculinos,Neoplasia benigna do escroto
D29.7,Neoplasia benigna dos órgãos genitais masculinos,Neoplasia benigna de outros órgãos genitais masculinos
D29.9,Neoplasia benigna dos órgãos genitais masculinos,Neoplasia benigna de órgão genital masculino
D30.0,Neoplasia benigna dos órgãos urinários,Neoplasia benigna do rim
D30.1,Neoplasia benigna dos órgãos urinários,Neoplasia benigna da pelve renal
D30.2,Neoplasia benigna dos órgãos urinários,Neoplasia benigna do ureter
D30.3,Neoplasia benigna dos órgãos urinários,Neoplasia benigna da bexiga
D30.4,Neoplasia benigna dos órgãos urinários,Neoplasia benigna da uretra
D30.7,Neoplasia benigna dos órgãos urinários,Neoplasia benigna de outros órgãos urinários
D30.9,Neoplasia benigna dos órgãos urinários,Neoplasia benigna de órgão urinário
D31.0,Neoplasia benigna do olho e anexos,Neoplasia benigna da conjuntiva
D31.1,Neoplasia benigna do olho e anexos,Neoplasia benigna da córnea
D31.2,Neoplasia benigna do olho e anexos,Neoplasia benigna da retina
D31.3,Neoplasia benigna do olho e anexos,Neoplasia benigna da coróide
D31.4,Neoplasia benigna do olho e anexos,Neoplasia benigna do corpo ciliar
D31.5,Neoplasia benigna do olho e anexos,Neoplasia benigna das glândulas e dos canais lacrimais
D31.6,Neoplasia benigna do olho e anexos,Neoplasia benigna da órbita
D31.9,Neoplasia benigna do olho e anexos,Neoplasia benigna do olho
D32.0,Neoplasia benigna das meninges,Neoplasia benigna das meninges cerebrais
D32.1,Neoplasia benigna das meninges,Neoplasia benigna das meninges espinhais
D32.9,Neoplasia benigna das meninges,Neoplasia benigna das meninges
D33.0,Neoplasia benigna do encéfalo e de outras partes do sistema nervoso central,Neoplasia benigna do encéfalo
D33.1,Neoplasia benigna do encéfalo e de outras partes do sistema nervoso central,Neoplasia benigna do encéfalo
D33.2,Neoplasia benigna do encéfalo e de outras partes do sistema nervoso central,Neoplasia benigna do encéfalo
D33.3,Neoplasia benigna do encéfalo e de outras partes do sistema nervoso central,Neoplasia benigna dos nervos cranianos
D33.4,Neoplasia benigna do encéfalo e de outras partes do sistema nervoso central,Neoplasia benigna da medula espinhal
D33.7,Neoplasia benigna do encéfalo e de outras partes do sistema nervoso central,Neoplasia benigna de outras partes especificadas do sistema nervoso central
D33.9,Neoplasia benigna do encéfalo e de outras partes do sistema nervoso central,Neoplasia benigna do sistema nervoso central
D34,Neoplasia benigna da glândula tireóide,Neoplasia benigna da glândula tireóide
D35.0,Neoplasia benigna de outras glândulas endócrinas e das não especificadas,Neoplasia benigna da glândula supra-renal (adrenal)
D35.1,Neoplasia benigna de outras glândulas endócrinas e das não especificadas,Neoplasia benigna da glândula paratireóide
D35.2,Neoplasia benigna de outras glândulas endócrinas e das não especificadas,Neoplasia benigna da glândula hipófise (pituitária)
D35.3,Neoplasia benigna de outras glândulas endócrinas e das não especificadas,Neoplasia benigna do conduto craniofaríngeo
D35.4,Neoplasia benigna de outras glândulas endócrinas e das não especificadas,Neoplasia benigna da glândula pineal
D35.5,Neoplasia benigna de outras glândulas endócrinas e das não especificadas,Neoplasia benigna do corpo carotídeo
D35.6,Neoplasia benigna de outras glândulas endócrinas e das não especificadas,Neoplasia benigna dos corpos aórticos e outros paragânglios
D35.7,Neoplasia benigna de outras glândulas endócrinas e das não especificadas,Neoplasia benigna de outras glândulas endócrinas especificadas
D35.8,Neoplasia benigna de outras glândulas endócrinas e das não especificadas,Neoplasia benigna com comprometimento pluriglandular
D35.9,Neoplasia benigna de outras glândulas endócrinas e das não especificadas,Neoplasia benigna de glândula endócrina
D36.0,Neoplasia benigna de outras localizações e de localizações não especificadas,Neoplasia benigna dos gânglios linfáticos (linfonodos)
D36.1,Neoplasia benigna de outras localizações e de localizações não especificadas,Neoplasia benigna dos nervos periféricos e sistema nervoso autônomo
D36.7,Neoplasia benigna de outras localizações e de localizações não especificadas,Neoplasia benigna de outras localizações especificadas
D36.9,Neoplasia benigna de outras localizações e de localizações não especificadas,Neoplasia benigna de localização não especificada
D37.0,Neoplasia de comportamento incerto ou desconhecido da cavidade oral e dos órgãos digestivos,Neoplasia de comportamento incerto ou desconhecido do lábio
D37.1,Neoplasia de comportamento incerto ou desconhecido da cavidade oral e dos órgãos digestivos,Neoplasia de comportamento incerto ou desconhecido do estômago
D37.2,Neoplasia de comportamento incerto ou desconhecido da cavidade oral e dos órgãos digestivos,Neoplasia de comportamento incerto ou desconhecido do intestino delgado
D37.3,Neoplasia de comportamento incerto ou desconhecido da cavidade oral e dos órgãos digestivos,Neoplasia de comportamento incerto ou desconhecido do apêndice
D37.4,Neoplasia de comportamento incerto ou desconhecido da cavidade oral e dos órgãos digestivos,Neoplasia de comportamento incerto ou desconhecido dos cólons
D37.5,Neoplasia de comportamento incerto ou desconhecido da cavidade oral e dos órgãos digestivos,Neoplasia de comportamento incerto ou desconhecido do reto
D37.6,Neoplasia de comportamento incerto ou desconhecido da cavidade oral e dos órgãos digestivos,Neoplasia de comportamento incerto ou desconhecido do fígado
D37.7,Neoplasia de comportamento incerto ou desconhecido da cavidade oral e dos órgãos digestivos,Neoplasia de comportamento incerto ou desconhecido de outros órgãos digestivos
D37.9,Neoplasia de comportamento incerto ou desconhecido da cavidade oral e dos órgãos digestivos,Neoplasia de comportamento incerto ou desconhecido de órgão digestivo
D38.0,Neoplasia de comportamento incerto ou desconhecido do ouvido médio e dos órgãos respiratórios e intratorácicos,Neoplasia de comportamento incerto ou desconhecido da laringe
D38.1,Neoplasia de comportamento incerto ou desconhecido do ouvido médio e dos órgãos respiratórios e intratorácicos,Neoplasia de comportamento incerto ou desconhecido da traquéia
D38.2,Neoplasia de comportamento incerto ou desconhecido do ouvido médio e dos órgãos respiratórios e intratorácicos,Neoplasia de comportamento incerto ou desconhecido da pleura
D38.3,Neoplasia de comportamento incerto ou desconhecido do ouvido médio e dos órgãos respiratórios e intratorácicos,Neoplasia de comportamento incerto ou desconhecido do mediastino
D38.4,Neoplasia de comportamento incerto ou desconhecido do ouvido médio e dos órgãos respiratórios e intratorácicos,Neoplasia de comportamento incerto ou desconhecido do timo
D38.5,Neoplasia de comportamento incerto ou desconhecido do ouvido médio e dos órgãos respiratórios e intratorácicos,Neoplasia de comportamento incerto ou desconhecido de outros órgãos respiratórios
D38.6,Neoplasia de comportamento incerto ou desconhecido do ouvido médio e dos órgãos respiratórios e intratorácicos,Neoplasia de comportamento incerto ou desconhecido de órgão respiratório
D39.0,Neoplasia de comportamento incerto ou desconhecido dos órgãos genitais femininos,Neoplasia de comportamento incerto ou desconhecido do útero
D39.1,Neoplasia de comportamento incerto ou desconhecido dos órgãos genitais femininos,Neoplasia de comportamento incerto ou desconhecido do ovário
D39.2,Neoplasia de comportamento incerto ou desconhecido dos órgãos genitais femininos,Neoplasia de comportamento incerto ou desconhecido da placenta
D39.7,Neoplasia de comportamento incerto ou desconhecido dos órgãos genitais femininos,Neoplasia de comportamento incerto ou desconhecido de outros órgãos genitais femininos
D39.9,Neoplasia de comportamento incerto ou desconhecido dos órgãos genitais femininos,Neoplasia de comportamento incerto ou desconhecido de órgão genital feminino
D40.0,Neoplasia de comportamento incerto ou desconhecido dos órgãos genitais masculinos,Neoplasia de comportamento incerto ou desconhecido da próstata
D40.1,Neoplasia de comportamento incerto ou desconhecido dos órgãos genitais masculinos,Neoplasia de comportamento incerto ou desconhecido do testículo
D40.7,Neoplasia de comportamento incerto ou desconhecido dos órgãos genitais masculinos,Neoplasia de comportamento incerto ou desconhecido de outros órgãos genitais masculinos
D40.9,Neoplasia de comportamento incerto ou desconhecido dos órgãos genitais masculinos,Neoplasia de comportamento incerto ou desconhecido de órgão genital masculino
D41.0,Neoplasia de comportamento incerto ou desconhecido dos órgãos urinários,Neoplasia de comportamento incerto ou desconhecido do rim
D41.1,Neoplasia de comportamento incerto ou desconhecido dos órgãos urinários,Neoplasia de comportamento incerto ou desconhecido da pelve renal
D41.2,Neoplasia de comportamento incerto ou desconhecido dos órgãos urinários,Neoplasia de comportamento incerto ou desconhecido do ureter
D41.3,Neoplasia de comportamento incerto ou desconhecido dos órgãos urinários,Neoplasia de comportamento incerto ou desconhecido da uretra
D41.4,Neoplasia de comportamento incerto ou desconhecido dos órgãos urinários,Neoplasia de comportamento incerto ou desconhecido da bexiga
D41.7,Neoplasia de comportamento incerto ou desconhecido dos órgãos urinários,Neoplasia de comportamento incerto ou desconhecido de outros órgãos urinários
D41.9,Neoplasia de comportamento incerto ou desconhecido dos órgãos urinários,Neoplasia de comportamento incerto ou desconhecido de órgão urinário
D42.0,Neoplasia de comportamento incerto ou desconhecido das meninges,Neoplasia de comportamento incerto ou desconhecido das meninges cerebrais
D42.1,Neoplasia de comportamento incerto ou desconhecido das meninges,Neoplasia de comportamento incerto ou desconhecido das meninges espinhais
D42.9,Neoplasia de comportamento incerto ou desconhecido das meninges,Neoplasia de comportamento incerto ou desconhecido de meninges não especificadas
D43.0,Neoplasia de comportamento incerto ou desconhecido do encéfalo e do sistema nervoso central,Neoplasia de comportamento incerto ou desconhecido do encéfalo
D43.1,Neoplasia de comportamento incerto ou desconhecido do encéfalo e do sistema nervoso central,Neoplasia de comportamento incerto ou desconhecido do encéfalo
D43.2,Neoplasia de comportamento incerto ou desconhecido do encéfalo e do sistema nervoso central,Neoplasia de comportamento incerto ou desconhecido do encéfalo
D43.3,Neoplasia de comportamento incerto ou desconhecido do encéfalo e do sistema nervoso central,Neoplasia de comportamento incerto ou desconhecido dos nervos cranianos
D43.4,Neoplasia de comportamento incerto ou desconhecido do encéfalo e do sistema nervoso central,Neoplasia de comportamento incerto ou desconhecido da medula espinhal
D43.7,Neoplasia de comportamento incerto ou desconhecido do encéfalo e do sistema nervoso central,Neoplasia de comportamento incerto ou desconhecido de outras partes do sistema nervoso central
D43.9,Neoplasia de comportamento incerto ou desconhecido do encéfalo e do sistema nervoso central,Neoplasia de comportamento incerto ou desconhecido do sistema nervoso central
D44.0,Neoplasia de comportamento incerto ou desconhecido das glândulas endócrinas,Neoplasia de comportamento incerto ou desconhecido da glândula tireóide
D44.1,Neoplasia de comportamento incerto ou desconhecido das glândulas endócrinas,Neoplasia de comportamento incerto ou desconhecido da glândula supra-renal (adrenal)
D44.2,Neoplasia de comportamento incerto ou desconhecido das glândulas endócrinas,Neoplasia de comportamento incerto ou desconhecido da glândula paratireóide
D44.3,Neoplasia de comportamento incerto ou desconhecido das glândulas endócrinas,Neoplasia de comportamento incerto ou desconhecido da glândula hipófise (pituitária)
D44.4,Neoplasia de comportamento incerto ou desconhecido das glândulas endócrinas,Neoplasia de comportamento incerto ou desconhecido do conduto craniofaríngeo
D44.5,Neoplasia de comportamento incerto ou desconhecido das glândulas endócrinas,Neoplasia de comportamento incerto ou desconhecido da glândula pineal
D44.6,Neoplasia de comportamento incerto ou desconhecido das glândulas endócrinas,Neoplasia de comportamento incerto ou desconhecido do corpo carotídeo
D44.7,Neoplasia de comportamento incerto ou desconhecido das glândulas endócrinas,Neoplasia de comportamento incerto ou desconhecido dos corpos aórticos e outros paragânglios
D44.8,Neoplasia de comportamento incerto ou desconhecido das glândulas endócrinas,Neoplasia de comportamento incerto ou desconhecido com comprometimento pluriglandular
D44.9,Neoplasia de comportamento incerto ou desconhecido das glândulas endócrinas,Neoplasia de comportamento incerto ou desconhecido de glândula endócrina
D45,Policitemia vera,Policitemia vera
D46.0,Síndromes mielodisplásicas,Anemia refratária sem sideroblastos
D46.1,Síndromes mielodisplásicas,Anemia refratária com sideroblastos
D46.2,Síndromes mielodisplásicas,Anemia refratária com excesso de blastos
D46.3,Síndromes mielodisplásicas,Anemia refratária com excesso de blastos com transformação
D46.4,Síndromes mielodisplásicas,Anemia refratária
D46.7,Síndromes mielodisplásicas,Outras síndromes mielodisplásicas
D46.9,Síndromes mielodisplásicas,Síndrome mielodisplásica
D47.0,Outras neoplasias de comportamento incerto ou desconhecido dos tecidos linfático,Tumores de comportamento incerto ou desconhecido de mastócitos e células histiocíticas
D47.1,Outras neoplasias de comportamento incerto ou desconhecido dos tecidos linfático,Doença mieloproliferativa crônica
D47.2,Outras neoplasias de comportamento incerto ou desconhecido dos tecidos linfático,Gamopatia monoclonal
D47.3,Outras neoplasias de comportamento incerto ou desconhecido dos tecidos linfático,Trombocitemia essencial (hemorrágica)
D47.7,Outras neoplasias de comportamento incerto ou desconhecido dos tecidos linfático,Outras neoplasias especificadas de comportamento incerto ou desconhecido dos tecidos linfático
D47.9,Outras neoplasias de comportamento incerto ou desconhecido dos tecidos linfático,Neoplasia de comportamento incerto ou desconhecido dos tecidos linfático
D48.0,Neoplasia de comportamento incerto ou desconhecido de outras localizações e de localizações não especificadas,Neoplasia de comportamento incerto ou desconhecido dos ossos e cartilagens articulares
D48.1,Neoplasia de comportamento incerto ou desconhecido de outras localizações e de localizações não especificadas,Neoplasia de comportamento incerto ou desconhecido do tecido conjuntivo e outros tecidos moles
D48.2,Neoplasia de comportamento incerto ou desconhecido de outras localizações e de localizações não especificadas,Neoplasia de comportamento incerto ou desconhecido dos nervos periféricos e do sistema nervoso periférico
D48.3,Neoplasia de comportamento incerto ou desconhecido de outras localizações e de localizações não especificadas,Neoplasia de comportamento incerto ou desconhecido do retroperitônio
D48.4,Neoplasia de comportamento incerto ou desconhecido de outras localizações e de localizações não especificadas,Neoplasia de comportamento incerto ou desconhecido do peritônio
D48.5,Neoplasia de comportamento incerto ou desconhecido de outras localizações e de localizações não especificadas,Neoplasia de comportamento incerto ou desconhecido da pele
D48.6,Neoplasia de comportamento incerto ou desconhecido de outras localizações e de localizações não especificadas,Neoplasia de comportamento incerto ou desconhecido da mama
D48.7,Neoplasia de comportamento incerto ou desconhecido de outras localizações e de localizações não especificadas,Neoplasia de comportamento incerto ou desconhecido de outras localizações especificadas
D48.9,Neoplasia de comportamento incerto ou desconhecido de outras localizações e de localizações não especificadas,Neoplasia de comportamento incerto ou desconhecido sem outra especificação
D50.0,Anemia por deficiência de ferro,Anemia por deficiência de ferro secundária à perda de sangue (crônica)
D50.1,Anemia por deficiência de ferro,Disfagia sideropênica
D50.8,Anemia por deficiência de ferro,Outras anemias por deficiência de ferro
D50.9,Anemia por deficiência de ferro,Anemia por deficiência de ferro não especificada
D51.0,Anemia por deficiência de vitamina B12,Anemia por deficiência de vitamina B12 devida à deficiência de fator intrínseco
D51.1,Anemia por deficiência de vitamina B12,Anemia por deficiência de vitamina B12 devida à má-absorção seletiva de vitamina B12 com proteinúria
D51.2,Anemia por deficiência de vitamina B12,Deficiência de transcobalamina II
D51.3,Anemia por deficiência de vitamina B12,Outras anemias por deficiência de vitamina B12 na dieta
D51.8,Anemia por deficiência de vitamina B12,Outras anemias por deficiência de vitamina B12
D51.9,Anemia por deficiência de vitamina B12,Anemia por deficiência de vitamina B12 não especificada
D52.0,Anemia por deficiência de folato,Anemia por deficiência de folato na dieta
D52.1,Anemia por deficiência de folato,Anemia por deficiência de folato induzida por drogas
D52.8,Anemia por deficiência de folato,Outras anemias por deficiência de folato
D52.9,Anemia por deficiência de folato,Anemia por deficiência de folato não especificada
D53.0,Outras anemias nutricionais,Anemia por deficiência de proteínas
D53.1,Outras anemias nutricionais,Outras anemias megaloblásticas não classificadas em outras partes
D53.2,Outras anemias nutricionais,Anemia escorbútica
D53.8,Outras anemias nutricionais,Outras anemias nutricionais especificadas
D53.9,Outras anemias nutricionais,Anemia nutricional não especificada
D55.0,Anemia devida a transtornos enzimáticos,Anemia devida à deficiência de glicose-6-fosfato-desidrogenase [G-6-PD]
D55.1,Anemia devida a transtornos enzimáticos,Anemia devida a outros transtornos do metabolismo do glutation
D55.2,Anemia devida a transtornos enzimáticos,Anemia devida a transtornos das enzimas glicolíticas
D55.3,Anemia devida a transtornos enzimáticos,Anemia devida a transtornos do metabolismo de nucleotídios
D55.8,Anemia devida a transtornos enzimáticos,Outras anemias devidas a transtornos enzimáticos
D55.9,Anemia devida a transtornos enzimáticos,Anemia devida a transtorno enzimático não especificada
D56.0,Talassemia,Talassemia alfa
D56.1,Talassemia,Talassemia beta
D56.2,Talassemia,Talassemia delta-beta
D56.3,Talassemia,Estigma talassêmico
D56.4,Talassemia,Persistência hereditária de hemoglobina fetal
D56.8,Talassemia,Outras talassemias
D56.9,Talassemia,Talassemia não especificada
D57.0,Transtornos falciformes,Anemia falciforme com crise
D57.1,Transtornos falciformes,Anemia falciforme sem crise
D57.2,Transtornos falciformes,Transtornos falciformes heterozigóticos duplos
D57.3,Transtornos falciformes,Estigma falciforme
D57.8,Transtornos falciformes,Outros transtornos falciformes
D58.0,Outras anemias hemolíticas hereditárias,Esferocitose hereditária
D58.1,Outras anemias hemolíticas hereditárias,Eliptocitose hereditária
D58.2,Outras anemias hemolíticas hereditárias,Outras hemoglobinopatias
D58.8,Outras anemias hemolíticas hereditárias,Outras anemias hemolíticas hereditárias especificadas
D58.9,Outras anemias hemolíticas hereditárias,Anemia hemolítica hereditária não especificada
D59.0,Anemia hemolítica adquirida,Anemia hemolítica auto-imune induzida por droga
D59.1,Anemia hemolítica adquirida,Outras anemias hemolíticas auto-imunes
D59.2,Anemia hemolítica adquirida,Anemia hemolítica não-auto-imune induzida por drogas
D59.3,Anemia hemolítica adquirida,Síndrome hemolítico-urêmica
D59.4,Anemia hemolítica adquirida,Outras anemias hemolíticas não-autoimunes
D59.5,Anemia hemolítica adquirida,Hemoglobinúria paroxística noturna [Marchiafava-Micheli]
D59.6,Anemia hemolítica adquirida,Hemoglobinúria devida à hemólise por outras causas externas
D59.8,Anemia hemolítica adquirida,Outras anemias hemolíticas adquiridas
D59.9,Anemia hemolítica adquirida,Anemia hemolítica adquirida não especificada
D60.0,Aplasia pura da série vermelha,Aplasia pura adquirida crônica da série vermelha
D60.1,Aplasia pura da série vermelha,Aplasia pura adquirida transitória da série vermelha
D60.8,Aplasia pura da série vermelha,Outras aplasias puras adquiridas da série vermelha
D60.9,Aplasia pura da série vermelha,Aplasia pura adquirida
D61.0,Outras anemias aplásticas,Anemia aplástica constitucional
D61.1,Outras anemias aplásticas,Anemia aplástica induzida por drogas
D61.2,Outras anemias aplásticas,Anemia aplástica devida a outros agentes externos
D61.3,Outras anemias aplásticas,Anemia aplástica idiopática
D61.8,Outras anemias aplásticas,Outras anemias aplásticas especificadas
D61.9,Outras anemias aplásticas,Anemia aplástica não especificada
D62,Anemia aguda pós-hemorrágica,Anemia aguda pós-hemorrágica
D63.0,Anemia em doenças crônicas classificadas em outra parte,Anemia em neoplasias
D63.8,Anemia em doenças crônicas classificadas em outra parte,Anemia em outras doenças classificadas em outra parte
D64.0,Outras anemias,Anemia sideroblástica hereditária
D64.1,Outras anemias,Anemia sideroblástica secundária a doença
D64.2,Outras anemias,Anemia sideroblástica secundária ao uso de drogas e a toxinas
D64.3,Outras anemias,Outras anemias sideroblásticas
D64.4,Outras anemias,Anemia diseritropoética congênita
D64.8,Outras anemias,Outras anemias especificadas
D64.9,Outras anemias,Anemia não especificada
D65,Coagulação intravascular disseminada [síndrome de desfibrinação],Coagulação intravascular disseminada [síndrome de desfibrinação]
D66,Deficiência hereditária do fator VIII,Deficiência hereditária do fator VIII
D67,Deficiência hereditária do fator IX,Deficiência hereditária do fator IX
D68.0,Outros defeitos da coagulação,Doença de Von Willebrand
D68.1,Outros defeitos da coagulação,Deficiência hereditária de fator XI
D68.2,Outros defeitos da coagulação,Deficiência hereditária de outros fatores de coagulação
D68.3,Outros defeitos da coagulação,Transtorno hemorrágico devido a anticoagulantes circulantes
D68.4,Outros defeitos da coagulação,Deficiência adquirida de fator de coagulação
D68.8,Outros defeitos da coagulação,Outros defeitos especificados da coagulação
D68.9,Outros defeitos da coagulação,Defeito de coagulação não especificado
D69.0,Púrpura e outras afecções hemorrágicas,Púrpura alérgica
D69.1,Púrpura e outras afecções hemorrágicas,Defeitos qualitativos das plaquetas
D69.2,Púrpura e outras afecções hemorrágicas,Outras púrpuras não-trombocitopênicas
D69.3,Púrpura e outras afecções hemorrágicas,Púrpura trombocitopênica idiopática
D69.4,Púrpura e outras afecções hemorrágicas,Outra trombocitopenia primária
D69.5,Púrpura e outras afecções hemorrágicas,Trombocitopenia secundária
D69.6,Púrpura e outras afecções hemorrágicas,Trombocitopenia não especificada
D69.8,Púrpura e outras afecções hemorrágicas,Outras afecções hemorrágicas especificadas
D69.9,Púrpura e outras afecções hemorrágicas,Afecção hemorrágica não especificada
D70,Agranulocitose,Agranulocitose
D71,Transtornos funcionais dos neutrófilos polimorfonucleares,Transtornos funcionais dos neutrófilos polimorfonucleares
D72.0,Outros transtornos dos glóbulos brancos,Anomalias genéticas dos leucócitos
D72.1,Outros transtornos dos glóbulos brancos,Eosinofilia
D72.8,Outros transtornos dos glóbulos brancos,Outros transtornos especificados dos glóbulos brancos
D72.9,Outros transtornos dos glóbulos brancos,Transtornos não especificados dos glóbulos brancos
D73.0,Doenças do baço,Hipoesplenismo
D73.1,Doenças do baço,Hiperesplenismo
D73.2,Doenças do baço,Esplenomegalia congestiva crônica
D73.3,Doenças do baço,Abscesso do baço
D73.4,Doenças do baço,Cisto do baço
D73.5,Doenças do baço,Infarto do baço
D73.8,Doenças do baço,Outras doenças do baço
D73.9,Doenças do baço,Doença não especificada do baço
D74.0,Metemoglobinemia,Metemoglobinemia congênita
D74.8,Metemoglobinemia,Outras metemoglobinemias
D74.9,Metemoglobinemia,Metemoglobinemia não especificada
D75.0,Outras doenças do sangue e dos órgãos hematopoéticos,Eritrocitose familiar
D75.1,Outras doenças do sangue e dos órgãos hematopoéticos,Policitemia secundária
D75.2,Outras doenças do sangue e dos órgãos hematopoéticos,Trombocitose essencial
D75.8,Outras doenças do sangue e dos órgãos hematopoéticos,Outras doenças especificadas do sangue e dos órgãos hematopoéticos
D75.9,Outras doenças do sangue e dos órgãos hematopoéticos,Doença não especificada do sangue e dos órgãos hematopoéticos
D76.0,Algumas doenças que envolvem o tecido linforreticular e o sistema reticulohistiocítico,Histiocitose das células de Langerhans não classificadas em outra parte
D76.1,Algumas doenças que envolvem o tecido linforreticular e o sistema reticulohistiocítico,Linfohistiocitose hemofagocítica
D76.2,Algumas doenças que envolvem o tecido linforreticular e o sistema reticulohistiocítico,Síndrome hematofagocítica associada à infecção
D76.3,Algumas doenças que envolvem o tecido linforreticular e o sistema reticulohistiocítico,Outras síndromes histiocíticas
D77,Outros transtornos do sangue e dos órgãos hematopoéticos em doenças classificadas em outra parte,Outros transtornos do sangue e dos órgãos hematopoéticos em doenças classificadas em outra parte
D80.0,Imunodeficiência com predominância de defeitos de anticorpos,Hipogamaglobulinemia hereditária
D80.1,Imunodeficiência com predominância de defeitos de anticorpos,Hipogamaglobulinemia não familiar
D80.2,Imunodeficiência com predominância de defeitos de anticorpos,Deficiência seletiva de imunoglobulina A [IgA]
D80.3,Imunodeficiência com predominância de defeitos de anticorpos,Deficiência seletiva de subclasses de imunoglobulina G [IgG]
D80.4,Imunodeficiência com predominância de defeitos de anticorpos,Deficiência seletiva de imunoglobulina M [IgM]
D80.5,Imunodeficiência com predominância de defeitos de anticorpos,Imunodeficiência com aumento de imunoglobulina M [IgM]
D80.6,Imunodeficiência com predominância de defeitos de anticorpos,Deficiência de anticorpos com imunoglobulinas próximas do normal ou com hiperimunoglobulinemia
D80.7,Imunodeficiência com predominância de defeitos de anticorpos,Hipogamaglobulinemia transitória da infância
D80.8,Imunodeficiência com predominância de defeitos de anticorpos,Outras imunodeficiências com predominância de defeitos de anticorpos
D80.9,Imunodeficiência com predominância de defeitos de anticorpos,Imunodeficiência não especificada com predominância de defeitos de anticorpos
D81.0,Deficiências imunitárias combinadas,Imunodeficiência combinada grave [SCID] com disgenesia reticular
D81.1,Deficiências imunitárias combinadas,Imunodeficiência combinada grave [SCID] com números baixos de células T e B
D81.2,Deficiências imunitárias combinadas,Imunodeficiência combinada grave [SCID] com números baixos ou normais de células B
D81.3,Deficiências imunitárias combinadas,Deficiência de adenosina-deaminase [ADA]
D81.4,Deficiências imunitárias combinadas,Síndrome de Nezelof
D81.5,Deficiências imunitárias combinadas,Deficiência de purina-nucleosídeo fosforilase [PNP]
D81.6,Deficiências imunitárias combinadas,Deficiência major classe I do complexo de histocompatibilidade
D81.7,Deficiências imunitárias combinadas,Deficiência major classe II do complexo de histocompatibilidade
D81.8,Deficiências imunitárias combinadas,Outras deficiências imunitárias combinadas
D81.9,Deficiências imunitárias combinadas,Deficiências imunitárias combinadas não especificadas
D82.0,"Imunodeficiência associada com outros defeitos ""major""",Síndrome de Wiskott-Aldrich
D82.1,"Imunodeficiência associada com outros defeitos ""major""",Síndrome de Di George
D82.2,"Imunodeficiência associada com outros defeitos ""major""",Imunodeficiência com encurtamento de membros
D82.3,"Imunodeficiência associada com outros defeitos ""major""",Imunodeficiência que se segue à resposta hereditária defeituosa ao vírus de Epstein-Barr (EB)
D82.4,"Imunodeficiência associada com outros defeitos ""major""",Síndrome da hiperimunoglobulina E [IgE]
D82.8,"Imunodeficiência associada com outros defeitos ""major""",Imunodeficiências associadas com outros defeitos major especificados
D82.9,"Imunodeficiência associada com outros defeitos ""major""",Imunodeficiência associada com defeitos major não especificados
D83.0,Imunodeficiência comum variável,Imunodeficiência comum variável com predominância de anormalidades do número e da função das células B
D83.1,Imunodeficiência comum variável,Imunodeficiência comum variável com predominância de transtornos imunorregulatórios de células T
D83.2,Imunodeficiência comum variável,Imunodeficiência comum variável com auto-anticorpos às células B ou T
D83.8,Imunodeficiência comum variável,Outras imunodeficiências comuns variáveis
D83.9,Imunodeficiência comum variável,Imunodeficiência comum variável não especificada
D84.0,Outras imunodeficiências,Defeito do antígeno-1 da função de linfócito [LFA-1]
D84.1,Outras imunodeficiências,Defeitos no sistema complemento
D84.8,Outras imunodeficiências,Outras imunodeficiências especificadas
D84.9,Outras imunodeficiências,Imunodeficiência não especificada
D86.0,Sarcoidose,Sarcoidose do pulmão
D86.1,Sarcoidose,Sarcoidose dos gânglios linfáticos
D86.2,Sarcoidose,Sarcoidose do pulmão com sarcoidose dos gânglios linfáticos
D86.3,Sarcoidose,Sarcoidose da pele
D86.8,Sarcoidose,Sarcoidose de outros locais especificados e locais combinados
D86.9,Sarcoidose,Sarcoidose não especificada
D89.0,Outros transtornos que comprometem o mecanismo imunitário não classificados em outra parte,Hipergamaglobulinemia policlonal
D89.1,Outros transtornos que comprometem o mecanismo imunitário não classificados em outra parte,Crioglobulinemia
D89.2,Outros transtornos que comprometem o mecanismo imunitário não classificados em outra parte,Hipergamaglobulinemia não especificada
D89.8,Outros transtornos que comprometem o mecanismo imunitário não classificados em outra parte,Outros transtornos especificados que comprometem o mecanismo imunitário não classificados em outra parte
D89.9,Outros transtornos que comprometem o mecanismo imunitário não classificados em outra parte,Transtornos não especificados que comprometem o mecanismo imunitário
E00.0,Síndrome de deficiência congênita de iodo,Síndrome da deficiência congênita de iodo do tipo neurológico
E00.1,Síndrome de deficiência congênita de iodo,Síndrome da deficiência congênita de iodo do tipo mixedematoso
E00.2,Síndrome de deficiência congênita de iodo,Síndrome da deficiência congênita de iodo do tipo misto
E00.9,Síndrome de deficiência congênita de iodo,Síndrome da deficiência congênita de iodo
E01.0,Transtornos tireoidianos e afecções associadas,Bócio (endêmico) difuso por deficiência de iodo
E01.1,Transtornos tireoidianos e afecções associadas,Bócio (endêmico) multinodular por deficiência de iodo
E01.2,Transtornos tireoidianos e afecções associadas,Bócio (endêmico) não especificado
E01.8,Transtornos tireoidianos e afecções associadas,Outros transtornos tireoidianos e afecções associadas
E02,Hipotireoidismo subclínico por deficiência de iodo,Hipotireoidismo subclínico por deficiência de iodo
E03.0,Outros hipotireoidismos,Hipotireoidismo congênito com bócio difuso
E03.1,Outros hipotireoidismos,Hipotireoidismo congênito sem bócio
E03.2,Outros hipotireoidismos,Hipotireoidismo devido a medicamentos e outras substâncias exógenas
E03.3,Outros hipotireoidismos,Hipotireoidismo pós-infeccioso
E03.4,Outros hipotireoidismos,Atrofia (adquirida) da tireóide
E03.5,Outros hipotireoidismos,Coma mixedematoso
E03.8,Outros hipotireoidismos,Outros hipotireoidismos especificados
E03.9,Outros hipotireoidismos,Hipotireoidismo não especificado
E04.0,Outros bócios não-tóxicos,Bócio não-tóxico difuso
E04.1,Outros bócios não-tóxicos,Bócio não-tóxico uninodular
E04.2,Outros bócios não-tóxicos,Bócio não-tóxico multinodular
E04.8,Outros bócios não-tóxicos,Outro bócio não-tóxico especificado
E04.9,Outros bócios não-tóxicos,Bócio não-tóxico
E05.0,Tireotoxicose [hipertireoidismo],Tireotoxicose com bócio difuso
E05.1,Tireotoxicose [hipertireoidismo],Tireotoxicose com bócio tóxico uninodular
E05.2,Tireotoxicose [hipertireoidismo],Tireotoxicose com bócio tóxico multinodular
E05.3,Tireotoxicose [hipertireoidismo],Tireotoxicose causada por tecido tireoidiano ectópico
E05.4,Tireotoxicose [hipertireoidismo],Tireotoxicose factícia
E05.5,Tireotoxicose [hipertireoidismo],Crise ou tempestade tireotóxica
E05.8,Tireotoxicose [hipertireoidismo],Outras tireotoxicoses
E05.9,Tireotoxicose [hipertireoidismo],Tireotoxicose não especificada
E06.0,Tireoidite,Tireoidite aguda
E06.1,Tireoidite,Tireoidite subaguda
E06.2,Tireoidite,Tireoidite crônica com tireotoxicose transitória
E06.3,Tireoidite,Tireoidite auto-imune
E06.4,Tireoidite,Tireoidite induzida por droga
E06.5,Tireoidite,Outras tireoidites crônicas
E06.9,Tireoidite,Tireoidite não especificada
E07.0,Outros transtornos da tireóide,Hipersecreção de calcitonina
E07.1,Outros transtornos da tireóide,Bócio disormonogênico
E07.8,Outros transtornos da tireóide,Outros transtornos especificados da tireóide
E07.9,Outros transtornos da tireóide,Transtorno não especificado da tireóide
E10.0,Diabetes mellitus insulino-dependente,Diabetes mellitus insulino-dependente - com coma
E10.1,Diabetes mellitus insulino-dependente,Diabetes mellitus insulino-dependente - com cetoacidose
E10.2,Diabetes mellitus insulino-dependente,Diabetes mellitus insulino-dependente - com complicações renais
E10.3,Diabetes mellitus insulino-dependente,Diabetes mellitus insulino-dependente - com complicações oftálmicas
E10.4,Diabetes mellitus insulino-dependente,Diabetes mellitus insulino-dependente - com complicações neurológicas
E10.5,Diabetes mellitus insulino-dependente,Diabetes mellitus insulino-dependente - com complicações circulatórias periféricas
E10.6,Diabetes mellitus insulino-dependente,Diabetes mellitus insulino-dependente - com outras complicações especificadas
E10.7,Diabetes mellitus insulino-dependente,Diabetes mellitus insulino-dependente - com complicações múltiplas
E10.8,Diabetes mellitus insulino-dependente,Diabetes mellitus insulino-dependente - com complicações não especificadas
E10.9,Diabetes mellitus insulino-dependente,Diabetes mellitus insulino-dependente - sem complicações
E11.0,Diabetes mellitus não-insulino-dependente,Diabetes mellitus não-insulino-dependente - com coma
E11.1,Diabetes mellitus não-insulino-dependente,Diabetes mellitus não-insulino-dependente - com cetoacidose
E11.2,Diabetes mellitus não-insulino-dependente,Diabetes mellitus não-insulino-dependente - com complicações renais
E11.3,Diabetes mellitus não-insulino-dependente,Diabetes mellitus não-insulino-dependente - com complicações oftálmicas
E11.4,Diabetes mellitus não-insulino-dependente,Diabetes mellitus não-insulino-dependente - com complicações neurológicas
E11.5,Diabetes mellitus não-insulino-dependente,Diabetes mellitus não-insulino-dependente - com complicações circulatórias periféricas
E11.6,Diabetes mellitus não-insulino-dependente,Diabetes mellitus não-insulino-dependente - com outras complicações especificadas
E11.7,Diabetes mellitus não-insulino-dependente,Diabetes mellitus não-insulino-dependente - com complicações múltiplas
E11.8,Diabetes mellitus não-insulino-dependente,Diabetes mellitus não-insulino-dependente - com complicações não especificadas
E11.9,Diabetes mellitus não-insulino-dependente,Diabetes mellitus não-insulino-dependente - sem complicações
E12.0,Diabetes mellitus relacionado com a desnutrição,Diabetes mellitus relacionado com a desnutrição - com coma
E12.1,Diabetes mellitus relacionado com a desnutrição,Diabetes mellitus relacionado com a desnutrição - com cetoacidose
E12.2,Diabetes mellitus relacionado com a desnutrição,Diabetes mellitus relacionado com a desnutrição - com complicações renais
E12.3,Diabetes mellitus relacionado com a desnutrição,Diabetes mellitus relacionado com a desnutrição - com complicações oftálmicas
E12.4,Diabetes mellitus relacionado com a desnutrição,Diabetes mellitus relacionado com a desnutrição - com complicações neurológicas
E12.5,Diabetes mellitus relacionado com a desnutrição,Diabetes mellitus relacionado com a desnutrição - com complicações circulatórias periféricas
E12.6,Diabetes mellitus relacionado com a desnutrição,Diabetes mellitus relacionado com a desnutrição - com outras complicações especificadas
E12.7,Diabetes mellitus relacionado com a desnutrição,Diabetes mellitus relacionado com a desnutrição - com complicações múltiplas
E12.8,Diabetes mellitus relacionado com a desnutrição,Diabetes mellitus relacionado com a desnutrição - com complicações não especificadas
E12.9,Diabetes mellitus relacionado com a desnutrição,Diabetes mellitus relacionado com a desnutrição - sem complicações
E13.0,Outros tipos especificados de diabetes mellitus,Outros tipos especificados de diabetes mellitus - com coma
E13.1,Outros tipos especificados de diabetes mellitus,Outros tipos especificados de diabetes mellitus - com cetoacidose
E13.2,Outros tipos especificados de diabetes mellitus,Outros tipos especificados de diabetes mellitus - com complicações renais
E13.3,Outros tipos especificados de diabetes mellitus,Outros tipos especificados de diabetes mellitus - com complicações oftálmicas
E13.4,Outros tipos especificados de diabetes mellitus,Outros tipos especificados de diabetes mellitus - com complicações neurológicas
E13.5,Outros tipos especificados de diabetes mellitus,Outros tipos especificados de diabetes mellitus - com complicações circulatórias periféricas
E13.6,Outros tipos especificados de diabetes mellitus,Outros tipos especificados de diabetes mellitus - com outras complicações especificadas
E13.7,Outros tipos especificados de diabetes mellitus,Outros tipos especificados de diabetes mellitus - com complicações múltiplas
E13.8,Outros tipos especificados de diabetes mellitus,Outros tipos especificados de diabetes mellitus - com complicações não especificadas
E13.9,Outros tipos especificados de diabetes mellitus,Outros tipos especificados de diabetes mellitus - sem complicações
E14.0,Diabetes mellitus não especificado,Diabetes mellitus não especificado - com coma
E14.1,Diabetes mellitus não especificado,Diabetes mellitus não especificado - com cetoacidose
E14.2,Diabetes mellitus não especificado,Diabetes mellitus não especificado - com complicações renais
E14.3,Diabetes mellitus não especificado,Diabetes mellitus não especificado - com complicações oftálmicas
E14.4,Diabetes mellitus não especificado,Diabetes mellitus não especificado - com complicações neurológicas
E14.5,Diabetes mellitus não especificado,Diabetes mellitus não especificado - com complicações circulatórias periféricas
E14.6,Diabetes mellitus não especificado,Diabetes mellitus não especificado - com outras complicações especificadas
E14.7,Diabetes mellitus não especificado,Diabetes mellitus não especificado - com complicações múltiplas
E14.8,Diabetes mellitus não especificado,Diabetes mellitus não especificado - com complicações não especificadas
E14.9,Diabetes mellitus não especificado,Diabetes mellitus não especificado - sem complicações
E15,Coma hipoglicêmico não-diabético,Coma hipoglicêmico não-diabético
E16.0,Outros transtornos da secreção pancreática interna,Hipoglicemia induzida por droga sem coma
E16.1,Outros transtornos da secreção pancreática interna,Outra hipoglicemia
E16.2,Outros transtornos da secreção pancreática interna,Hipoglicemia não especificada
E16.3,Outros transtornos da secreção pancreática interna,Aumento da secreção de glucagon
E16.4,Outros transtornos da secreção pancreática interna,Secreção anormal de gastrina
E16.8,Outros transtornos da secreção pancreática interna,Outros transtornos especificados da secreção pancreática interna
E16.9,Outros transtornos da secreção pancreática interna,Transtorno não especificado da secreção pancreática interna
E20.0,Hipoparatireoidismo,Hipoparatireoidismo idiopático
E20.1,Hipoparatireoidismo,Pseudohipoparatireoidismo
E20.8,Hipoparatireoidismo,Outro hipoparatireoidismo
E20.9,Hipoparatireoidismo,Hipoparatireoidismo não especificado
E21.0,Hiperparatireoidismo e outros transtornos da glândula paratireóide,Hiperparatireoidismo primário
E21.1,Hiperparatireoidismo e outros transtornos da glândula paratireóide,Hiperparatireoidismo secundário não classificado em outra parte
E21.2,Hiperparatireoidismo e outros transtornos da glândula paratireóide,Outro hiperparatireoidismo
E21.3,Hiperparatireoidismo e outros transtornos da glândula paratireóide,Hiperparatireoidismo não especificado
E21.4,Hiperparatireoidismo e outros transtornos da glândula paratireóide,Outros transtornos especificados da glândula paratireóide
E21.5,Hiperparatireoidismo e outros transtornos da glândula paratireóide,Transtorno não especificado da glândula paratireóide
E22.0,Hiperfunção da hipófise,Acromegalia e gigantismo hipofisário
E22.1,Hiperfunção da hipófise,Hiperprolactinemia
E22.2,Hiperfunção da hipófise,Síndrome da secreção inadequada de hormônio antidiurético
E22.8,Hiperfunção da hipófise,Outras hiperfunções da hipófise
E22.9,Hiperfunção da hipófise,Hiperfunção não especificada da hipófise
E23.0,Hipofunção e outros transtornos da hipófise,Hipopituitarismo
E23.1,Hipofunção e outros transtornos da hipófise,Hipopituitarismo induzido por droga
E23.2,Hipofunção e outros transtornos da hipófise,Diabetes insípido
E23.3,Hipofunção e outros transtornos da hipófise,Disfunção hipotalâmica não classificada em outra parte
E23.6,Hipofunção e outros transtornos da hipófise,Outros transtornos da hipófise
E23.7,Hipofunção e outros transtornos da hipófise,Transtorno não especificado da hipófise
E24.0,Síndrome de Cushing,Síndrome de Cushing dependente da hipófise
E24.1,Síndrome de Cushing,Síndrome de Nelson
E24.2,Síndrome de Cushing,Síndrome de Cushing induzida por droga
E24.3,Síndrome de Cushing,Síndrome do ACTH ectópico
E24.4,Síndrome de Cushing,Síndrome de pseudo-Cushing induzida pelo álcool
E24.8,Síndrome de Cushing,Outra síndrome de Cushing
E24.9,Síndrome de Cushing,Síndrome de Cushing não especificada
E25.0,Transtornos adrenogenitais,Transtornos adrenogenitais congênitos associados à deficiência enzimática
E25.8,Transtornos adrenogenitais,Outros transtornos adrenogenitais
E25.9,Transtornos adrenogenitais,Transtorno adrenogenital não especificado
E26.0,Hiperaldosteronismo,Hiperaldosteronismo primário
E26.1,Hiperaldosteronismo,Hiperaldosteronismo secundário
E26.8,Hiperaldosteronismo,Outro hiperaldosteronismo
E26.9,Hiperaldosteronismo,Hiperaldosteronismo não especificado
E27.0,Outros transtornos da glândula supra-renal,Outros excessos de atividade adrenocortical
E27.1,Outros transtornos da glândula supra-renal,Insuficiência adrenocortical primária
E27.2,Outros transtornos da glândula supra-renal,Crise addisoniana
E27.3,Outros transtornos da glândula supra-renal,Insuficiência adrenocortical induzida por drogas
E27.4,Outros transtornos da glândula supra-renal,Outras insuficiências adrenocorticais e as não especificadas
E27.5,Outros transtornos da glândula supra-renal,Hiperfunção adrenomedular
E27.8,Outros transtornos da glândula supra-renal,Outros transtornos especificados da supra-renal
E27.9,Outros transtornos da glândula supra-renal,Transtorno não especificado da supra-renal
E28.0,Disfunção ovariana,Excesso de estrógeno
E28.1,Disfunção ovariana,Excesso de andrógenos
E28.2,Disfunção ovariana,Síndrome do ovário policístico
E28.3,Disfunção ovariana,Insuficiência ovariana primária
E28.8,Disfunção ovariana,Outra disfunção ovariana
E28.9,Disfunção ovariana,Disfunção ovariana não especificada
E29.0,Disfunção testicular,Hiperfunção testicular
E29.1,Disfunção testicular,Hipofunção testicular
E29.8,Disfunção testicular,Outra disfunção testicular
E29.9,Disfunção testicular,Disfunção testicular não especificada
E30.0,Transtornos da puberdade não classificados em outra parte,Puberdade retardada
E30.1,Transtornos da puberdade não classificados em outra parte,Puberdade precoce
E30.8,Transtornos da puberdade não classificados em outra parte,Outros transtornos da puberdade
E30.9,Transtornos da puberdade não classificados em outra parte,Transtorno não especificado da puberdade
E31.0,Disfunção poliglandular,Insuficiência poliglandular auto-imune
E31.1,Disfunção poliglandular,Hiperfunção poliglandular
E31.8,Disfunção poliglandular,Outra disfunção poliglandular
E31.9,Disfunção poliglandular,Disfunção poliglandular não especificada
E32.0,Doenças do timo,Hiperplasia persistente do timo
E32.1,Doenças do timo,Abscesso do timo
E32.8,Doenças do timo,Outras doenças do timo
E32.9,Doenças do timo,Doença do timo não especificada
E34.0,Outros transtornos endócrinos,Síndrome carcinóide
E34.1,Outros transtornos endócrinos,Outra hipersecreção de hormônios intestinais
E34.2,Outros transtornos endócrinos,Secreção hormonal ectópica
E34.3,Outros transtornos endócrinos,Nanismo
E34.4,Outros transtornos endócrinos,Alta estatura constitucional
E34.5,Outros transtornos endócrinos,Síndrome de resistência a andrógenos
E34.8,Outros transtornos endócrinos,Outros transtornos endócrinos especificados
E34.9,Outros transtornos endócrinos,Transtorno endócrino não especificado
E35.0,Transtornos das glândulas endócrinas em doenças classificadas em outra parte,Transtornos da glândula tireóide em doenças classificadas em outra parte
E35.1,Transtornos das glândulas endócrinas em doenças classificadas em outra parte,Transtornos das supra-renais em doenças classificadas em outra parte
E35.8,Transtornos das glândulas endócrinas em doenças classificadas em outra parte,Transtornos de outras glândulas endócrinas em doenças classificadas em outra parte
E40,Kwashiorkor,Kwashiorkor
E41,Marasmo nutricional,Marasmo nutricional
E42,Kwashiorkor marasmático,Kwashiorkor marasmático
E43,Desnutrição protéico-calórica grave não especificada,Desnutrição protéico-calórica grave não especificada
E44.0,Desnutrição protéico-calórica de graus moderado e leve,Desnutrição protéico-calórica moderada
E44.1,Desnutrição protéico-calórica de graus moderado e leve,Desnutrição protéico-calórica leve
E45,Atraso do desenvolvimento devido à desnutrição protéico-calórica,Atraso do desenvolvimento devido à desnutrição protéico-calórica
E46,Desnutrição protéico-calórica não especificada,Desnutrição protéico-calórica não especificada
E50.0,Deficiência de vitamina A,Deficiência de vitamina A com xerose conjuntival
E50.1,Deficiência de vitamina A,Deficiência de vitamina A com mancha de Bitot e xerose conjuntival
E50.2,Deficiência de vitamina A,Deficiência de vitamina A com xerose da córnea
E50.3,Deficiência de vitamina A,Deficiência de vitamina A com ulceração e xerose da córnea
E50.4,Deficiência de vitamina A,Deficiência de vitamina A com ceratomalácia
E50.5,Deficiência de vitamina A,Deficiência de vitamina A com cegueira noturna
E50.6,Deficiência de vitamina A,Deficiência de vitamina A com cicatrizes xeroftálmicas da córnea
E50.7,Deficiência de vitamina A,Outras manifestações oculares devidas a deficiência de vitamina A
E50.8,Deficiência de vitamina A,Outras manifestações devidas a deficiência de vitamina A
E50.9,Deficiência de vitamina A,Deficiência não especificada de vitamina A
E51.1,Deficiência de tiamina,Beribéri
E51.2,Deficiência de tiamina,Encefalopatia de Wernicke
E51.8,Deficiência de tiamina,Outras manifestações da deficiência de tiamina
E51.9,Deficiência de tiamina,Deficiência não especificada de tiamina
E52,Deficiência de niacina [pelagra],Deficiência de niacina [pelagra]
E53.0,Deficiência de outras vitaminas do grupo B,Deficiência de riboflavina
E53.1,Deficiência de outras vitaminas do grupo B,Deficiência de piridoxina
E53.8,Deficiência de outras vitaminas do grupo B,Deficiência de outras vitaminas especificadas do grupo B
E53.9,Deficiência de outras vitaminas do grupo B,Deficiência não especificada de vitamina B
E54,Deficiência de ácido ascórbico,Deficiência de ácido ascórbico
E55.0,Deficiência de vitamina D,Raquitismo ativo
E55.9,Deficiência de vitamina D,Deficiência não especificada de vitamina D
E56.0,Outras deficiências vitamínicas,Deficiência de vitamina E
E56.1,Outras deficiências vitamínicas,Deficiência de vitamina K
E56.8,Outras deficiências vitamínicas,Deficiência de outras vitaminas
E56.9,Outras deficiências vitamínicas,Deficiência vitamínica não especificada
E58,Deficiência de cálcio da dieta,Deficiência de cálcio da dieta
E59,Deficiência de selênio da dieta,Deficiência de selênio da dieta
E60,Deficiência de zinco da dieta,Deficiência de zinco da dieta
E61.0,Deficiência de outros elementos nutrientes,Deficiência de cobre
E61.1,Deficiência de outros elementos nutrientes,Deficiência de ferro
E61.2,Deficiência de outros elementos nutrientes,Deficiência de magnésio
E61.3,Deficiência de outros elementos nutrientes,Deficiência de manganês
E61.4,Deficiência de outros elementos nutrientes,Deficiência de cromo
E61.5,Deficiência de outros elementos nutrientes,Deficiência de molibdênio
E61.6,Deficiência de outros elementos nutrientes,Deficiência de vanádio
E61.7,Deficiência de outros elementos nutrientes,Deficiência de múltiplos elementos nutrientes
E61.8,Deficiência de outros elementos nutrientes,Deficiência de outros elementos nutrientes especificados
E61.9,Deficiência de outros elementos nutrientes,Deficiência de elementos nutrientes não especificados
E63.0,Outras deficiências nutricionais,Deficiência de ácido graxo essencial
E63.1,Outras deficiências nutricionais,Desequilíbrio de constituintes da ingestão de alimentos
E63.8,Outras deficiências nutricionais,Outras deficiências nutricionais especificadas
E63.9,Outras deficiências nutricionais,Deficiência nutricional não especificada
E64.0,Seqüelas de desnutrição e de outras deficiências nutricionais,Seqüelas de desnutrição protéico-calórica
E64.1,Seqüelas de desnutrição e de outras deficiências nutricionais,Seqüelas da deficiência de vitamina A
E64.2,Seqüelas de desnutrição e de outras deficiências nutricionais,Seqüelas da deficiência de vitamina C
E64.3,Seqüelas de desnutrição e de outras deficiências nutricionais,Seqüelas do raquitismo
E64.8,Seqüelas de desnutrição e de outras deficiências nutricionais,Seqüelas de outras deficiências nutricionais
E64.9,Seqüelas de desnutrição e de outras deficiências nutricionais,Seqüelas de deficiência nutricional não especificada
E65,Adiposidade localizada,Adiposidade localizada
E66.0,Obesidade,Obesidade devida a excesso de calorias
E66.1,Obesidade,Obesidade induzida por drogas
E66.2,Obesidade,Obesidade extrema com hipoventilação alveolar
E66.8,Obesidade,Outra obesidade
E66.9,Obesidade,Obesidade não especificada
E67.0,Outras formas de hiperalimentação,Hipervitaminose A
E67.1,Outras formas de hiperalimentação,Hipercarotenemia
E67.2,Outras formas de hiperalimentação,Síndrome de megavitamina B6
E67.3,Outras formas de hiperalimentação,Hipervitaminose D
E67.8,Outras formas de hiperalimentação,Outras formas especificadas de hiperalimentação
E68,Seqüelas de hiperalimentação,Seqüelas de hiperalimentação
E70.0,Distúrbios do metabolismo de aminoácidos aromáticos,Fenilcetonúria clássica
E70.1,Distúrbios do metabolismo de aminoácidos aromáticos,Outras hiperfenilalaninemias
E70.2,Distúrbios do metabolismo de aminoácidos aromáticos,Distúrbios do metabolismo da tirosina
E70.3,Distúrbios do metabolismo de aminoácidos aromáticos,Albinismo
E70.8,Distúrbios do metabolismo de aminoácidos aromáticos,Outros distúrbios do metabolismo de aminoácidos aromáticos
E70.9,Distúrbios do metabolismo de aminoácidos aromáticos,Distúrbio não especificado do metabolismo de aminoácidos aromáticos
E71.0,Distúrbios do metabolismo de aminoácidos de cadeia ramificada e do metabolismo dos ácidos graxos,Doença da urina em xarope de ácer (ou bordo) (Maple-syrup urine disease)
E71.1,Distúrbios do metabolismo de aminoácidos de cadeia ramificada e do metabolismo dos ácidos graxos,Outros distúrbios do metabolismo de aminoácidos de cadeia ramificada
E71.2,Distúrbios do metabolismo de aminoácidos de cadeia ramificada e do metabolismo dos ácidos graxos,Distúrbio não especificado do metabolismo de aminoácidos de cadeia ramificada
E71.3,Distúrbios do metabolismo de aminoácidos de cadeia ramificada e do metabolismo dos ácidos graxos,Distúrbios do metabolismo de ácidos graxos
E72.0,Outros distúrbios do metabolismo de aminoácidos,Distúrbios do transporte de aminoácidos
E72.1,Outros distúrbios do metabolismo de aminoácidos,Distúrbios do metabolismo dos aminoácidos que contêm enxofre
E72.2,Outros distúrbios do metabolismo de aminoácidos,Distúrbios do metabolismo do ciclo da uréia
E72.3,Outros distúrbios do metabolismo de aminoácidos,Distúrbios do metabolismo da lisina e da hidroxilisina
E72.4,Outros distúrbios do metabolismo de aminoácidos,Distúrbios do metabolismo da ornitina
E72.5,Outros distúrbios do metabolismo de aminoácidos,Distúrbios do metabolismo da glicina
E72.8,Outros distúrbios do metabolismo de aminoácidos,Outros distúrbios especificados do metabolismo dos aminoácidos
E72.9,Outros distúrbios do metabolismo de aminoácidos,Distúrbio não especificado do metabolismo dos aminoácidos
E73.0,Intolerância à lactose,Deficiência congênita de lactase
E73.1,Intolerância à lactose,Deficiência secundária de lactase
E73.8,Intolerância à lactose,Outras intolerâncias à lactose
E73.9,Intolerância à lactose,Intolerância à lactose
E74.0,Outros distúrbios do metabolismo de carboidratos,Doença de depósito de glicogênio
E74.1,Outros distúrbios do metabolismo de carboidratos,Distúrbios do metabolismo da frutose
E74.2,Outros distúrbios do metabolismo de carboidratos,Distúrbios do metabolismo da galactose
E74.3,Outros distúrbios do metabolismo de carboidratos,Outros distúrbios da absorção intestinal de carboidratos
E74.4,Outros distúrbios do metabolismo de carboidratos,Distúrbios do metabolismo do piruvato e da gliconeogênese
E74.8,Outros distúrbios do metabolismo de carboidratos,Outros distúrbios especificados do metabolismo de carboidratos
E74.9,Outros distúrbios do metabolismo de carboidratos,Distúrbio não especificado do metabolismo de carboidratos
E75.0,Distúrbios do metabolismo de esfingolípides e outros distúrbios de depósito de lípides,Gangliosidose GM2
E75.1,Distúrbios do metabolismo de esfingolípides e outros distúrbios de depósito de lípides,Outras gangliosidoses
E75.2,Distúrbios do metabolismo de esfingolípides e outros distúrbios de depósito de lípides,Outras esfingolipidoses
E75.3,Distúrbios do metabolismo de esfingolípides e outros distúrbios de depósito de lípides,Esfingolipidose não especificada
E75.4,Distúrbios do metabolismo de esfingolípides e outros distúrbios de depósito de lípides,Lipofuscinose neuronal ceróide
E75.5,Distúrbios do metabolismo de esfingolípides e outros distúrbios de depósito de lípides,Outros distúrbios do depósito de lípides
E75.6,Distúrbios do metabolismo de esfingolípides e outros distúrbios de depósito de lípides,Distúrbio não especificado do depósito de lípides
E76.0,Distúrbios do metabolismo do glicosaminoglicano,Mucopolissacaridose do tipo I
E76.1,Distúrbios do metabolismo do glicosaminoglicano,Mucopolissacaridose do tipo II
E76.2,Distúrbios do metabolismo do glicosaminoglicano,Outras mucopolissacaridoses
E76.3,Distúrbios do metabolismo do glicosaminoglicano,Mucopolissacaridose não especificada
E76.8,Distúrbios do metabolismo do glicosaminoglicano,Outros distúrbios do metabolismo do glicosaminoglicano
E76.9,Distúrbios do metabolismo do glicosaminoglicano,Distúrbio não especificado do metabolismo do glicosaminoglicano
E77.0,Distúrbios do metabolismo de glicoproteínas,Defeitos na modificação pós-translacional de enzimas lisossômicas
E77.1,Distúrbios do metabolismo de glicoproteínas,Defeitos na degradação das glicoproteínas
E77.8,Distúrbios do metabolismo de glicoproteínas,Outros distúrbios do metabolismo de glicoproteínas
E77.9,Distúrbios do metabolismo de glicoproteínas,Distúrbio não especificado do metabolismo de glicoproteínas
E78.0,Distúrbios do metabolismo de lipoproteínas e outras lipidemias,Hipercolesterolemia pura
E78.1,Distúrbios do metabolismo de lipoproteínas e outras lipidemias,Hipergliceridemia pura
E78.2,Distúrbios do metabolismo de lipoproteínas e outras lipidemias,Hiperlipidemia mista
E78.3,Distúrbios do metabolismo de lipoproteínas e outras lipidemias,Hiperquilomicronemia
E78.4,Distúrbios do metabolismo de lipoproteínas e outras lipidemias,Outras hiperlipidemias
E78.5,Distúrbios do metabolismo de lipoproteínas e outras lipidemias,Hiperlipidemia não especificada
E78.6,Distúrbios do metabolismo de lipoproteínas e outras lipidemias,Deficiências de lipoproteínas
E78.8,Distúrbios do metabolismo de lipoproteínas e outras lipidemias,Outros distúrbios do metabolismo de lipoproteínas
E78.9,Distúrbios do metabolismo de lipoproteínas e outras lipidemias,Distúrbio não especificado do metabolismo de lipoproteínas
E79.0,Distúrbios do metabolismo de purina e pirimidina,Hiperuricemia sem sinais de artrite inflamatória e de doença com tofos
E79.1,Distúrbios do metabolismo de purina e pirimidina,Síndrome de Lesch-Nyhan
E79.8,Distúrbios do metabolismo de purina e pirimidina,Outros distúrbios do metabolismo da purina e pirimidina
E79.9,Distúrbios do metabolismo de purina e pirimidina,Distúrbio não especificado do metabolismo da purina e pirimidina
E80.0,Distúrbios do metabolismo da porfirina e da bilirrubina,Porfiria hereditária eritropoética
E80.1,Distúrbios do metabolismo da porfirina e da bilirrubina,Porfiria cutânea tardia
E80.2,Distúrbios do metabolismo da porfirina e da bilirrubina,Outras porfirias
E80.3,Distúrbios do metabolismo da porfirina e da bilirrubina,Defeitos da catalase e da peroxidase
E80.4,Distúrbios do metabolismo da porfirina e da bilirrubina,Síndrome de Gilbert
E80.5,Distúrbios do metabolismo da porfirina e da bilirrubina,Síndrome da Crigler-Najjar
E80.6,Distúrbios do metabolismo da porfirina e da bilirrubina,Outros distúrbios do metabolismo da bilirrubina
E80.7,Distúrbios do metabolismo da porfirina e da bilirrubina,Distúrbio não especificado do metabolismo da bilirrubina
E83.0,Distúrbios do metabolismo de minerais,Distúrbios do metabolismo do cobre
E83.1,Distúrbios do metabolismo de minerais,Doença do metabolismo do ferro
E83.2,Distúrbios do metabolismo de minerais,Distúrbios do metabolismo do zinco
E83.3,Distúrbios do metabolismo de minerais,Distúrbios do metabolismo do fósforo
E83.4,Distúrbios do metabolismo de minerais,Distúrbios do metabolismo do magnésio
E83.5,Distúrbios do metabolismo de minerais,Distúrbios do metabolismo do cálcio
E83.8,Distúrbios do metabolismo de minerais,Outros distúrbios do metabolismo mineral
E83.9,Distúrbios do metabolismo de minerais,Distúrbio não especificado do metabolismo mineral
E84.0,Fibrose cística,Fibrose cística com manifestações pulmonares
E84.1,Fibrose cística,Fibrose cística com manifestações intestinais
E84.8,Fibrose cística,Fibrose cística com outras manifestações
E84.9,Fibrose cística,Fibrose cística não especificada
E85.0,Amiloidose,Amiloidose heredofamiliar não-neuropática
E85.1,Amiloidose,Amiloidose heredofamiliar neuropática
E85.2,Amiloidose,Amiloidose heredofamiliar não especificada
E85.3,Amiloidose,Amiloidose sistêmica secundária
E85.4,Amiloidose,Amiloidose limitada a órgãos
E85.8,Amiloidose,Outras amiloidoses
E85.9,Amiloidose,Amiloidose não especificada
E86,Depleção de volume,Depleção de volume
E87.0,Outros transtornos do equilíbrio hidroeletrolítico e ácido-básico,Hiperosmolaridade e hipernatremia
E87.1,Outros transtornos do equilíbrio hidroeletrolítico e ácido-básico,Hiposmolaridade e hiponatremia
E87.2,Outros transtornos do equilíbrio hidroeletrolítico e ácido-básico,Acidose
E87.3,Outros transtornos do equilíbrio hidroeletrolítico e ácido-básico,Alcalose
E87.4,Outros transtornos do equilíbrio hidroeletrolítico e ácido-básico,Distúrbio misto do equilíbrio ácido-básico
E87.5,Outros transtornos do equilíbrio hidroeletrolítico e ácido-básico,Hiperpotassemia
E87.6,Outros transtornos do equilíbrio hidroeletrolítico e ácido-básico,Hipopotassemia
E87.7,Outros transtornos do equilíbrio hidroeletrolítico e ácido-básico,Sobrecarga de líquidos
E87.8,Outros transtornos do equilíbrio hidroeletrolítico e ácido-básico,Outros transtornos do equilíbrio hidroeletrolítico não classificados em outra parte
E88.0,Outros distúrbios metabólicos,Distúrbios do metabolismo das proteínas plasmáticas não classificados em outra parte
E88.1,Outros distúrbios metabólicos,Lipodistrofia não classificada em outra parte
E88.2,Outros distúrbios metabólicos,Lipomatose não classificada em outra parte
E88.8,Outros distúrbios metabólicos,Outros distúrbios especificados do metabolismo
E88.9,Outros distúrbios metabólicos,Distúrbio metabólico não especificado
E89.0,Transtornos endócrinos e metabólicos pós-procedimentos,Hipotireoidismo pós-procedimento
E89.1,Transtornos endócrinos e metabólicos pós-procedimentos,Hipoinsulinemia pós-procedimento
E89.2,Transtornos endócrinos e metabólicos pós-procedimentos,Hipoparatireoidismo pós-procedimento
E89.3,Transtornos endócrinos e metabólicos pós-procedimentos,Hipopituitarismo pós-procedimento
E89.4,Transtornos endócrinos e metabólicos pós-procedimentos,Insuficiência ovariana pós-procedimento
E89.5,Transtornos endócrinos e metabólicos pós-procedimentos,Hipofunção testicular pós-procedimento
E89.6,Transtornos endócrinos e metabólicos pós-procedimentos,Hipofunção adrenocortical(-medular) pós-procedimento
E89.8,Transtornos endócrinos e metabólicos pós-procedimentos,Outros transtornos endócrinos e metabólicos pós-procedimento
E89.9,Transtornos endócrinos e metabólicos pós-procedimentos,Transtornos endócrinos e metabólicos não especificados pós-procedimento
E90,Transtornos nutricionais e metabólicos em doenças classificadas em outra parte,Transtornos nutricionais e metabólicos em doenças classificadas em outra parte
F00.0,Demência na doença de Alzheimer,Demência na doença de Alzheimer de início precoce
F00.1,Demência na doença de Alzheimer,Demência na doença de Alzheimer de início tardio
F00.2,Demência na doença de Alzheimer,Demência na doença de Alzheimer
F00.9,Demência na doença de Alzheimer,Demência não especificada na doença de Alzheimer
F01.0,Demência vascular,Demência vascular de início agudo
F01.1,Demência vascular,Demência por infartos múltiplos
F01.2,Demência vascular,Demência vascular subcortical
F01.3,Demência vascular,Demência vascular mista
F01.8,Demência vascular,Outra demência vascular
F01.9,Demência vascular,Demência vascular não especificada
F02.0,Demência em outras doenças classificadas em outra parte,Demência da doença de Pick
F02.1,Demência em outras doenças classificadas em outra parte,Demência na doença de Creutzfeldt-Jakob
F02.2,Demência em outras doenças classificadas em outra parte,Demência na doença de Huntington
F02.3,Demência em outras doenças classificadas em outra parte,Demência na doença de Parkinson
F02.4,Demência em outras doenças classificadas em outra parte,Demência na doença pelo vírus da imunodeficiência humana [HIV]
F02.8,Demência em outras doenças classificadas em outra parte,Demência em outras doenças especificadas classificadas em outra parte
F03,Demência não especificada,Demência não especificada
F04,Síndrome amnésica orgânica não induzida pelo álcool ou por outras substâncias psicoativas,Síndrome amnésica orgânica não induzida pelo álcool ou por outras substâncias psicoativas
F05.0,Delirium não induzido pelo álcool ou por outras substâncias psicoativas,Delirium não superposto a uma demência
F05.1,Delirium não induzido pelo álcool ou por outras substâncias psicoativas,Delirium superposto a uma demência
F05.8,Delirium não induzido pelo álcool ou por outras substâncias psicoativas,Outro delirium
F05.9,Delirium não induzido pelo álcool ou por outras substâncias psicoativas,Delirium não especificado
F06.0,Outros transtornos mentais devidos a lesão e disfunção cerebral e a doença física,Alucinose orgânica
F06.1,Outros transtornos mentais devidos a lesão e disfunção cerebral e a doença física,Estado catatônico orgânico
F06.2,Outros transtornos mentais devidos a lesão e disfunção cerebral e a doença física,Transtorno delirante orgânico [tipo esquizofrênico]
F06.3,Outros transtornos mentais devidos a lesão e disfunção cerebral e a doença física,Transtornos do humor [afetivos] orgânicos
F06.4,Outros transtornos mentais devidos a lesão e disfunção cerebral e a doença física,Transtornos da ansiedade orgânicos
F06.5,Outros transtornos mentais devidos a lesão e disfunção cerebral e a doença física,Transtorno dissociativo orgânico
F06.6,Outros transtornos mentais devidos a lesão e disfunção cerebral e a doença física,Transtorno de labilidade emocional [astênico] orgânico
F06.7,Outros transtornos mentais devidos a lesão e disfunção cerebral e a doença física,Transtorno cognitivo leve
F06.8,Outros transtornos mentais devidos a lesão e disfunção cerebral e a doença física,Outros transtornos mentais especificados devidos a uma lesão e disfunção cerebral e a uma doença física
F06.9,Outros transtornos mentais devidos a lesão e disfunção cerebral e a doença física,Transtorno mental não especificado devido a uma lesão e disfunção cerebral e a uma doença física
F07.0,Transtornos de personalidade e do comportamento devidos a doença,Transtorno orgânico da personalidade
F07.1,Transtornos de personalidade e do comportamento devidos a doença,Síndrome pós-encefalítica
F07.2,Transtornos de personalidade e do comportamento devidos a doença,Síndrome pós-traumática
F07.8,Transtornos de personalidade e do comportamento devidos a doença,Outros transtornos orgânicos da personalidade e do comportamento devidos a doença cerebral
F07.9,Transtornos de personalidade e do comportamento devidos a doença,Transtorno orgânico não especificado da personalidade e do comportamento devido a doença cerebral
F09,Transtorno mental orgânico ou sintomático não especificado,Transtorno mental orgânico ou sintomático não especificado
F10.0,Transtornos mentais e comportamentais devidos ao uso de álcool,Transtornos mentais e comportamentais devidos ao uso de álcool - intoxicação aguda
F10.1,Transtornos mentais e comportamentais devidos ao uso de álcool,Transtornos mentais e comportamentais devidos ao uso de álcool - uso nocivo para a saúde
F10.2,Transtornos mentais e comportamentais devidos ao uso de álcool,Transtornos mentais e comportamentais devidos ao uso de álcool - síndrome de dependência
F10.3,Transtornos mentais e comportamentais devidos ao uso de álcool,Transtornos mentais e comportamentais devidos ao uso de álcool - síndrome [estado] de abstinência
F10.4,Transtornos mentais e comportamentais devidos ao uso de álcool,Transtornos mentais e comportamentais devidos ao uso de álcool - síndrome de abstinência com delirium
F10.5,Transtornos mentais e comportamentais devidos ao uso de álcool,Transtornos mentais e comportamentais devidos ao uso de álcool - transtorno psicótico
F10.6,Transtornos mentais e comportamentais devidos ao uso de álcool,Transtornos mentais e comportamentais devidos ao uso de álcool - síndrome amnésica
F10.7,Transtornos mentais e comportamentais devidos ao uso de álcool,Transtornos mentais e comportamentais devidos ao uso de álcool - transtorno psicótico residual ou de instalação tardia
F10.8,Transtornos mentais e comportamentais devidos ao uso de álcool,Transtornos mentais e comportamentais devidos ao uso de álcool - outros transtornos mentais ou comportamentais
F10.9,Transtornos mentais e comportamentais devidos ao uso de álcool,Transtornos mentais e comportamentais devidos ao uso de álcool - transtorno mental ou comportamental não especificado
F11.0,Transtornos mentais e comportamentais devidos ao uso de opiáceos,Transtornos mentais e comportamentais devidos ao uso de opiáceos - intoxicação aguda
F11.1,Transtornos mentais e comportamentais devidos ao uso de opiáceos,Transtornos mentais e comportamentais devidos ao uso de opiáceos - uso nocivo para a saúde
F11.2,Transtornos mentais e comportamentais devidos ao uso de opiáceos,Transtornos mentais e comportamentais devidos ao uso de opiáceos - síndrome de dependência
F11.3,Transtornos mentais e comportamentais devidos ao uso de opiáceos,Transtornos mentais e comportamentais devidos ao uso de opiáceos - síndrome [estado] de abstinência
F11.4,Transtornos mentais e comportamentais devidos ao uso de opiáceos,Transtornos mentais e comportamentais devidos ao uso de opiáceos - síndrome de abstinência com delirium
F11.5,Transtornos mentais e comportamentais devidos ao uso de opiáceos,Transtornos mentais e comportamentais devidos ao uso de opiáceos - transtorno psicótico
F11.6,Transtornos mentais e comportamentais devidos ao uso de opiáceos,Transtornos mentais e comportamentais devidos ao uso de opiáceos - síndrome amnésica
F11.7,Transtornos mentais e comportamentais devidos ao uso de opiáceos,Transtornos mentais e comportamentais devidos ao uso de opiáceos - transtorno psicótico residual ou de instalação tardia
F11.8,Transtornos mentais e comportamentais devidos ao uso de opiáceos,Transtornos mentais e comportamentais devidos ao uso de opiáceos - outros transtornos mentais ou comportamentais
F11.9,Transtornos mentais e comportamentais devidos ao uso de opiáceos,Transtornos mentais e comportamentais devidos ao uso de opiáceos - transtorno mental ou comportamental não especificado
F12.0,Transtornos mentais e comportamentais devidos ao uso de canabinóides,Transtornos mentais e comportamentais devidos ao uso de canabinóides - intoxicação aguda
F12.1,Transtornos mentais e comportamentais devidos ao uso de canabinóides,Transtornos mentais e comportamentais devidos ao uso de canabinóides - uso nocivo para a saúde
F12.2,Transtornos mentais e comportamentais devidos ao uso de canabinóides,Transtornos mentais e comportamentais devidos ao uso de canabinóides - síndrome de dependência
F12.3,Transtornos mentais e comportamentais devidos ao uso de canabinóides,Transtornos mentais e comportamentais devidos ao uso de canabinóides - síndrome [estado] de abstinência
F12.4,Transtornos mentais e comportamentais devidos ao uso de canabinóides,Transtornos mentais e comportamentais devidos ao uso de canabinóides - síndrome de abstinência com delirium
F12.5,Transtornos mentais e comportamentais devidos ao uso de canabinóides,Transtornos mentais e comportamentais devidos ao uso de canabinóides - transtorno psicótico
F12.6,Transtornos mentais e comportamentais devidos ao uso de canabinóides,Transtornos mentais e comportamentais devidos ao uso de canabinóides - síndrome amnésica
F12.7,Transtornos mentais e comportamentais devidos ao uso de canabinóides,Transtornos mentais e comportamentais devidos ao uso de canabinóides - transtorno psicótico residual ou de instalação tardia
F12.8,Transtornos mentais e comportamentais devidos ao uso de canabinóides,Transtornos mentais e comportamentais devidos ao uso de canabinóides - outros transtornos mentais ou comportamentais
F12.9,Transtornos mentais e comportamentais devidos ao uso de canabinóides,Transtornos mentais e comportamentais devidos ao uso de canabinóides - transtorno mental ou comportamental não especificado
F13.0,Transtornos mentais e comportamentais devidos ao uso de sedativos e hipnóticos,Transtornos mentais e comportamentais devidos ao uso de sedativos e hipnóticos - intoxicação aguda
F13.1,Transtornos mentais e comportamentais devidos ao uso de sedativos e hipnóticos,Transtornos mentais e comportamentais devidos ao uso de sedativos e hipnóticos - uso nocivo para a saúde
F13.2,Transtornos mentais e comportamentais devidos ao uso de sedativos e hipnóticos,Transtornos mentais e comportamentais devidos ao uso de sedativos e hipnóticos - síndrome de dependência
F13.3,Transtornos mentais e comportamentais devidos ao uso de sedativos e hipnóticos,Transtornos mentais e comportamentais devidos ao uso de sedativos e hipnóticos - síndrome [estado] de abstinência
F13.4,Transtornos mentais e comportamentais devidos ao uso de sedativos e hipnóticos,Transtornos mentais e comportamentais devidos ao uso de sedativos e hipnóticos - síndrome de abstinência com delirium
F13.5,Transtornos mentais e comportamentais devidos ao uso de sedativos e hipnóticos,Transtornos mentais e comportamentais devidos ao uso de sedativos e hipnóticos - transtorno psicótico
F13.6,Transtornos mentais e comportamentais devidos ao uso de sedativos e hipnóticos,Transtornos mentais e comportamentais devidos ao uso de sedativos e hipnóticos - síndrome amnésica
F13.7,Transtornos mentais e comportamentais devidos ao uso de sedativos e hipnóticos,Transtornos mentais e comportamentais devidos ao uso de sedativos e hipnóticos - transtorno psicótico residual ou de instalação tardia
F13.8,Transtornos mentais e comportamentais devidos ao uso de sedativos e hipnóticos,Transtornos mentais e comportamentais devidos ao uso de sedativos e hipnóticos - outros transtornos mentais ou comportamentais
F13.9,Transtornos mentais e comportamentais devidos ao uso de sedativos e hipnóticos,Transtornos mentais e comportamentais devidos ao uso de sedativos e hipnóticos - transtorno mental ou comportamental não especificado
F14.0,Transtornos mentais e comportamentais devidos ao uso da cocaína,Transtornos mentais e comportamentais devidos ao uso da cocaína - intoxicação aguda
F14.1,Transtornos mentais e comportamentais devidos ao uso da cocaína,Transtornos mentais e comportamentais devidos ao uso da cocaína - uso nocivo para a saúde
F14.2,Transtornos mentais e comportamentais devidos ao uso da cocaína,Transtornos mentais e comportamentais devidos ao uso da cocaína - síndrome de dependência
F14.3,Transtornos mentais e comportamentais devidos ao uso da cocaína,Transtornos mentais e comportamentais devidos ao uso da cocaína - síndrome [estado] de abstinência
F14.4,Transtornos mentais e comportamentais devidos ao uso da cocaína,Transtornos mentais e comportamentais devidos ao uso da cocaína - síndrome de abstinência com delirium
F14.5,Transtornos mentais e comportamentais devidos ao uso da cocaína,Transtornos mentais e comportamentais devidos ao uso da cocaína - transtorno psicótico
F14.6,Transtornos mentais e comportamentais devidos ao uso da cocaína,Transtornos mentais e comportamentais devidos ao uso da cocaína - síndrome amnésica
F14.7,Transtornos mentais e comportamentais devidos ao uso da cocaína,Transtornos mentais e comportamentais devidos ao uso da cocaína - transtorno psicótico residual ou de instalação tardia
F14.8,Transtornos mentais e comportamentais devidos ao uso da cocaína,Transtornos mentais e comportamentais devidos ao uso da cocaína - outros transtornos mentais ou comportamentais
F14.9,Transtornos mentais e comportamentais devidos ao uso da cocaína,Transtornos mentais e comportamentais devidos ao uso da cocaína - transtorno mental ou comportamental não especificado
F15.0,Transtornos mentais e comportamentais devidos ao uso de outros estimulantes,Transtornos mentais e comportamentais devidos ao uso de outros estimulantes
F15.1,Transtornos mentais e comportamentais devidos ao uso de outros estimulantes,Transtornos mentais e comportamentais devidos ao uso de outros estimulantes
F15.2,Transtornos mentais e comportamentais devidos ao uso de outros estimulantes,Transtornos mentais e comportamentais devidos ao uso de outros estimulantes
F15.3,Transtornos mentais e comportamentais devidos ao uso de outros estimulantes,Transtornos mentais e comportamentais devidos ao uso de outros estimulantes
F15.4,Transtornos mentais e comportamentais devidos ao uso de outros estimulantes,Transtornos mentais e comportamentais devidos ao uso de outros estimulantes
F15.5,Transtornos mentais e comportamentais devidos ao uso de outros estimulantes,Transtornos mentais e comportamentais devidos ao uso de outros estimulantes
F15.6,Transtornos mentais e comportamentais devidos ao uso de outros estimulantes,Transtornos mentais e comportamentais devidos ao uso de outros estimulantes
F15.7,Transtornos mentais e comportamentais devidos ao uso de outros estimulantes,Transtornos mentais e comportamentais devidos ao uso de outros estimulantes
F15.8,Transtornos mentais e comportamentais devidos ao uso de outros estimulantes,Transtornos mentais e comportamentais devidos ao uso de outros estimulantes
F15.9,Transtornos mentais e comportamentais devidos ao uso de outros estimulantes,Transtornos mentais e comportamentais devidos ao uso de outros estimulantes
F16.0,Transtornos mentais e comportamentais devidos ao uso de alucinógenos,Transtornos mentais e comportamentais devidos ao uso de alucinógenos - intoxicação aguda
F16.1,Transtornos mentais e comportamentais devidos ao uso de alucinógenos,Transtornos mentais e comportamentais devidos ao uso de alucinógenos - uso nocivo para a saúde
F16.2,Transtornos mentais e comportamentais devidos ao uso de alucinógenos,Transtornos mentais e comportamentais devidos ao uso de alucinógenos - síndrome de dependência
F16.3,Transtornos mentais e comportamentais devidos ao uso de alucinógenos,Transtornos mentais e comportamentais devidos ao uso de alucinógenos - síndrome [estado] de abstinência
F16.4,Transtornos mentais e comportamentais devidos ao uso de alucinógenos,Transtornos mentais e comportamentais devidos ao uso de alucinógenos - síndrome de abstinência com delirium
F16.5,Transtornos mentais e comportamentais devidos ao uso de alucinógenos,Transtornos mentais e comportamentais devidos ao uso de alucinógenos - transtorno psicótico
F16.6,Transtornos mentais e comportamentais devidos ao uso de alucinógenos,Transtornos mentais e comportamentais devidos ao uso de alucinógenos - síndrome amnésica
F16.7,Transtornos mentais e comportamentais devidos ao uso de alucinógenos,Transtornos mentais e comportamentais devidos ao uso de alucinógenos - transtorno psicótico residual ou de instalação tardia
F16.8,Transtornos mentais e comportamentais devidos ao uso de alucinógenos,Transtornos mentais e comportamentais devidos ao uso de alucinógenos - outros transtornos mentais ou comportamentais
F16.9,Transtornos mentais e comportamentais devidos ao uso de alucinógenos,Transtornos mentais e comportamentais devidos ao uso de alucinógenos - transtorno mental ou comportamental não especificado
F17.0,Transtornos mentais e comportamentais devidos ao uso de fumo,Transtornos mentais e comportamentais devidos ao uso de fumo - intoxicação aguda
F17.1,Transtornos mentais e comportamentais devidos ao uso de fumo,Transtornos mentais e comportamentais devidos ao uso de fumo - uso nocivo para a saúde
F17.2,Transtornos mentais e comportamentais devidos ao uso de fumo,Transtornos mentais e comportamentais devidos ao uso de fumo - síndrome de dependência
F17.3,Transtornos mentais e comportamentais devidos ao uso de fumo,Transtornos mentais e comportamentais devidos ao uso de fumo - síndrome [estado] de abstinência
F17.4,Transtornos mentais e comportamentais devidos ao uso de fumo,Transtornos mentais e comportamentais devidos ao uso de fumo - síndrome de abstinência com delirium
F17.5,Transtornos mentais e comportamentais devidos ao uso de fumo,Transtornos mentais e comportamentais devidos ao uso de fumo - transtorno psicótico
F17.6,Transtornos mentais e comportamentais devidos ao uso de fumo,Transtornos mentais e comportamentais devidos ao uso de fumo - síndrome amnésica
F17.7,Transtornos mentais e comportamentais devidos ao uso de fumo,Transtornos mentais e comportamentais devidos ao uso de fumo - transtorno psicótico residual ou de instalação tardia
F17.8,Transtornos mentais e comportamentais devidos ao uso de fumo,Transtornos mentais e comportamentais devidos ao uso de fumo - outros transtornos mentais ou comportamentais
F17.9,Transtornos mentais e comportamentais devidos ao uso de fumo,Transtornos mentais e comportamentais devidos ao uso de fumo - transtorno mental ou comportamental não especificado
F18.0,Transtornos mentais e comportamentais devidos ao uso de solventes voláteis,Transtornos mentais e comportamentais devidos ao uso de solventes voláteis - intoxicação aguda
F18.1,Transtornos mentais e comportamentais devidos ao uso de solventes voláteis,Transtornos mentais e comportamentais devidos ao uso de solventes voláteis - uso nocivo para a saúde
F18.2,Transtornos mentais e comportamentais devidos ao uso de solventes voláteis,Transtornos mentais e comportamentais devidos ao uso de solventes voláteis - síndrome de dependência
F18.3,Transtornos mentais e comportamentais devidos ao uso de solventes voláteis,Transtornos mentais e comportamentais devidos ao uso de solventes voláteis - síndrome [estado] de abstinência
F18.4,Transtornos mentais e comportamentais devidos ao uso de solventes voláteis,Transtornos mentais e comportamentais devidos ao uso de solventes voláteis - síndrome de abstinência com delirium
F18.5,Transtornos mentais e comportamentais devidos ao uso de solventes voláteis,Transtornos mentais e comportamentais devidos ao uso de solventes voláteis - transtorno psicótico
F18.6,Transtornos mentais e comportamentais devidos ao uso de solventes voláteis,Transtornos mentais e comportamentais devidos ao uso de solventes voláteis - síndrome amnésica
F18.7,Transtornos mentais e comportamentais devidos ao uso de solventes voláteis,Transtornos mentais e comportamentais devidos ao uso de solventes voláteis - transtorno psicótico residual ou de instalação tardia
F18.8,Transtornos mentais e comportamentais devidos ao uso de solventes voláteis,Transtornos mentais e comportamentais devidos ao uso de solventes voláteis - outros transtornos mentais ou comportamentais
F18.9,Transtornos mentais e comportamentais devidos ao uso de solventes voláteis,Transtornos mentais e comportamentais devidos ao uso de solventes voláteis - transtorno mental ou comportamental não especificado
F19.0,Transtornos mentais e comportamentais devidos ao uso de múltiplas drogas e ao uso de outras substâncias psicoativas,Transtornos mentais e comportamentais devidos ao uso de múltiplas drogas e ao uso de outras substâncias psicoativas - intoxicação aguda
F19.1,Transtornos mentais e comportamentais devidos ao uso de múltiplas drogas e ao uso de outras substâncias psicoativas,Transtornos mentais e comportamentais devidos ao uso de múltiplas drogas e ao uso de outras substâncias psicoativas - uso nocivo para a saúde
F19.2,Transtornos mentais e comportamentais devidos ao uso de múltiplas drogas e ao uso de outras substâncias psicoativas,Transtornos mentais e comportamentais devidos ao uso de múltiplas drogas e ao uso de outras substâncias psicoativas - síndrome de dependência
F19.3,Transtornos mentais e comportamentais devidos ao uso de múltiplas drogas e ao uso de outras substâncias psicoativas,Transtornos mentais e comportamentais devidos ao uso de múltiplas drogas e ao uso de outras substâncias psicoativas - síndrome [estado] de abstinência
F19.4,Transtornos mentais e comportamentais devidos ao uso de múltiplas drogas e ao uso de outras substâncias psicoativas,Transtornos mentais e comportamentais devidos ao uso de múltiplas drogas e ao uso de outras substâncias psicoativas - síndrome de abstinência com delirium
F19.5,Transtornos mentais e comportamentais devidos ao uso de múltiplas drogas e ao uso de outras substâncias psicoativas,Transtornos mentais e comportamentais devidos ao uso de múltiplas drogas e ao uso de outras substâncias psicoativas - transtorno psicótico
F19.6,Transtornos mentais e comportamentais devidos ao uso de múltiplas drogas e ao uso de outras substâncias psicoativas,Transtornos mentais e comportamentais devidos ao uso de múltiplas drogas e ao uso de outras substâncias psicoativas - síndrome amnésica
F19.7,Transtornos mentais e comportamentais devidos ao uso de múltiplas drogas e ao uso de outras substâncias psicoativas,Transtornos mentais e comportamentais devidos ao uso de múltiplas drogas e ao uso de outras substâncias psicoativas - transtorno psicótico residual ou de instalação tardia
F19.8,Transtornos mentais e comportamentais devidos ao uso de múltiplas drogas e ao uso de outras substâncias psicoativas,Transtornos mentais e comportamentais devidos ao uso de múltiplas drogas e ao uso de outras substâncias psicoativas - outros transtornos mentais ou comportamentais
F19.9,Transtornos mentais e comportamentais devidos ao uso de múltiplas drogas e ao uso de outras substâncias psicoativas,Transtornos mentais e comportamentais devidos ao uso de múltiplas drogas e ao uso de outras substâncias psicoativas - transtorno mental ou comportamental não especificado
F20.0,Esquizofrenia,Esquizofrenia paranóide
F20.1,Esquizofrenia,Esquizofrenia hebefrênica
F20.2,Esquizofrenia,Esquizofrenia catatônica
F20.3,Esquizofrenia,Esquizofrenia indiferenciada
F20.4,Esquizofrenia,Depressão pós-esquizofrênica
F20.5,Esquizofrenia,Esquizofrenia residual
F20.6,Esquizofrenia,Esquizofrenia simples
F20.8,Esquizofrenia,Outras esquizofrenias
F20.9,Esquizofrenia,Esquizofrenia não especificada
F21,Transtorno esquizotípico,Transtorno esquizotípico
F22.0,Transtornos delirantes persistentes,Transtorno delirante
F22.8,Transtornos delirantes persistentes,Outros transtornos delirantes persistentes
F22.9,Transtornos delirantes persistentes,Transtorno delirante persistente não especificado
F23.0,Transtornos psicóticos agudos e transitórios,Transtorno psicótico agudo polimorfo
F23.1,Transtornos psicóticos agudos e transitórios,Transtorno psicótico agudo polimorfo
F23.2,Transtornos psicóticos agudos e transitórios,Transtorno psicótico agudo de tipo esquizofrênico (schizophrenia-like)
F23.3,Transtornos psicóticos agudos e transitórios,Outros transtornos psicóticos agudos
F23.8,Transtornos psicóticos agudos e transitórios,Outros transtornos psicóticos agudos e transitórios
F23.9,Transtornos psicóticos agudos e transitórios,Transtorno psicótico agudo e transitório não especificado
F24,Transtorno delirante induzido,Transtorno delirante induzido
F25.0,Transtornos esquizoafetivos,Transtorno esquizoafetivo do tipo maníaco
F25.1,Transtornos esquizoafetivos,Transtorno esquizoafetivo do tipo depressivo
F25.2,Transtornos esquizoafetivos,Transtorno esquizoafetivo do tipo misto
F25.8,Transtornos esquizoafetivos,Outros transtornos esquizoafetivos
F25.9,Transtornos esquizoafetivos,Transtorno esquizoafetivo não especificado
F28,Outros transtornos psicóticos não-orgânicos,Outros transtornos psicóticos não-orgânicos
F29,Psicose não-orgânica não especificada,Psicose não-orgânica não especificada
F30.0,Episódio maníaco,Hipomania
F30.1,Episódio maníaco,Mania sem sintomas psicóticos
F30.2,Episódio maníaco,Mania com sintomas psicóticos
F30.8,Episódio maníaco,Outros episódios maníacos
F30.9,Episódio maníaco,Episódio maníaco não especificado
F31.0,Transtorno afetivo bipolar,"Transtorno afetivo bipolar, episódio atual hipomaníaco"
F31.1,Transtorno afetivo bipolar,"Transtorno afetivo bipolar, episódio atual maníaco sem sintomas psicóticos"
F31.2,Transtorno afetivo bipolar,"Transtorno afetivo bipolar, episódio atual maníaco com sintomas psicóticos"
F31.3,Transtorno afetivo bipolar,"Transtorno afetivo bipolar, episódio atual depressivo leve ou moderado"
F31.4,Transtorno afetivo bipolar,"Transtorno afetivo bipolar, episódio atual depressivo grave sem sintomas psicóticos"
F31.5,Transtorno afetivo bipolar,"Transtorno afetivo bipolar, episódio atual depressivo grave com sintomas psicóticos"
F31.6,Transtorno afetivo bipolar,"Transtorno afetivo bipolar, episódio atual misto"
F31.7,Transtorno afetivo bipolar,"Transtorno afetivo bipolar, atualmente em remissão"
F31.8,Transtorno afetivo bipolar,Outros transtornos afetivos bipolares
F31.9,Transtorno afetivo bipolar,Transtorno afetivo bipolar não especificado
F32.0,Episódios depressivos,Episódio depressivo leve
F32.1,Episódios depressivos,Episódio depressivo moderado
F32.2,Episódios depressivos,Episódio depressivo grave sem sintomas psicóticos
F32.3,Episódios depressivos,Episódio depressivo grave com sintomas psicóticos
F32.8,Episódios depressivos,Outros episódios depressivos
F32.9,Episódios depressivos,Episódio depressivo não especificado
F33.0,Transtorno depressivo recorrente,"Transtorno depressivo recorrente, episódio atual leve"
F33.1,Transtorno depressivo recorrente,"Transtorno depressivo recorrente, episódio atual moderado"
F33.2,Transtorno depressivo recorrente,"Transtorno depressivo recorrente, episódio atual grave sem sintomas psicóticos"
F33.3,Transtorno depressivo recorrente,"Transtorno depressivo recorrente, episódio atual grave com sintomas psicóticos"
F33.4,Transtorno depressivo recorrente,"Transtorno depressivo recorrente, atualmente em remissão"
F33.8,Transtorno depressivo recorrente,Outros transtornos depressivos recorrentes
F33.9,Transtorno depressivo recorrente,Transtorno depressivo recorrente sem especificação
F34.0,Transtornos de humor [afetivos] persistentes,Ciclotimia
F34.1,Transtornos de humor [afetivos] persistentes,Distimia
F34.8,Transtornos de humor [afetivos] persistentes,Outros transtornos do humor [afetivos] persistentes
F34.9,Transtornos de humor [afetivos] persistentes,Transtorno do humor [afetivo] persistente não especificado
F38.0,Outros transtornos do humor [afetivos],Outros transtornos do humor [afetivos] isolados
F38.1,Outros transtornos do humor [afetivos],Outros transtornos do humor [afetivos] recorrentes
F38.8,Outros transtornos do humor [afetivos],Outros transtornos especificados do humor [afetivos]
F39,Transtorno do humor [afetivo] não especificado,Transtorno do humor [afetivo] não especificado
F40.0,Transtornos fóbico-ansiosos,Agorafobia
F40.1,Transtornos fóbico-ansiosos,Fobias sociais
F40.2,Transtornos fóbico-ansiosos,Fobias específicas (isoladas)
F40.8,Transtornos fóbico-ansiosos,Outros transtornos fóbico-ansiosos
F40.9,Transtornos fóbico-ansiosos,Transtorno fóbico-ansioso não especificado
F41.0,Outros transtornos ansiosos,Transtorno de pânico [ansiedade paroxística episódica]
F41.1,Outros transtornos ansiosos,Ansiedade generalizada
F41.2,Outros transtornos ansiosos,Transtorno misto ansioso e depressivo
F41.3,Outros transtornos ansiosos,Outros transtornos ansiosos mistos
F41.8,Outros transtornos ansiosos,Outros transtornos ansiosos especificados
F41.9,Outros transtornos ansiosos,Transtorno ansioso não especificado
F42.0,Transtorno obsessivo-compulsivo,Transtorno obsessivo-compulsivo com predominância de idéias ou de ruminações obsessivas
F42.1,Transtorno obsessivo-compulsivo,Transtorno obsessivo-compulsivo com predominância de comportamentos compulsivos [rituais obsessivos]
F42.2,Transtorno obsessivo-compulsivo,Transtorno obsessivo-compulsivo
F42.8,Transtorno obsessivo-compulsivo,Outros transtornos obsessivo-compulsivos
F42.9,Transtorno obsessivo-compulsivo,Transtorno obsessivo-compulsivo não especificado
F43.0,"Reações ao ""stress"" grave e transtornos de adaptação",Reação aguda ao stress
F43.1,"Reações ao ""stress"" grave e transtornos de adaptação",Estado de stress pós-traumático
F43.2,"Reações ao ""stress"" grave e transtornos de adaptação",Transtornos de adaptação
F43.8,"Reações ao ""stress"" grave e transtornos de adaptação",Outras reações ao stress grave
F43.9,"Reações ao ""stress"" grave e transtornos de adaptação",Reação não especificada a um stress grave
F44.0,Transtornos dissociativos [de conversão],Amnésia dissociativa
F44.1,Transtornos dissociativos [de conversão],Fuga dissociativa
F44.2,Transtornos dissociativos [de conversão],Estupor dissociativo
F44.3,Transtornos dissociativos [de conversão],Estados de transe e de possessão
F44.4,Transtornos dissociativos [de conversão],Transtornos dissociativos do movimento
F44.5,Transtornos dissociativos [de conversão],Convulsões dissociativas
F44.6,Transtornos dissociativos [de conversão],Anestesia e perda sensorial dissociativas
F44.7,Transtornos dissociativos [de conversão],Transtorno dissociativo misto [de conversão]
F44.8,Transtornos dissociativos [de conversão],Outros transtornos dissociativos [de conversão]
F44.9,Transtornos dissociativos [de conversão],Transtorno dissociativo [de conversão] não especificado
F45.0,Transtornos somatoformes,Transtorno de somatização
F45.1,Transtornos somatoformes,Transtorno somatoforme indiferenciado
F45.2,Transtornos somatoformes,Transtorno hipocondríaco
F45.3,Transtornos somatoformes,Transtorno neurovegetativo somatoforme
F45.4,Transtornos somatoformes,Transtorno doloroso somatoforme persistente
F45.8,Transtornos somatoformes,Outros transtornos somatoformes
F45.9,Transtornos somatoformes,Transtorno somatoforme não especificado
F48.0,Outros transtornos neuróticos,Neurastenia
F48.1,Outros transtornos neuróticos,Síndrome de despersonalização-desrealização
F48.8,Outros transtornos neuróticos,Outros transtornos neuróticos especificados
F48.9,Outros transtornos neuróticos,Transtorno neurótico não especificado
F50.0,Transtornos da alimentação,Anorexia nervosa
F50.1,Transtornos da alimentação,Anorexia nervosa atípica
F50.2,Transtornos da alimentação,Bulimia nervosa
F50.3,Transtornos da alimentação,Bulimia nervosa atípica
F50.4,Transtornos da alimentação,Hiperfagia associada a outros distúrbios psicológicos
F50.5,Transtornos da alimentação,Vômitos associados a outros distúrbios psicológicos
F50.8,Transtornos da alimentação,Outros transtornos da alimentação
F50.9,Transtornos da alimentação,Transtorno de alimentação não especificado
F51.0,Transtornos não-orgânicos do sono devidos a fatores emocionais,Insônia não-orgânica
F51.1,Transtornos não-orgânicos do sono devidos a fatores emocionais,Hipersonia não-orgânica
F51.2,Transtornos não-orgânicos do sono devidos a fatores emocionais,Transtorno do ciclo vigília-sono devido a fatores não-orgânicos
F51.3,Transtornos não-orgânicos do sono devidos a fatores emocionais,Sonambulismo
F51.4,Transtornos não-orgânicos do sono devidos a fatores emocionais,Terrores noturnos
F51.5,Transtornos não-orgânicos do sono devidos a fatores emocionais,Pesadelos
F51.8,Transtornos não-orgânicos do sono devidos a fatores emocionais,Outros transtornos do sono devidos a fatores não-orgânicos
F51.9,Transtornos não-orgânicos do sono devidos a fatores emocionais,Transtorno do sono devido a fatores não-orgânicos não especificados
F52.0,Disfunção sexual,Ausência ou perda do desejo sexual
F52.1,Disfunção sexual,Aversão sexual e ausência de prazer sexual
F52.2,Disfunção sexual,Falha de resposta genital
F52.3,Disfunção sexual,Disfunção orgásmica
F52.4,Disfunção sexual,Ejaculação precoce
F52.5,Disfunção sexual,Vaginismo não-orgânico
F52.6,Disfunção sexual,Dispareunia não-orgânica
F52.7,Disfunção sexual,Apetite sexual excessivo
F52.8,Disfunção sexual,Outras disfunções sexuais não devidas a transtorno ou à doença orgânica
F52.9,Disfunção sexual,Disfunção sexual não devida a transtorno ou à doença orgânica
F53.0,Transtornos mentais e comportamentais associados ao puerpério,Transtornos mentais e comportamentais leves associados ao puerpério não classificados em outra parte
F53.1,Transtornos mentais e comportamentais associados ao puerpério,Transtornos mentais e comportamentais graves associados ao puerpério não classificados em outra parte
F53.8,Transtornos mentais e comportamentais associados ao puerpério,Outros transtornos mentais e comportamentais associados ao puerpério não classificados em outra parte
F53.9,Transtornos mentais e comportamentais associados ao puerpério,Transtorno mental e comportamental associado ao puerpério
F54,Fatores psicológicos ou comportamentais associados a doença ou a transtornos classificados em outra parte,Fatores psicológicos ou comportamentais associados a doença ou a transtornos classificados em outra parte
F55,Abuso de substâncias que não produzem dependência,Abuso de substâncias que não produzem dependência
F59,Síndromes comportamentais associados a transtornos das funções fisiológicas e a fatores físicos,Síndromes comportamentais associados a transtornos das funções fisiológicas e a fatores físicos
F60.0,Transtornos específicos da personalidade,Personalidade paranóica
F60.1,Transtornos específicos da personalidade,Personalidade esquizóide
F60.2,Transtornos específicos da personalidade,Personalidade dissocial
F60.3,Transtornos específicos da personalidade,Transtorno de personalidade com instabilidade emocional
F60.4,Transtornos específicos da personalidade,Personalidade histriônica
F60.5,Transtornos específicos da personalidade,Personalidade anancástica
F60.6,Transtornos específicos da personalidade,Personalidade ansiosa [esquiva]
F60.7,Transtornos específicos da personalidade,Personalidade dependente
F60.8,Transtornos específicos da personalidade,Outros transtornos específicos da personalidade
F60.9,Transtornos específicos da personalidade,Transtorno não especificado da personalidade
F61,Transtornos mistos da personalidade e outros transtornos da personalidade,Transtornos mistos da personalidade e outros transtornos da personalidade
F62.0,Modificações duradouras da personalidade não atribuíveis a lesão ou doença cerebral,Modificação duradoura da personalidade após uma experiência catastrófica
F62.1,Modificações duradouras da personalidade não atribuíveis a lesão ou doença cerebral,Modificação duradoura da personalidade após doença psiquiátrica
F62.8,Modificações duradouras da personalidade não atribuíveis a lesão ou doença cerebral,Outras modificações duradouras da personalidade
F62.9,Modificações duradouras da personalidade não atribuíveis a lesão ou doença cerebral,Modificação duradoura da personalidade
F63.0,Transtornos dos hábitos e dos impulsos,Jogo patológico
F63.1,Transtornos dos hábitos e dos impulsos,Piromania
F63.2,Transtornos dos hábitos e dos impulsos,Roubo patológico [cleptomania]
F63.3,Transtornos dos hábitos e dos impulsos,Tricotilomania
F63.8,Transtornos dos hábitos e dos impulsos,Outros transtornos dos hábitos e dos impulsos
F63.9,Transtornos dos hábitos e dos impulsos,Transtorno dos hábitos e impulsos
F64.0,Transtornos da identidade sexual,Transexualismo
F64.1,Transtornos da identidade sexual,Travestismo bivalente
F64.2,Transtornos da identidade sexual,Transtorno de identidade sexual na infância
F64.8,Transtornos da identidade sexual,Outros transtornos da identidade sexual
F64.9,Transtornos da identidade sexual,Transtorno não especificado da identidade sexual
F65.0,Transtornos da preferência sexual,Fetichismo
F65.1,Transtornos da preferência sexual,Travestismo fetichista
F65.2,Transtornos da preferência sexual,Exibicionismo
F65.3,Transtornos da preferência sexual,Voyeurismo
F65.4,Transtornos da preferência sexual,Pedofilia
F65.5,Transtornos da preferência sexual,Sadomasoquismo
F65.6,Transtornos da preferência sexual,Transtornos múltiplos da preferência sexual
F65.8,Transtornos da preferência sexual,Outros transtornos da preferência sexual
F65.9,Transtornos da preferência sexual,Transtorno da preferência sexual
F66.0,Transtornos psicológicos e comportamentais associados ao desenvolvimento sexual e à sua orientação,Transtorno da maturação sexual
F66.1,Transtornos psicológicos e comportamentais associados ao desenvolvimento sexual e à sua orientação,Orientação sexual egodistônica
F66.2,Transtornos psicológicos e comportamentais associados ao desenvolvimento sexual e à sua orientação,Transtorno do relacionamento sexual
F66.8,Transtornos psicológicos e comportamentais associados ao desenvolvimento sexual e à sua orientação,Outros transtornos do desenvolvimento psicossexual
F66.9,Transtornos psicológicos e comportamentais associados ao desenvolvimento sexual e à sua orientação,Transtorno do desenvolvimento sexual
F68.0,Outros transtornos da personalidade e do comportamento do adulto,Sintomas físicos aumentados por fatores psicológicos
F68.1,Outros transtornos da personalidade e do comportamento do adulto,Produção deliberada ou simulação de sintomas ou de incapacidades
F68.8,Outros transtornos da personalidade e do comportamento do adulto,Outros transtornos especificados da personalidade e do comportamento do adulto
F69,Transtorno da personalidade e do comportamento do adulto,Transtorno da personalidade e do comportamento do adulto
F70.0,Retardo mental leve,Retardo mental leve - menção de ausência de ou de comprometimento mínimo do comportamento
F70.1,Retardo mental leve,Retardo mental leve - comprometimento significativo do comportamento
F70.8,Retardo mental leve,Retardo mental leve - outros comprometimentos do comportamento
F70.9,Retardo mental leve,Retardo mental leve - sem menção de comprometimento do comportamento
F71.0,Retardo mental moderado,Retardo mental moderado - menção de ausência de ou de comprometimento mínimo do comportamento
F71.1,Retardo mental moderado,Retardo mental moderado - comprometimento significativo do comportamento
F71.8,Retardo mental moderado,Retardo mental moderado - outros comprometimentos do comportamento
F71.9,Retardo mental moderado,Retardo mental moderado - sem menção de comprometimento do comportamento
F72.0,Retardo mental grave,Retardo mental grave - menção de ausência de ou de comprometimento mínimo do comportamento
F72.1,Retardo mental grave,Retardo mental grave - comprometimento significativo do comportamento
F72.8,Retardo mental grave,Retardo mental grave - outros comprometimentos do comportamento
F72.9,Retardo mental grave,Retardo mental grave - sem menção de comprometimento do comportamento
F73.0,Retardo mental profundo,Retardo mental profundo - menção de ausência de ou de comprometimento mínimo do comportamento
F73.1,Retardo mental profundo,Retardo mental profundo - comprometimento significativo do comportamento
F73.8,Retardo mental profundo,Retardo mental profundo - outros comprometimentos do comportamento
F73.9,Retardo mental profundo,Retardo mental profundo - sem menção de comprometimento do comportamento
F78.0,Outro retardo mental,Outro retardo mental - menção de ausência de ou de comprometimento mínimo do comportamento
F78.1,Outro retardo mental,Outro retardo mental - comprometimento significativo do comportamento
F78.8,Outro retardo mental,Outro retardo mental - outros comprometimentos do comportamento
F78.9,Outro retardo mental,Outro retardo mental - sem menção de comprometimento do comportamento
F79.0,Retardo mental não especificado,Retardo mental não especificado - menção de ausência de ou de comprometimento mínimo do comportamento
F79.1,Retardo mental não especificado,Retardo mental não especificado - comprometimento significativo do comportamento
F79.8,Retardo mental não especificado,Retardo mental não especificado - outros comprometimentos do comportamento
F79.9,Retardo mental não especificado,Retardo mental não especificado - sem menção de comprometimento do comportamento
F80.0,Transtornos específicos do desenvolvimento da fala e da linguagem,Transtorno específico da articulação da fala
F80.1,Transtornos específicos do desenvolvimento da fala e da linguagem,Transtorno expressivo de linguagem
F80.2,Transtornos específicos do desenvolvimento da fala e da linguagem,Transtorno receptivo da linguagem
F80.3,Transtornos específicos do desenvolvimento da fala e da linguagem,Afasia adquirida com epilepsia [síndrome de Landau-Kleffner]
F80.8,Transtornos específicos do desenvolvimento da fala e da linguagem,Outros transtornos de desenvolvimento da fala ou da linguagem
F80.9,Transtornos específicos do desenvolvimento da fala e da linguagem,Transtorno não especificado do desenvolvimento da fala ou da linguagem
F81.0,Transtornos específicos do desenvolvimento das habilidades escolares,Transtorno específico de leitura
F81.1,Transtornos específicos do desenvolvimento das habilidades escolares,Transtorno específico da soletração
F81.2,Transtornos específicos do desenvolvimento das habilidades escolares,Transtorno específico da habilidade em aritmética
F81.3,Transtornos específicos do desenvolvimento das habilidades escolares,Transtorno misto de habilidades escolares
F81.8,Transtornos específicos do desenvolvimento das habilidades escolares,Outros transtornos do desenvolvimento das habilidades escolares
F81.9,Transtornos específicos do desenvolvimento das habilidades escolares,Transtorno não especificado do desenvolvimento das habilidades escolares
F82,Transtorno específico do desenvolvimento motor,Transtorno específico do desenvolvimento motor
F83,Transtornos específicos misto do desenvolvimento,Transtornos específicos misto do desenvolvimento
F84.0,Transtornos globais do desenvolvimento,Autismo infantil
F84.1,Transtornos globais do desenvolvimento,Autismo atípico
F84.2,Transtornos globais do desenvolvimento,Síndrome de Rett
F84.3,Transtornos globais do desenvolvimento,Outro transtorno desintegrativo da infância
F84.4,Transtornos globais do desenvolvimento,Transtorno com hipercinesia associada a retardo mental e a movimentos estereotipados
F84.5,Transtornos globais do desenvolvimento,Síndrome de Asperger
F84.8,Transtornos globais do desenvolvimento,Outros transtornos globais do desenvolvimento
F84.9,Transtornos globais do desenvolvimento,Transtornos globais não especificados do desenvolvimento
F88,Outros transtornos do desenvolvimento psicológico,Outros transtornos do desenvolvimento psicológico
F89,Transtorno do desenvolvimento psicológico não especificado,Transtorno do desenvolvimento psicológico não especificado
F90.0,Transtornos hipercinéticos,Distúrbios da atividade e da atenção
F90.1,Transtornos hipercinéticos,Transtorno hipercinético de conduta
F90.8,Transtornos hipercinéticos,Outros transtornos hipercinéticos
F90.9,Transtornos hipercinéticos,Transtorno hipercinético não especificado
F91.0,Distúrbios de conduta,Distúrbio de conduta restrito ao contexto familiar
F91.1,Distúrbios de conduta,Distúrbio de conduta não-socializado
F91.2,Distúrbios de conduta,Distúrbio de conduta do tipo socializado
F91.3,Distúrbios de conduta,Distúrbio desafiador e de oposição
F91.8,Distúrbios de conduta,Outros transtornos de conduta
F91.9,Distúrbios de conduta,Transtorno de conduta não especificado
F92.0,Transtornos mistos de conduta e das emoções,Distúrbio depressivo de conduta
F92.8,Transtornos mistos de conduta e das emoções,Outros transtornos mistos da conduta e das emoções
F92.9,Transtornos mistos de conduta e das emoções,Transtorno misto da conduta e das emoções não especificado
F93.0,Transtornos emocionais com início especificamente na infância,Transtorno ligado à angústia de separação
F93.1,Transtornos emocionais com início especificamente na infância,Transtorno fóbico ansioso da infância
F93.2,Transtornos emocionais com início especificamente na infância,Distúrbio de ansiedade social da infância
F93.3,Transtornos emocionais com início especificamente na infância,Transtorno de rivalidade entre irmãos
F93.8,Transtornos emocionais com início especificamente na infância,Outros transtornos emocionais da infância
F93.9,Transtornos emocionais com início especificamente na infância,Transtorno emocional da infância não especificado
F94.0,Transtornos do funcionamento social com início especificamente durante a infância ou a adolescência,Mutismo eletivo
F94.1,Transtornos do funcionamento social com início especificamente durante a infância ou a adolescência,Distúrbio reativo de vinculação da infância
F94.2,Transtornos do funcionamento social com início especificamente durante a infância ou a adolescência,Transtorno de fixação da infância
F94.8,Transtornos do funcionamento social com início especificamente durante a infância ou a adolescência,Outros transtornos do funcionamento social na infância
F94.9,Transtornos do funcionamento social com início especificamente durante a infância ou a adolescência,Transtorno do funcionamento social da infância não especificado
F95.0,Tiques,Tique transitório
F95.1,Tiques,Tique motor ou vocal crônico
F95.2,Tiques,Tiques vocais e motores múltiplos combinados [doença de Gilles de la Tourette]
F95.8,Tiques,Outros tiques
F95.9,Tiques,Tique não especificado
F98.0,Outros transtornos comportamentais e emocionais com início habitualmente durante a infância ou a adolescência,Enurese de origem não-orgânica
F98.1,Outros transtornos comportamentais e emocionais com início habitualmente durante a infância ou a adolescência,Encoprese de origem não-orgânica
F98.2,Outros transtornos comportamentais e emocionais com início habitualmente durante a infância ou a adolescência,Transtorno de alimentação na infância
F98.3,Outros transtornos comportamentais e emocionais com início habitualmente durante a infância ou a adolescência,Pica do lactente ou da criança
F98.4,Outros transtornos comportamentais e emocionais com início habitualmente durante a infância ou a adolescência,Estereotipias motoras
F98.5,Outros transtornos comportamentais e emocionais com início habitualmente durante a infância ou a adolescência,Gagueira [tartamudez]
F98.6,Outros transtornos comportamentais e emocionais com início habitualmente durante a infância ou a adolescência,Linguagem precipitada
F98.8,Outros transtornos comportamentais e emocionais com início habitualmente durante a infância ou a adolescência,Outros transtornos comportamentais e emocionais especificados com início habitualmente na infância ou adolescência
F98.9,Outros transtornos comportamentais e emocionais com início habitualmente durante a infância ou a adolescência,Transtornos comportamentais e emocionais não especificados com início habitualmente na infância ou adolescência
F99,Transtorno mental não especificado em outra parte,Transtorno mental não especificado em outra parte
G00.0,Meningite bacteriana não classificada em outra parte,Meningite por Haemophilus
G00.1,Meningite bacteriana não classificada em outra parte,Meningite pneumocócica
G00.2,Meningite bacteriana não classificada em outra parte,Meningite estreptocócica
G00.3,Meningite bacteriana não classificada em outra parte,Meningite estafilocócica
G00.8,Meningite bacteriana não classificada em outra parte,Outras meningites bacterianas
G00.9,Meningite bacteriana não classificada em outra parte,Meningite bacteriana não especificada
G01,Meningite em doenças bacterianas classificadas em outra parte,Meningite em doenças bacterianas classificadas em outra parte
G02.0,Meningite em outras doenças infecciosas e parasitárias classificadas em outra parte,Meningite em doenças virais classificadas em outra parte
G02.1,Meningite em outras doenças infecciosas e parasitárias classificadas em outra parte,Meningite em micoses
G02.8,Meningite em outras doenças infecciosas e parasitárias classificadas em outra parte,Meningite em outras doenças infecciosas e parasitárias classificadas em outra parte
G03.0,Meningite devida a outras causas e a causas não especificadas,Meningite não-piogênica
G03.1,Meningite devida a outras causas e a causas não especificadas,Meningite crônica
G03.2,Meningite devida a outras causas e a causas não especificadas,Meningite recorrente benigna [Mollaret]
G03.8,Meningite devida a outras causas e a causas não especificadas,Meningite devida a outras causas especificadas
G03.9,Meningite devida a outras causas e a causas não especificadas,Meningite não especificada
G04.0,Encefalite,Encefalite aguda disseminada
G04.1,Encefalite,Paraplegia espástica tropical
G04.2,Encefalite,Meningoencefalite e meningomielite bacterianas não classificadas em outra parte
G04.8,Encefalite,Outras encefalites
G04.9,Encefalite,Encefalite
G05.0,Encefalite,Encefalite
G05.1,Encefalite,Encefalite
G05.2,Encefalite,Encefalite
G05.8,Encefalite,Encefalite
G06.0,Abscesso e granuloma intracranianos e intra-raquidianos,Abscesso e granuloma intracranianos
G06.1,Abscesso e granuloma intracranianos e intra-raquidianos,Abscesso e granuloma intra-raquidianos
G06.2,Abscesso e granuloma intracranianos e intra-raquidianos,Abscesso extradural e subdural não especificados
G07,Abscesso e granuloma intracranianos e intraspinais em doenças classificadas em outra parte,Abscesso e granuloma intracranianos e intraspinais em doenças classificadas em outra parte
G08,Flebite e tromboflebite intracranianas e intra-raquidianas,Flebite e tromboflebite intracranianas e intra-raquidianas
G09,Seqüelas de doenças inflamatórias do sistema nervoso central,Seqüelas de doenças inflamatórias do sistema nervoso central
G10,Doença de Huntington,Doença de Huntington
G11.0,Ataxia hereditária,Ataxia congênita não-progressiva
G11.1,Ataxia hereditária,Ataxia cerebelar de início precoce
G11.2,Ataxia hereditária,Ataxia cerebelar de início tardio
G11.3,Ataxia hereditária,Ataxia cerebelar com déficit na reparação do DNA
G11.4,Ataxia hereditária,Paraplegia espástica hereditária
G11.8,Ataxia hereditária,Outras ataxias hereditárias
G11.9,Ataxia hereditária,Ataxia hereditária não especificada
G12.0,Atrofia muscular espinal e síndromes correlatas,Atrofia muscular espinal infantil tipo I [Werdnig-Hoffman]
G12.1,Atrofia muscular espinal e síndromes correlatas,Outras atrofias musculares espinais hereditárias
G12.2,Atrofia muscular espinal e síndromes correlatas,Doença do neurônio motor
G12.8,Atrofia muscular espinal e síndromes correlatas,Outras atrofias musculares espinais e síndromes musculares correlatas
G12.9,Atrofia muscular espinal e síndromes correlatas,Atrofia muscular espinal não especificada
G13.0,Atrofias sistêmicas que afetam principalmente o sistema nervoso central em doenças classificadas em outra parte,Neuromiopatia e neuropatia paraneoplásicas
G13.1,Atrofias sistêmicas que afetam principalmente o sistema nervoso central em doenças classificadas em outra parte,Outra atrofia sistêmica que afeta primariamente o sistema nervoso central em doenças neoplásicas
G13.2,Atrofias sistêmicas que afetam principalmente o sistema nervoso central em doenças classificadas em outra parte,Atrofia sistêmica que afeta primariamente o sistema nervoso central no mixedema
G13.8,Atrofias sistêmicas que afetam principalmente o sistema nervoso central em doenças classificadas em outra parte,Atrofia sistêmica que afeta primariamente o sistema nervoso central em outras doenças classificadas em outra parte
G20,Doença de Parkinson,Doença de Parkinson
G21.0,Parkinsonismo secundário,Síndrome maligna dos neurolépticos
G21.1,Parkinsonismo secundário,Outras formas de parkinsonismo secundário induzido por drogas
G21.2,Parkinsonismo secundário,Parkinsonismo secundário devido a outros agentes externos
G21.3,Parkinsonismo secundário,Parkinsonismo pós-encefalítico
G21.8,Parkinsonismo secundário,Outras formas de parkinsonismo secundário
G21.9,Parkinsonismo secundário,Parkinsonismo secundário não especificado
G22,Parkinsonismo em doenças classificadas em outra parte,Parkinsonismo em doenças classificadas em outra parte
G23.0,Outras doenças degenerativas dos gânglios da base,Doença de Hallervorden-Spatz
G23.1,Outras doenças degenerativas dos gânglios da base,Oftalmoplegia supranuclear progressiva [Steele-Richardson-Olszewski]
G23.2,Outras doenças degenerativas dos gânglios da base,Degeneração estrionígrica
G23.8,Outras doenças degenerativas dos gânglios da base,Outras doenças degenerativas especificadas dos gânglios da base
G23.9,Outras doenças degenerativas dos gânglios da base,Doença degenerativa dos gânglios da base
G24.0,Distonia,Distonia induzida por drogas
G24.1,Distonia,Distonia familiar idiopática
G24.2,Distonia,Distonia não-familiar idiopática
G24.3,Distonia,Torcicolo espasmódico
G24.4,Distonia,Distonia orofacial idiopática
G24.5,Distonia,Blefaroespasmo
G24.8,Distonia,Outras distonias
G24.9,Distonia,Distonia não especificada
G25.0,Outras doenças extrapiramidais e transtornos dos movimentos,Tremor essencial
G25.1,Outras doenças extrapiramidais e transtornos dos movimentos,Tremor induzido por drogas
G25.2,Outras doenças extrapiramidais e transtornos dos movimentos,Outras formas especificadas de tremor
G25.3,Outras doenças extrapiramidais e transtornos dos movimentos,Mioclonia
G25.4,Outras doenças extrapiramidais e transtornos dos movimentos,Coréia induzida por droga
G25.5,Outras doenças extrapiramidais e transtornos dos movimentos,Outras formas de coréia
G25.6,Outras doenças extrapiramidais e transtornos dos movimentos,Tiques induzidos por droga e outros tipos de origem orgânica
G25.8,Outras doenças extrapiramidais e transtornos dos movimentos,Outras doenças extrapiramidais e transtornos dos movimentos
G25.9,Outras doenças extrapiramidais e transtornos dos movimentos,Doenças extrapiramidais e transtornos dos movimentos
G26,Doenças extrapiramidais e transtornos dos movimentos em doenças classificadas em outra parte,Doenças extrapiramidais e transtornos dos movimentos em doenças classificadas em outra parte
G30.0,Doença de Alzheimer,Doença de Alzheimer de início precoce
G30.1,Doença de Alzheimer,Doença de Alzheimer de início tardio
G30.8,Doença de Alzheimer,Outras formas de doença de Alzheimer
G30.9,Doença de Alzheimer,Doença de Alzheimer não especificada
G31.0,Outras doenças degenerativas do sistema nervoso não classificadas em outra parte,Atrofia cerebral circunscrita
G31.1,Outras doenças degenerativas do sistema nervoso não classificadas em outra parte,Degeneração cerebral senil
G31.2,Outras doenças degenerativas do sistema nervoso não classificadas em outra parte,Degeneração do sistema nervoso devida ao álcool
G31.8,Outras doenças degenerativas do sistema nervoso não classificadas em outra parte,Outras doenças degenerativas especificadas do sistema nervoso
G31.9,Outras doenças degenerativas do sistema nervoso não classificadas em outra parte,Doença degenerativa do sistema nervoso
G32.0,Outros transtornos degenerativos do sistema nervoso em doenças classificadas em outra parte,Degeneração combinada subaguda da medula espinal em doenças classificadas em outra parte
G32.8,Outros transtornos degenerativos do sistema nervoso em doenças classificadas em outra parte,Outros transtornos degenerativos especificados do sistema nervoso em doenças classificadas em outra parte
G35,Esclerose múltipla,Esclerose múltipla
G36.0,Outras desmielinizações disseminadas agudas,Neuromielite óptica [doença de Devic]
G36.1,Outras desmielinizações disseminadas agudas,Leucoencefalite hemorrágica aguda e subaguda [Hurst]
G36.8,Outras desmielinizações disseminadas agudas,Outras desmielinizações disseminadas agudas especificadas
G36.9,Outras desmielinizações disseminadas agudas,Desmielinização disseminada aguda não especificada
G37.0,Outras doenças desmielinizantes do sistema nervoso central,Esclerose difusa
G37.1,Outras doenças desmielinizantes do sistema nervoso central,Desmielinização central do corpo caloso
G37.2,Outras doenças desmielinizantes do sistema nervoso central,Mielinólise central da ponte
G37.3,Outras doenças desmielinizantes do sistema nervoso central,Mielite transversa aguda em doenças desmielinizantes do sistema nervoso central
G37.4,Outras doenças desmielinizantes do sistema nervoso central,Mielite subaguda necrótica
G37.5,Outras doenças desmielinizantes do sistema nervoso central,Esclerose concêntrica [Baló]
G37.8,Outras doenças desmielinizantes do sistema nervoso central,Outras doenças desmielinizantes especificadas do sistema nervoso central
G37.9,Outras doenças desmielinizantes do sistema nervoso central,Doença desmielinizante do sistema nervoso central
G40.0,Epilepsia,Epilepsia e síndromes epilépticas idiopáticas definidas por sua localização (focal) (parcial) com crises de início focal
G40.1,Epilepsia,Epilepsia e síndromes epilépticas sintomáticas definidas por sua localização (focal) (parcial) com crises parciais simples
G40.2,Epilepsia,Epilepsia e síndromes epilépticas sintomáticas definidas por sua localização (focal) (parcial) com crises parciais complexas
G40.3,Epilepsia,Epilepsia e síndromes epilépticas generalizadas idiopáticas
G40.4,Epilepsia,Outras epilepsias e síndromes epilépticas generalizadas
G40.5,Epilepsia,Síndromes epilépticas especiais
G40.6,Epilepsia,Crise de grande mal
G40.7,Epilepsia,Pequeno mal não especificado
G40.8,Epilepsia,Outras epilepsias
G40.9,Epilepsia,Epilepsia
G41.0,Estado de mal epiléptico,Estado de grande mal epiléptico
G41.1,Estado de mal epiléptico,Estado de pequeno mal epiléptico
G41.2,Estado de mal epiléptico,Estado de mal epiléptico parcial complexo
G41.8,Estado de mal epiléptico,Outros estados de mal epiléptico
G41.9,Estado de mal epiléptico,Estado de mal epiléptico
G43.0,Enxaqueca,Enxaqueca sem aura [enxaqueca comum]
G43.1,Enxaqueca,Enxaqueca com aura [enxaqueca clássica]
G43.2,Enxaqueca,Estado de mal enxaquecoso
G43.3,Enxaqueca,Enxaqueca complicada
G43.8,Enxaqueca,Outras formas de enxaqueca
G43.9,Enxaqueca,Enxaqueca
G44.0,Outras síndromes de algias cefálicas,Síndrome de cluster-headache
G44.1,Outras síndromes de algias cefálicas,Cefaléia vascular
G44.2,Outras síndromes de algias cefálicas,Cefaléia tensional
G44.3,Outras síndromes de algias cefálicas,Cefaléia crônica pós-traumática
G44.4,Outras síndromes de algias cefálicas,Cefaléia induzida por drogas
G44.8,Outras síndromes de algias cefálicas,Outras síndromes de cefaléia especificadas
G45.0,Acidentes vasculares cerebrais isquêmicos transitórios e síndromes correlatas,Síndrome da artéria vértebro-basilar
G45.1,Acidentes vasculares cerebrais isquêmicos transitórios e síndromes correlatas,Síndrome da artéria carotídea (hemisférica)
G45.2,Acidentes vasculares cerebrais isquêmicos transitórios e síndromes correlatas,Síndrome das artérias pré-cerebrais
G45.3,Acidentes vasculares cerebrais isquêmicos transitórios e síndromes correlatas,Amaurose fugaz
G45.4,Acidentes vasculares cerebrais isquêmicos transitórios e síndromes correlatas,Amnésia global transitória
G45.8,Acidentes vasculares cerebrais isquêmicos transitórios e síndromes correlatas,Outros acidentes isquêmicos cerebrais transitórios e síndromes correlatas
G45.9,Acidentes vasculares cerebrais isquêmicos transitórios e síndromes correlatas,Isquemia cerebral transitória não especificada
G46.0,Síndromes vasculares cerebrais que ocorrem em doenças cerebrovasculares,Síndrome da artéria cerebral média
G46.1,Síndromes vasculares cerebrais que ocorrem em doenças cerebrovasculares,Síndrome da artéria cerebral anterior
G46.2,Síndromes vasculares cerebrais que ocorrem em doenças cerebrovasculares,Síndrome da artéria cerebral posterior
G46.3,Síndromes vasculares cerebrais que ocorrem em doenças cerebrovasculares,Síndromes vasculares do tronco cerebral
G46.4,Síndromes vasculares cerebrais que ocorrem em doenças cerebrovasculares,Síndrome vascular cerebelar
G46.5,Síndromes vasculares cerebrais que ocorrem em doenças cerebrovasculares,Síndrome lacunar motora pura
G46.6,Síndromes vasculares cerebrais que ocorrem em doenças cerebrovasculares,Síndrome lacunar sensorial pura
G46.7,Síndromes vasculares cerebrais que ocorrem em doenças cerebrovasculares,Outras síndromes lacunares
G46.8,Síndromes vasculares cerebrais que ocorrem em doenças cerebrovasculares,Outras síndromes vasculares cerebrais em doenças cerebrovasculares
G47.0,Distúrbios do sono,Distúrbios do início e da manutenção do sono [insônias]
G47.1,Distúrbios do sono,Distúrbios do sono por sonolência excessiva [hipersonia]
G47.2,Distúrbios do sono,Distúrbios do ciclo vigília-sono
G47.3,Distúrbios do sono,Apnéia de sono
G47.4,Distúrbios do sono,Narcolepsia e cataplexia
G47.8,Distúrbios do sono,Outros distúrbios do sono
G47.9,Distúrbios do sono,Distúrbio do sono
G50.0,Transtornos do nervo trigêmeo,Nevralgia do trigêmeo
G50.1,Transtornos do nervo trigêmeo,Dor facial atípica
G50.8,Transtornos do nervo trigêmeo,Outros transtornos do nervo trigêmeo
G50.9,Transtornos do nervo trigêmeo,Transtorno não especificado do nervo trigêmeo
G51.0,Transtornos do nervo facial,Paralisia de Bell
G51.1,Transtornos do nervo facial,Ganglionite geniculada
G51.2,Transtornos do nervo facial,Síndrome de Melkersson
G51.3,Transtornos do nervo facial,Espasmo hemifacial clônico
G51.4,Transtornos do nervo facial,Mioquimia facial
G51.8,Transtornos do nervo facial,Outros transtornos do nervo facial
G51.9,Transtornos do nervo facial,Transtorno não especificado do nervo facial
G52.0,Transtornos de outros nervos cranianos,Transtornos do nervo olfatório
G52.1,Transtornos de outros nervos cranianos,Transtornos do nervo glossofaríngeo
G52.2,Transtornos de outros nervos cranianos,Transtornos do nervo vago
G52.3,Transtornos de outros nervos cranianos,Transtornos do nervo hipoglosso
G52.7,Transtornos de outros nervos cranianos,Transtornos de múltiplos nervos cranianos
G52.8,Transtornos de outros nervos cranianos,Transtornos de outros nervos cranianos especificados
G52.9,Transtornos de outros nervos cranianos,Transtorno de nervo craniano não especificado
G53.0,Transtornos dos nervos cranianos em doenças classificadas em outra parte,Nevralgia pós-zoster
G53.1,Transtornos dos nervos cranianos em doenças classificadas em outra parte,Paralisias de múltiplos nervos cranianos em doenças infecciosas e parasitárias classificadas em outra parte
G53.2,Transtornos dos nervos cranianos em doenças classificadas em outra parte,Paralisias de múltiplos nervos cranianos na sarcoidose
G53.3,Transtornos dos nervos cranianos em doenças classificadas em outra parte,Paralisias de múltiplos nervos cranianos em doenças neoplásicas
G53.8,Transtornos dos nervos cranianos em doenças classificadas em outra parte,Outros transtornos de nervos cranianos em outras doenças classificadas em outra parte
G54.0,Transtornos das raízes e dos plexos nervosos,Transtornos do plexo braquial
G54.1,Transtornos das raízes e dos plexos nervosos,Transtornos do plexo lombossacral
G54.2,Transtornos das raízes e dos plexos nervosos,Transtornos das raízes cervicais não classificadas em outra parte
G54.3,Transtornos das raízes e dos plexos nervosos,Transtornos das raízes torácicas não classificadas em outra parte
G54.4,Transtornos das raízes e dos plexos nervosos,Transtornos das raízes lombossacras não classificadas em outra parte
G54.5,Transtornos das raízes e dos plexos nervosos,Amiotrofia nevrálgica
G54.6,Transtornos das raízes e dos plexos nervosos,Síndrome dolorosa do membro fantasma
G54.7,Transtornos das raízes e dos plexos nervosos,Síndrome do membro fantasma sem manifestação dolorosa
G54.8,Transtornos das raízes e dos plexos nervosos,Outros transtornos das raízes e dos plexos nervosos
G54.9,Transtornos das raízes e dos plexos nervosos,Transtorno não especificado das raízes e dos plexos nervosos
G55.0,Compressões das raízes e dos plexos nervosos em doenças classificadas em outra parte,Compressões das raízes e dos plexos nervosos em doenças neoplásicas
G55.1,Compressões das raízes e dos plexos nervosos em doenças classificadas em outra parte,Compressões das raízes e dos plexos nervosos em transtornos dos discos intervertebrais
G55.2,Compressões das raízes e dos plexos nervosos em doenças classificadas em outra parte,Compressões das raízes e dos plexos nervosos na espondilose
G55.3,Compressões das raízes e dos plexos nervosos em doenças classificadas em outra parte,Compressões das raízes e dos plexos nervosos em outras dorsopatias
G55.8,Compressões das raízes e dos plexos nervosos em doenças classificadas em outra parte,Compressões das raízes e dos plexos nervosos em outras doenças classificadas em outra parte
G56.0,Mononeuropatias dos membros superiores,Síndrome do túnel do carpo
G56.1,Mononeuropatias dos membros superiores,Outras lesões do nervo mediano
G56.2,Mononeuropatias dos membros superiores,Lesões do nervo cubital [ulnar]
G56.3,Mononeuropatias dos membros superiores,Lesão do nervo radial
G56.4,Mononeuropatias dos membros superiores,Causalgia
G56.8,Mononeuropatias dos membros superiores,Outras mononeuropatias dos membros superiores
G56.9,Mononeuropatias dos membros superiores,Mononeuropatia dos membros superiores
G57.0,Mononeuropatias dos membros inferiores,Lesão do nervo ciático
G57.1,Mononeuropatias dos membros inferiores,Meralgia parestésica
G57.2,Mononeuropatias dos membros inferiores,Lesão do nervo femoral
G57.3,Mononeuropatias dos membros inferiores,Lesão do nervo poplíteo lateral
G57.4,Mononeuropatias dos membros inferiores,Lesão do nervo poplíteo medial
G57.5,Mononeuropatias dos membros inferiores,Síndrome do túnel do tarso
G57.6,Mononeuropatias dos membros inferiores,Lesão do nervo plantar
G57.8,Mononeuropatias dos membros inferiores,Outras mononeuropatias dos membros inferiores
G57.9,Mononeuropatias dos membros inferiores,Mononeuropatia dos membros inferiores
G58.0,Outras mononeuropatias,Neuropatia intercostal
G58.7,Outras mononeuropatias,Mononeurite múltipla
G58.8,Outras mononeuropatias,Outras mononeuropatias especificadas
G58.9,Outras mononeuropatias,Mononeuropatia não especificada
G59.0,Mononeuropatias em doenças classificadas em outra parte,Mononeuropatia diabética
G59.8,Mononeuropatias em doenças classificadas em outra parte,Outras mononeuropatias em doenças classificadas em outra parte
G60.0,Neuropatia hereditária e idiopática,Neuropatia hereditária motora e sensorial
G60.1,Neuropatia hereditária e idiopática,Doença de Refsum
G60.2,Neuropatia hereditária e idiopática,Neuropatia associada a ataxia hereditária
G60.3,Neuropatia hereditária e idiopática,Neuropatia progressiva idiopática
G60.8,Neuropatia hereditária e idiopática,Outras neuropatias hereditárias e idiopáticas
G60.9,Neuropatia hereditária e idiopática,Neuropatia hereditária e idiopática não especificada
G61.0,Polineuropatia inflamatória,Síndrome de Guillain-Barré
G61.1,Polineuropatia inflamatória,Neuropatia sérica
G61.8,Polineuropatia inflamatória,Outras polineuropatias inflamatórias
G61.9,Polineuropatia inflamatória,Polineuropatia inflamatória não especificada
G62.0,Outras polineuropatias,Polineuropatia induzida por drogas
G62.1,Outras polineuropatias,Polineuropatia alcoólica
G62.2,Outras polineuropatias,Polineuropatia devida a outros agentes tóxicos
G62.8,Outras polineuropatias,Outras polineuropatias especificadas
G62.9,Outras polineuropatias,Polineuropatia não especificada
G63.0,Polineuropatia em doenças classificadas em outra parte,Polineuropatia em doenças infecciosas e parasitárias classificadas em outra parte
G63.1,Polineuropatia em doenças classificadas em outra parte,Polineuropatia em doenças neoplásicas
G63.2,Polineuropatia em doenças classificadas em outra parte,Polineuropatia diabética
G63.3,Polineuropatia em doenças classificadas em outra parte,Polineuropatia em outras doenças endócrinas e metabólicas
G63.4,Polineuropatia em doenças classificadas em outra parte,Polineuropatia em deficiências nutricionais
G63.5,Polineuropatia em doenças classificadas em outra parte,Polineuropatia em doenças sistêmicas do tecido conjuntivo
G63.6,Polineuropatia em doenças classificadas em outra parte,Polineuropatia em outros transtornos osteomusculares
G63.8,Polineuropatia em doenças classificadas em outra parte,Polineuropatia em outras doenças classificadas em outra parte
G64,Outros transtornos do sistema nervoso periférico,Outros transtornos do sistema nervoso periférico
G70.0,Miastenia gravis e outros transtornos neuromusculares,Miastenia gravis
G70.1,Miastenia gravis e outros transtornos neuromusculares,Transtornos mioneurais tóxicos
G70.2,Miastenia gravis e outros transtornos neuromusculares,Miastenia congênita e do desenvolvimento
G70.8,Miastenia gravis e outros transtornos neuromusculares,Outros transtornos mioneurais especificados
G70.9,Miastenia gravis e outros transtornos neuromusculares,Transtorno mioneural não especificado
G71.0,Transtornos primários dos músculos,Distrofia muscular
G71.1,Transtornos primários dos músculos,Transtornos miotônicos
G71.2,Transtornos primários dos músculos,Miopatias congênitas
G71.3,Transtornos primários dos músculos,Miopatia mitocondrial não classificada em outra parte
G71.8,Transtornos primários dos músculos,Outros transtornos primários dos músculos
G71.9,Transtornos primários dos músculos,Transtorno muscular primário não especificado
G72.0,Outras miopatias,Miopatia induzida por drogas
G72.1,Outras miopatias,Miopatia alcoólica
G72.2,Outras miopatias,Miopatia devida a outros agentes tóxicos
G72.3,Outras miopatias,Paralisia periódica
G72.4,Outras miopatias,Miopatia inflamatória não classificada em outra parte
G72.8,Outras miopatias,Outras miopatias especificadas
G72.9,Outras miopatias,Miopatia não especificada
G73.0,Transtornos da junção mioneural e dos músculos em doenças classificadas em outra parte,Síndromes miastênicas em doenças endócrinas
G73.1,Transtornos da junção mioneural e dos músculos em doenças classificadas em outra parte,Síndrome de Eaton-Lambert
G73.2,Transtornos da junção mioneural e dos músculos em doenças classificadas em outra parte,Outras síndromes miastênicas em doenças neoplásicas
G73.3,Transtornos da junção mioneural e dos músculos em doenças classificadas em outra parte,Síndromes miastênicas em outras doenças classificadas em outra parte
G73.4,Transtornos da junção mioneural e dos músculos em doenças classificadas em outra parte,Miopatia em doenças infecciosas e parasitárias classificadas em outra parte
G73.5,Transtornos da junção mioneural e dos músculos em doenças classificadas em outra parte,Miopatia em doenças endócrinas
G73.6,Transtornos da junção mioneural e dos músculos em doenças classificadas em outra parte,Miopatia em doenças metabólicas
G73.7,Transtornos da junção mioneural e dos músculos em doenças classificadas em outra parte,Miopatia em outras doenças classificadas em outra parte
G80.0,Paralisia cerebral,Paralisia cerebral quadriplágica espástica
G80.1,Paralisia cerebral,Paralisia cerebral diplégica espástica
G80.2,Paralisia cerebral,Paralisia cerebral hemiplégica espástica
G80.3,Paralisia cerebral,Paralisia cerebral discinética
G80.4,Paralisia cerebral,Paralisia cerebral atáxica
G80.8,Paralisia cerebral,Outras formas de paralisia cerebral
G80.9,Paralisia cerebral,Paralisia cerebral não especificada
G81.0,Hemiplegia,Hemiplegia flácida
G81.1,Hemiplegia,Hemiplegia espástica
G81.9,Hemiplegia,Hemiplegia não especificada
G82.0,Paraplegia e tetraplegia,Paraplegia flácida
G82.1,Paraplegia e tetraplegia,Paraplegia espástica
G82.2,Paraplegia e tetraplegia,Paraplegia não especificada
G82.3,Paraplegia e tetraplegia,Tetraplegia flácida
G82.4,Paraplegia e tetraplegia,Tetraplegia espástica
G82.5,Paraplegia e tetraplegia,Tetraplegia não especificada
G83.0,Outras síndromes paralíticas,Diplegia dos membros superiores
G83.1,Outras síndromes paralíticas,Monoplegia do membro inferior
G83.2,Outras síndromes paralíticas,Monoplegia do membro superior
G83.3,Outras síndromes paralíticas,Monoplegia não especificada
G83.4,Outras síndromes paralíticas,Síndrome da cauda eqüina
G83.8,Outras síndromes paralíticas,Outras síndromes paralíticas especificadas
G83.9,Outras síndromes paralíticas,Síndrome paralítica não especificada
G90.0,Transtornos do sistema nervoso autônomo,Neuropatia autonômica periférica idiopática
G90.1,Transtornos do sistema nervoso autônomo,Disautonomia familiar [Síndrome de Riley-Day]
G90.2,Transtornos do sistema nervoso autônomo,Síndrome de Horner
G90.3,Transtornos do sistema nervoso autônomo,Degeneração multissistêmica
G90.4,Transtornos do sistema nervoso autônomo,Disreflexia autonômica
G90.8,Transtornos do sistema nervoso autônomo,Outros transtornos do sistema nervoso autônomo
G90.9,Transtornos do sistema nervoso autônomo,Transtorno não especificado do sistema nervoso autônomo
G91.0,Hidrocefalia,Hidrocefalia comunicante
G91.1,Hidrocefalia,Hidrocefalia obstrutiva
G91.2,Hidrocefalia,Hidrocefalia de pressão normal
G91.3,Hidrocefalia,Hidrocefalia pós-traumática não especificada
G91.8,Hidrocefalia,Outras formas de hidrocefalia
G91.9,Hidrocefalia,Hidrocefalia não especificada
G92,Encefalopatia tóxica,Encefalopatia tóxica
G93.0,Outros transtornos do encéfalo,Cistos cerebrais
G93.1,Outros transtornos do encéfalo,Lesão encefálica anóxica
G93.2,Outros transtornos do encéfalo,Hipertensão intracraniana benigna
G93.3,Outros transtornos do encéfalo,Síndrome da fadiga pós-viral
G93.4,Outros transtornos do encéfalo,Encefalopatia não especificada
G93.5,Outros transtornos do encéfalo,Compressão do encéfalo
G93.6,Outros transtornos do encéfalo,Edema cerebral
G93.7,Outros transtornos do encéfalo,Síndrome de Reye
G93.8,Outros transtornos do encéfalo,Outros transtornos especificados do encéfalo
G93.9,Outros transtornos do encéfalo,Transtorno não especificado do encéfalo
G94.0,Outros transtornos do encéfalo em doenças classificadas em outra parte,Hidrocefalia em doenças infecciosas e parasitárias classificadas em outra parte
G94.1,Outros transtornos do encéfalo em doenças classificadas em outra parte,Hidrocefalia em doenças neoplásicas
G94.2,Outros transtornos do encéfalo em doenças classificadas em outra parte,Hidrocefalia em outras doenças classificadas em outra parte
G94.8,Outros transtornos do encéfalo em doenças classificadas em outra parte,Outros transtornos encefálicos especificados em doenças classificadas em outra parte
G95.0,Outras doenças da medula espinal,Siringomielia e siringobulbia
G95.1,Outras doenças da medula espinal,Mielopatias vasculares
G95.2,Outras doenças da medula espinal,Compressão não especificada de medula espinal
G95.8,Outras doenças da medula espinal,Outras doenças especificadas da medula espinal
G95.9,Outras doenças da medula espinal,Doença não especificada da medula espinal
G96.0,Outros transtornos do sistema nervoso central,Fístula liquórica
G96.1,Outros transtornos do sistema nervoso central,Transtornos das meninges não classificados em outra parte
G96.8,Outros transtornos do sistema nervoso central,Outros transtornos especificados do sistema nervoso central
G96.9,Outros transtornos do sistema nervoso central,Transtorno não especificado do sistema nervoso central
G97.0,Transtornos pós-procedimento do sistema nervoso não classificados em outra parte,Perda de líquor resultante de punção espinal
G97.1,Transtornos pós-procedimento do sistema nervoso não classificados em outra parte,Outra reação à punção espinal e lombar
G97.2,Transtornos pós-procedimento do sistema nervoso não classificados em outra parte,Hipotensão intracraniana conseqüente à derivação ventricular
G97.8,Transtornos pós-procedimento do sistema nervoso não classificados em outra parte,Outros transtornos pós-procedimento do sistema nervoso
G97.9,Transtornos pós-procedimento do sistema nervoso não classificados em outra parte,Transtorno pós-procedimento do sistema nervoso
G98,Outros transtornos do sistema nervoso não classificados em outra parte,Outros transtornos do sistema nervoso não classificados em outra parte
G99.0,Outros transtornos do sistema nervoso em doenças classificadas em outra parte,Neuropatia autonômica em doenças endócrinas e metabólicas
G99.1,Outros transtornos do sistema nervoso em doenças classificadas em outra parte,Outros transtornos do sistema nervoso autônomo em doenças classificadas em outra parte
G99.2,Outros transtornos do sistema nervoso em doenças classificadas em outra parte,Mielopatia em doenças classificadas em outra parte
G99.8,Outros transtornos do sistema nervoso em doenças classificadas em outra parte,Outros transtornos especificados do sistema nervoso em doenças classificadas em outra parte
H00.0,Hordéolo e calázio,Hordéolo e outras inflamações profundas das pálpebras
H00.1,Hordéolo e calázio,Calázio
H01.0,Outras inflamações da pálpebra,Blefarite
H01.1,Outras inflamações da pálpebra,Dermatoses não infecciosas da pálpebra
H01.8,Outras inflamações da pálpebra,Outras inflamações especificadas da pálpebra
H01.9,Outras inflamações da pálpebra,Inflamação não especificada da pálpebra
H02.0,Outros transtornos da pálpebra,Entrópio e triquíase da pálpebra
H02.1,Outros transtornos da pálpebra,Ectrópio da pálpebra
H02.2,Outros transtornos da pálpebra,Lagoftalmo
H02.3,Outros transtornos da pálpebra,Blefarocalásia
H02.4,Outros transtornos da pálpebra,Ptose da pálpebra
H02.5,Outros transtornos da pálpebra,Outros transtornos que afetam a função da pálpebra
H02.6,Outros transtornos da pálpebra,Xantelasma da pálpebra
H02.7,Outros transtornos da pálpebra,Outros transtornos degenerativos da pálpebra e da área periocular
H02.8,Outros transtornos da pálpebra,Outros transtornos especificados das pálpebras
H02.9,Outros transtornos da pálpebra,Transtorno não especificado da pálpebra
H03.0,Transtornos da pálpebra em doenças classificadas em outras partes,Infestação parasitária da pálpebra em doenças classificadas em outra parte
H03.1,Transtornos da pálpebra em doenças classificadas em outras partes,Comprometimento da pálpebra em outras doenças infecciosas classificadas em outra parte
H03.8,Transtornos da pálpebra em doenças classificadas em outras partes,Comprometimento da pálpebra em outras doenças classificadas em outras partes
H04.0,Transtornos do aparelho lacrimal,Dacrioadenite
H04.1,Transtornos do aparelho lacrimal,Outros transtornos da glândula lacrimal
H04.2,Transtornos do aparelho lacrimal,Epífora
H04.3,Transtornos do aparelho lacrimal,Inflamação aguda e não especificada dos canais lacrimais
H04.4,Transtornos do aparelho lacrimal,Inflamação crônica dos canais lacrimais
H04.5,Transtornos do aparelho lacrimal,Estenose e insuficiência dos canais lacrimais
H04.6,Transtornos do aparelho lacrimal,Outras alterações nos canais lacrimais
H04.8,Transtornos do aparelho lacrimal,Outros transtornos do aparelho lacrimal
H04.9,Transtornos do aparelho lacrimal,Transtorno não especificado do aparelho lacrimal
H05.0,Transtornos da órbita,Inflamação aguda da órbita
H05.1,Transtornos da órbita,Transtornos inflamatórios crônicos da órbita
H05.2,Transtornos da órbita,Afecções exoftálmicas
H05.3,Transtornos da órbita,Deformidade da órbita
H05.4,Transtornos da órbita,Enoftalmia
H05.5,Transtornos da órbita,Corpo estranho (antigo) retido conseqüente a ferimento perfurante da órbita
H05.8,Transtornos da órbita,Outros transtornos da órbita
H05.9,Transtornos da órbita,Transtorno não especificado da órbita
H06.0,Transtornos do aparelho lacrimal e da órbita em doenças classificadas em outra parte,Transtornos do aparelho lacrimal em doenças classificadas em outra parte
H06.1,Transtornos do aparelho lacrimal e da órbita em doenças classificadas em outra parte,Infestação parasitária da órbita em doenças classificadas em outra parte
H06.2,Transtornos do aparelho lacrimal e da órbita em doenças classificadas em outra parte,Exoftalmo distireoídeo
H06.3,Transtornos do aparelho lacrimal e da órbita em doenças classificadas em outra parte,Outros transtornos da órbita em doenças classificadas em outra parte
H10.0,Conjuntivite,Conjuntivite mucopurulenta
H10.1,Conjuntivite,Conjuntivite aguda atópica
H10.2,Conjuntivite,Outras conjuntivites agudas
H10.3,Conjuntivite,Conjuntivite aguda não especificada
H10.4,Conjuntivite,Conjuntivite crônica
H10.5,Conjuntivite,Blefaroconjuntivite
H10.8,Conjuntivite,Outras conjuntivites
H10.9,Conjuntivite,Conjuntivite não especificada
H11.0,Outros transtornos da conjuntiva,Pterígio
H11.1,Outros transtornos da conjuntiva,Degenerações e depósitos da conjuntiva
H11.2,Outros transtornos da conjuntiva,Cicatrizes da conjuntiva
H11.3,Outros transtornos da conjuntiva,Hemorragia conjuntival
H11.4,Outros transtornos da conjuntiva,Outros transtornos vasculares e cistos conjuntivais
H11.8,Outros transtornos da conjuntiva,Outros transtornos especificados da conjuntiva
H11.9,Outros transtornos da conjuntiva,Transtorno não especificado da conjuntiva
H13.0,Transtornos da conjuntiva em doenças classificadas em outra parte,Infestação por filárias na conjuntiva
H13.1,Transtornos da conjuntiva em doenças classificadas em outra parte,Conjuntivite em doenças infecciosas e parasitárias classificadas em outra parte
H13.2,Transtornos da conjuntiva em doenças classificadas em outra parte,Conjuntivite em outras doenças classificadas em outra parte
H13.3,Transtornos da conjuntiva em doenças classificadas em outra parte,Penfigóide ocular
H13.8,Transtornos da conjuntiva em doenças classificadas em outra parte,Outros transtornos da conjuntiva em doença classificadas em outra parte
H15.0,Transtornos da esclerótica,Esclerite
H15.1,Transtornos da esclerótica,Episclerite
H15.8,Transtornos da esclerótica,Outros transtornos da esclerótica
H15.9,Transtornos da esclerótica,Transtorno não especificado da esclerótica
H16.0,Ceratite,Úlcera de córnea
H16.1,Ceratite,Outras ceratites superficiais sem conjuntivite
H16.2,Ceratite,Ceratoconjuntivite
H16.3,Ceratite,Ceratites intersticial e profunda
H16.4,Ceratite,Neovascularização da córnea
H16.8,Ceratite,Outras ceratites
H16.9,Ceratite,Ceratite não especificada
H17.0,Ciidrizes e opacidades da córnea,Leucoma aderente
H17.1,Ciidrizes e opacidades da córnea,Outra opacidade central da córnea
H17.8,Ciidrizes e opacidades da córnea,Outras cicatrizes e opacidades da córnea
H17.9,Ciidrizes e opacidades da córnea,Cicatriz e opacidade não especificadas da córnea
H18.0,Outros transtornos da córnea,Pigmentações e depósitos da córnea
H18.1,Outros transtornos da córnea,Ceratopatia bolhosa
H18.2,Outros transtornos da córnea,Outros edemas da córnea
H18.3,Outros transtornos da córnea,Alterações nas membranas da córnea
H18.4,Outros transtornos da córnea,Degenerações da córnea
H18.5,Outros transtornos da córnea,Distrofias hereditárias da córnea
H18.6,Outros transtornos da córnea,Ceratocone
H18.7,Outros transtornos da córnea,Outras deformidades da córnea
H18.8,Outros transtornos da córnea,Outros transtornos especificados da córnea
H18.9,Outros transtornos da córnea,Transtorno não especificado da córnea
H19.0,Transtorno da esclerótica e da córnea em doenças classificadas em outra parte,Esclerite e episclerite em doenças classificadas em outra parte
H19.1,Transtorno da esclerótica e da córnea em doenças classificadas em outra parte,Ceratite e ceratoconjuntivite pelo vírus do herpes simples
H19.2,Transtorno da esclerótica e da córnea em doenças classificadas em outra parte,Ceratite e ceratoconjuntivite em outras doenças infecciosas e parasitárias classificadas em outra parte
H19.3,Transtorno da esclerótica e da córnea em doenças classificadas em outra parte,Ceratite e ceratoconjuntivite em outras doenças classificadas em outra parte
H19.8,Transtorno da esclerótica e da córnea em doenças classificadas em outra parte,Outros transtornos de esclerótica e da córnea em doenças classificadas em outra parte
H20.0,Iridociclite,Iridociclite aguda e subaguda
H20.1,Iridociclite,Iridociclite crônica
H20.2,Iridociclite,Iridociclite induzida pelo cristalino
H20.8,Iridociclite,Outras iridociclites
H20.9,Iridociclite,Iridociclite não especificada
H21.0,Outros transtornos da íris e do corpo ciliar,Hifema
H21.1,Outros transtornos da íris e do corpo ciliar,Outros transtornos vasculares da íris e do corpo ciliar
H21.2,Outros transtornos da íris e do corpo ciliar,Degenerações da íris e do corpo ciliar
H21.3,Outros transtornos da íris e do corpo ciliar,Cistos da íris
H21.4,Outros transtornos da íris e do corpo ciliar,Membranas pupilares
H21.5,Outros transtornos da íris e do corpo ciliar,Outras aderências e roturas da íris e do corpo ciliar
H21.8,Outros transtornos da íris e do corpo ciliar,Outros transtornos especificados da íris e do corpo ciliar
H21.9,Outros transtornos da íris e do corpo ciliar,Transtorno não especificado da íris e do corpo ciliar
H22.0,Transtornos da íris e do corpo ciliar em doenças classificadas em outra parte,Iridociclite em doenças infecciosas e parasitárias classificadas em outra parte
H22.1,Transtornos da íris e do corpo ciliar em doenças classificadas em outra parte,Iridociclite em outras doenças classificadas em outra parte
H22.8,Transtornos da íris e do corpo ciliar em doenças classificadas em outra parte,Outros transtornos da íris e do corpo ciliar em doenças classificadas em outra parte
H25.0,idarata senil,Catarata senil incipiente
H25.1,idarata senil,Catarata senil nuclear
H25.2,idarata senil,Catarata senil tipo Morgagni
H25.8,idarata senil,Outras cataratas senis
H25.9,idarata senil,Catarata senil não especificada
H26.0,Outras idaratas,Catarata infantil
H26.1,Outras idaratas,Catarata traumática
H26.2,Outras idaratas,Catarata complicada
H26.3,Outras idaratas,Catarata induzida por drogas
H26.4,Outras idaratas,Pós-catarata
H26.8,Outras idaratas,Outras cataratas especificadas
H26.9,Outras idaratas,Catarata não especificada
H27.0,Outros transtornos do cristalino,Afacia
H27.1,Outros transtornos do cristalino,Deslocamento do cristalino
H27.8,Outros transtornos do cristalino,Outros transtornos especificados do cristalino
H27.9,Outros transtornos do cristalino,Transtorno não especificado do cristalino
H28.0,idarata e outros transtornos do cristalino em doenças classificadas em outra parte,Catarata diabética
H28.1,idarata e outros transtornos do cristalino em doenças classificadas em outra parte,Catarata em outras doenças endócrinas
H28.2,idarata e outros transtornos do cristalino em doenças classificadas em outra parte,Catarata em outras doenças classificadas em outra parte
H28.8,idarata e outros transtornos do cristalino em doenças classificadas em outra parte,Outros transtorno do cristalino em doenças classificadas em outra parte
H30.0,Inflamação coriorretiniana,Inflamação coriorretiniana focal
H30.1,Inflamação coriorretiniana,Inflamação corrorretiniana disseminada
H30.2,Inflamação coriorretiniana,Ciclite posterior
H30.8,Inflamação coriorretiniana,Outras inflamações coriorretinianas
H30.9,Inflamação coriorretiniana,Inflamação não especificada da coróide e da retina
H31.0,Outros transtornos da coróide,Cicatrizes coriorretinianas
H31.1,Outros transtornos da coróide,Degeneração da coróide
H31.2,Outros transtornos da coróide,Distrofia hereditária da coróide
H31.3,Outros transtornos da coróide,Hemorragia e rotura da coróide
H31.4,Outros transtornos da coróide,Descolamento da coróide
H31.8,Outros transtornos da coróide,Outros transtornos especificados da coróide
H31.9,Outros transtornos da coróide,Transtorno não especificado da coróide
H32.0,Transtornos coriorretinianos em doenças classificadas em outra parte,Inflamação coriorretiniana em doenças infecciosas e parasitárias classificadas em outra parte
H32.8,Transtornos coriorretinianos em doenças classificadas em outra parte,Outros transtornos coriorretinianos em doenças classificadas em outra parte
H33.0,Descolamentos e defeitos da retina,Descolamento da retina com defeito retiniano
H33.1,Descolamentos e defeitos da retina,Retinosquise e cistos da retina
H33.2,Descolamentos e defeitos da retina,Descolamento seroso da retina
H33.3,Descolamentos e defeitos da retina,Defeitos da retina sem descolamento
H33.4,Descolamentos e defeitos da retina,Descolamento da retina por tração
H33.5,Descolamentos e defeitos da retina,Outros descolamentos da retina
H34.0,Oclusões vasculares da retina,Oclusão arterial retiniana transitória
H34.1,Oclusões vasculares da retina,Oclusão da artéria retiniana central
H34.2,Oclusões vasculares da retina,Outras oclusões da artéria retiniana
H34.8,Oclusões vasculares da retina,Outras oclusões vasculares retinianas
H34.9,Oclusões vasculares da retina,Oclusão vascular retiniana não especificada
H35.0,Outros transtornos da retina,Retinopatias de fundo e alterações vasculares da retina
H35.1,Outros transtornos da retina,Retinopatia da prematuridade
H35.2,Outros transtornos da retina,Outras retinopatias proliferativas
H35.3,Outros transtornos da retina,Degeneração da mácula e do pólo posterior
H35.4,Outros transtornos da retina,Degenerações periféricas da retina
H35.5,Outros transtornos da retina,Distrofias hereditárias da retina
H35.6,Outros transtornos da retina,Hemorragia retiniana
H35.7,Outros transtornos da retina,Separação das camadas da retina
H35.8,Outros transtornos da retina,Outros transtornos especificados da retina
H35.9,Outros transtornos da retina,Transtorno da retina não especificado
H36.0,Transtornos da retina em doenças classificadas em outra parte,Retinopatia diabética
H36.8,Transtornos da retina em doenças classificadas em outra parte,Outros transtornos retinianos em doenças classificadas em outra parte
H40.0,Glaucoma,Suspeita de glaucoma
H40.1,Glaucoma,Glaucoma primário de ângulo aberto
H40.2,Glaucoma,Glaucoma primário de ângulo fechado
H40.3,Glaucoma,Glaucoma secundário a traumatismo ocular
H40.4,Glaucoma,Glaucoma secundário a inflamação ocular
H40.5,Glaucoma,Glaucoma secundário a outros transtornos do olho
H40.6,Glaucoma,Glaucoma secundário a drogas
H40.8,Glaucoma,Outro glaucoma
H40.9,Glaucoma,Glaucoma não especificado
H42.0,Glaucoma em doenças classificadas em outra parte,Glaucoma em doenças endócrinas
H42.8,Glaucoma em doenças classificadas em outra parte,Glaucoma em outras doenças classificadas em outra parte
H43.0,Transtornos do humor vítreo,Prolapso do humor vítreo
H43.1,Transtornos do humor vítreo,Hemorragia do humor vítreo
H43.2,Transtornos do humor vítreo,Depósitos cristalinos no humor vítreo
H43.3,Transtornos do humor vítreo,Outras opacidades do vítreo
H43.8,Transtornos do humor vítreo,Outros transtornos do humor vítreo
H43.9,Transtornos do humor vítreo,Transtorno não especificado do humor vítreo
H44.0,Transtornos do globo ocular,Endoftalmite purulenta
H44.1,Transtornos do globo ocular,Outras endoftalmites
H44.2,Transtornos do globo ocular,Miopia degenerativa
H44.3,Transtornos do globo ocular,Outros transtornos degenerativos do globo ocular
H44.4,Transtornos do globo ocular,Hipotonia do olho
H44.5,Transtornos do globo ocular,Afecções degenerativas do globo ocular
H44.6,Transtornos do globo ocular,Corpo estranho retido (antigo) intra-ocular de natureza magnética
H44.7,Transtornos do globo ocular,Corpo estranho retido (antigo) intra-ocular de natureza não-magnética
H44.8,Transtornos do globo ocular,Outros transtornos do globo ocular
H44.9,Transtornos do globo ocular,Transtorno não especificado do globo ocular
H45.0,Transtornos do humor vítreo e do globo ocular em doenças classificadas em outra parte,Hemorragia vítrea em doenças classificadas em outra parte
H45.1,Transtornos do humor vítreo e do globo ocular em doenças classificadas em outra parte,Endoftalmite em doenças classificadas em outra parte
H45.8,Transtornos do humor vítreo e do globo ocular em doenças classificadas em outra parte,Outros transtornos do humor vítreo e do globo ocular em doenças classificadas em outra parte
H46,Neurite óptica,Neurite óptica
H47.0,Outros transtornos do nervo óptico e das vias ópticas,Transtornos do nervo óptico não classificados em outra parte
H47.1,Outros transtornos do nervo óptico e das vias ópticas,Papiledema não especificado
H47.2,Outros transtornos do nervo óptico e das vias ópticas,Atrofia óptica
H47.3,Outros transtornos do nervo óptico e das vias ópticas,Outros transtornos do disco óptico
H47.4,Outros transtornos do nervo óptico e das vias ópticas,Transtornos do quiasma óptico
H47.5,Outros transtornos do nervo óptico e das vias ópticas,Transtornos de outras vias ópticas
H47.6,Outros transtornos do nervo óptico e das vias ópticas,Transtornos do córtex visual
H47.7,Outros transtornos do nervo óptico e das vias ópticas,Transtornos não especificados das vias ópticas
H48.0,Transtornos do nervo óptico [segundo par] e das vias ópticas em doenças classificadas em outra parte,Atrofia óptica em doenças classificadas em outra parte
H48.1,Transtornos do nervo óptico [segundo par] e das vias ópticas em doenças classificadas em outra parte,Neurite retrobulbar em doenças classificadas em outra parte
H48.8,Transtornos do nervo óptico [segundo par] e das vias ópticas em doenças classificadas em outra parte,Outros transtornos do nervo óptico e das vias ópticas em doenças classificadas em outra parte
H49.0,Estrabismo paralítico,Paralisia do terceiro par [oculomotor]
H49.1,Estrabismo paralítico,Paralisia do quarto par [troclear]
H49.2,Estrabismo paralítico,Paralisia do sexto par [abducente]
H49.3,Estrabismo paralítico,Oftalmoplegia total (externa)
H49.4,Estrabismo paralítico,Oftalmoplegia externa progressiva
H49.8,Estrabismo paralítico,Outros estrabismos paralíticos
H49.9,Estrabismo paralítico,Estrabismo paralítico não especificado
H50.0,Outros estrabismos,Estrabismo convergente concomitante
H50.1,Outros estrabismos,Estrabismo divergente concomitante
H50.2,Outros estrabismos,Estrabismo vertical
H50.3,Outros estrabismos,Heterotropia intermitente
H50.4,Outros estrabismos,Outras heterotropias e as não especificadas
H50.5,Outros estrabismos,Heteroforia
H50.6,Outros estrabismos,Estrabismo mecânico
H50.8,Outros estrabismos,Outros estrabismos especificados
H50.9,Outros estrabismos,Estrabismo não especificado
H51.0,Outros transtornos do movimento binocular,Paralisia do olhar conjugado
H51.1,Outros transtornos do movimento binocular,Insuficiência ou excesso de convergência
H51.2,Outros transtornos do movimento binocular,Oftalmoplegia internuclear
H51.8,Outros transtornos do movimento binocular,Outros transtornos especificados do movimento binocular
H51.9,Outros transtornos do movimento binocular,Transtorno não especificado do movimento binocular
H52.0,Transtornos da refração e da acomodação,Hipermetropia
H52.1,Transtornos da refração e da acomodação,Miopia
H52.2,Transtornos da refração e da acomodação,Astigmatismo
H52.3,Transtornos da refração e da acomodação,Anisometropia e aniseiconia
H52.4,Transtornos da refração e da acomodação,Presbiopia
H52.5,Transtornos da refração e da acomodação,Transtornos da acomodação
H52.6,Transtornos da refração e da acomodação,Outros transtornos da refração
H52.7,Transtornos da refração e da acomodação,Transtorno não especificado da refração
H53.0,Distúrbios visuais,Ambliopia por anopsia
H53.1,Distúrbios visuais,Distúrbios visuais subjetivos
H53.2,Distúrbios visuais,Diplopia
H53.3,Distúrbios visuais,Outros transtornos da visão binocular
H53.4,Distúrbios visuais,Defeitos do campo visual
H53.5,Distúrbios visuais,Deficiências da visão cromática
H53.6,Distúrbios visuais,Cegueira noturna
H53.8,Distúrbios visuais,Outros distúrbios visuais
H53.9,Distúrbios visuais,Distúrbio visual não especificado
H54.0,Cegueira e visão subnormal,Cegueira
H54.1,Cegueira e visão subnormal,Cegueira em um olho e visão subnormal em outro
H54.2,Cegueira e visão subnormal,Visão subnormal de ambos os olhos
H54.3,Cegueira e visão subnormal,Perda não qualificada da visão em ambos os olhos
H54.4,Cegueira e visão subnormal,Cegueira em um olho
H54.5,Cegueira e visão subnormal,Visão subnormal em um olho
H54.6,Cegueira e visão subnormal,Perda não qualificada da visão em um olho
H54.7,Cegueira e visão subnormal,Perda não especificada da visão
H55,Nistagmo e outros movimentos irregulares do olho,Nistagmo e outros movimentos irregulares do olho
H57.0,Outros transtornos do olho e anexos,Anomalias da função pupilar
H57.1,Outros transtornos do olho e anexos,Dor ocular
H57.8,Outros transtornos do olho e anexos,Outros transtornos especificados do olho e anexos
H57.9,Outros transtornos do olho e anexos,Transtorno não especificado do olho e anexos
H58.0,Outros transtornos do olho e anexos em doenças classificadas em outra parte,Anomalias da função pupilar em doenças classificadas em outra parte
H58.1,Outros transtornos do olho e anexos em doenças classificadas em outra parte,Distúrbios visuais em doenças classificadas em outra parte
H58.8,Outros transtornos do olho e anexos em doenças classificadas em outra parte,Outros transtornos especificados do olho e anexos em doenças classificadas em outra parte
H59.0,Transtornos do olho e anexos pós-procedimento não classificados em outra parte,Ceropatia (bolhosa afácica) subseqüente a cirurgia de catarata
H59.8,Transtornos do olho e anexos pós-procedimento não classificados em outra parte,Outros transtornos do olho e anexos pós-procedimentos
H59.9,Transtornos do olho e anexos pós-procedimento não classificados em outra parte,Transtorno não especificado do olho e anexos pós-procedimento
H60.0,Otite externa,Abscesso do ouvido externo
H60.1,Otite externa,Celulite do ouvido externo
H60.2,Otite externa,Otite externa maligna
H60.3,Otite externa,Outras otites externas infecciosas
H60.4,Otite externa,Colesteatoma do ouvido externo
H60.5,Otite externa,Otite externa aguda não-infecciosa
H60.8,Otite externa,Outras otites externas
H60.9,Otite externa,Otite externa não especificada
H61.0,Outros transtornos do ouvido externo,Pericondrite do pavilhão da orelha
H61.1,Outros transtornos do ouvido externo,Transtornos não-infecciosos do pavilhão da orelha
H61.2,Outros transtornos do ouvido externo,Cerume impactado
H61.3,Outros transtornos do ouvido externo,Estenose adquirida do conduto auditivo externo
H61.8,Outros transtornos do ouvido externo,Outros transtornos especificados do ouvido externo
H61.9,Outros transtornos do ouvido externo,Transtorno não especificado do ouvido externo
H62.0,Transtornos do ouvido externo em doenças classificadas em outra parte,Otite externa em doenças bacterianas classificadas em outra parte
H62.1,Transtornos do ouvido externo em doenças classificadas em outra parte,Otite externa em doenças virais classificadas em outra parte
H62.2,Transtornos do ouvido externo em doenças classificadas em outra parte,Otite externa em micoses
H62.3,Transtornos do ouvido externo em doenças classificadas em outra parte,Otite externa em outras doenças infecciosas e parasitárias classificadas em outra parte
H62.4,Transtornos do ouvido externo em doenças classificadas em outra parte,Otite externa em outras doenças classificadas em outra parte
H62.8,Transtornos do ouvido externo em doenças classificadas em outra parte,Outros transtornos do ouvido externo em doenças classificadas em outra parte
H65.0,Otite média não-supurativa,Otite média aguda serosa
H65.1,Otite média não-supurativa,Outras otites médias agudas não-supurativas
H65.2,Otite média não-supurativa,Otite média serosa crônica
H65.3,Otite média não-supurativa,Otite média mucóide crônica
H65.4,Otite média não-supurativa,Outras otites médias crônicas não-supurativas
H65.9,Otite média não-supurativa,Otite média não-supurativa
H66.0,Otite média supurativa e as não especificadas,Otite média aguda supurativa
H66.1,Otite média supurativa e as não especificadas,Otite média tubotimpânica supurativa crônica
H66.2,Otite média supurativa e as não especificadas,Otite média ático-antral supurativa crônica
H66.3,Otite média supurativa e as não especificadas,Outras otites médias supurativas crônicas
H66.4,Otite média supurativa e as não especificadas,Otite média supurativa não especificada
H66.9,Otite média supurativa e as não especificadas,Otite média não especificada
H67.0,Otite média em doenças classificadas em outra parte,Otite média em doenças bacterianas classificadas em outra parte
H67.1,Otite média em doenças classificadas em outra parte,Otite média em doenças virais classificadas em outra parte
H67.8,Otite média em doenças classificadas em outra parte,Otite média em outras doenças classificadas em outra parte
H68.0,Salpingite e obstrução da trompa de Eustáquio,Salpingite da trompa de Eustáquio
H68.1,Salpingite e obstrução da trompa de Eustáquio,Obstrução da trompa de Eustáquio
H69.0,Outros transtornos da trompa de Eustáquio,Trompa de Eustáquio aberta (patente) (patulosa)
H69.8,Outros transtornos da trompa de Eustáquio,Outros transtornos especificados da trompa de Eustáquio
H69.9,Outros transtornos da trompa de Eustáquio,Transtorno não especificado da trompa de Eustáquio
H70.0,Mastoidite e afecções correlatas,Mastoidite aguda
H70.1,Mastoidite e afecções correlatas,Mastoidite crônica
H70.2,Mastoidite e afecções correlatas,Petrosite
H70.8,Mastoidite e afecções correlatas,Outras mastoidites e afecções relacionadas com a mastoidite
H70.9,Mastoidite e afecções correlatas,Mastoidite não especificada
H71,Colesteatoma do ouvido médio,Colesteatoma do ouvido médio
H72.0,Perfuração da membrana do tímpano,Perfuração central da membrana do tímpano
H72.1,Perfuração da membrana do tímpano,Perfuração ática da membrana do tímpano
H72.2,Perfuração da membrana do tímpano,Outras perfurações marginais da membrana do tímpano
H72.8,Perfuração da membrana do tímpano,Outras perfurações da membrana do tímpano
H72.9,Perfuração da membrana do tímpano,Perfuração não especificada da membrana do tímpano
H73.0,Outros transtornos da membrana do tímpano,Miringite aguda
H73.1,Outros transtornos da membrana do tímpano,Miringite crônica
H73.8,Outros transtornos da membrana do tímpano,Outros transtornos especificados da membrana do tímpano
H73.9,Outros transtornos da membrana do tímpano,Transtorno não especificado da membrana do tímpano
H74.0,Outros transtornos do ouvido médio e da mastóide,Timpanosclerose
H74.1,Outros transtornos do ouvido médio e da mastóide,Doença adesiva do ouvido médio
H74.2,Outros transtornos do ouvido médio e da mastóide,Descontinuidade e deslocamento dos ossículos do ouvido
H74.3,Outros transtornos do ouvido médio e da mastóide,Outras anormalidades adquiridas dos ossículos do ouvido
H74.4,Outros transtornos do ouvido médio e da mastóide,Pólipo do ouvido médio
H74.8,Outros transtornos do ouvido médio e da mastóide,Outros transtornos especificados do ouvido médio e da mastóide
H74.9,Outros transtornos do ouvido médio e da mastóide,Transtorno não especificado do ouvido médio e da mastóide
H75.0,Outros transtornos do ouvido médio e da mastóide em doenças classificadas em outra parte,Mastoidite em doenças infecciosas e parasitárias classificadas em outra parte
H75.8,Outros transtornos do ouvido médio e da mastóide em doenças classificadas em outra parte,Outros transtornos especificados do ouvido médio e da mastóide em doenças classificadas em outra parte
H80.0,Otosclerose,Otosclerose que compromete a janela oval
H80.1,Otosclerose,Otosclerose que compromete a janela oval
H80.2,Otosclerose,Otosclerose da cóclea
H80.8,Otosclerose,Outras otoscleroses
H80.9,Otosclerose,Otosclerose não especificada
H81.0,Transtornos da função vestibular,Doença de Ménière
H81.1,Transtornos da função vestibular,Vertigem paroxística benigna
H81.2,Transtornos da função vestibular,Neuronite vestibular
H81.3,Transtornos da função vestibular,Outras vertigens periféricas
H81.4,Transtornos da função vestibular,Vertigem de origem central
H81.8,Transtornos da função vestibular,Outros transtornos da função vestibular
H81.9,Transtornos da função vestibular,Transtornos não especificados da função vestibular
H82,Síndromes vertiginosas em doenças classificadas em outra parte,Síndromes vertiginosas em doenças classificadas em outra parte
H83.0,Outros transtornos do ouvido interno,Labirintite
H83.1,Outros transtornos do ouvido interno,Fístula do labirinto
H83.2,Outros transtornos do ouvido interno,Disfunção do labirinto
H83.3,Outros transtornos do ouvido interno,Efeitos do ruído sobre o ouvido interno
H83.8,Outros transtornos do ouvido interno,Outros transtornos especificados do ouvido interno
H83.9,Outros transtornos do ouvido interno,Transtorno não especificado do ouvido interno
H90.0,Perda de audição por transtorno de condução e/ou neuro-sensorial,Perda de audição bilateral devida a transtorno de condução
H90.1,Perda de audição por transtorno de condução e/ou neuro-sensorial,Perda de audição unilateral por transtorno de condução
H90.2,Perda de audição por transtorno de condução e/ou neuro-sensorial,Perda não especificada de audição devida a transtorno de condução
H90.3,Perda de audição por transtorno de condução e/ou neuro-sensorial,Perda de audição bilateral neuro-sensorial
H90.4,Perda de audição por transtorno de condução e/ou neuro-sensorial,Perda de audição unilateral neuro-sensorial
H90.5,Perda de audição por transtorno de condução e/ou neuro-sensorial,Perda de audição neuro-sensorial não especificada
H90.6,Perda de audição por transtorno de condução e/ou neuro-sensorial,Perda de audição bilateral mista
H90.7,Perda de audição por transtorno de condução e/ou neuro-sensorial,Perda de audição unilateral mista
H90.8,Perda de audição por transtorno de condução e/ou neuro-sensorial,Perda de audição mista
H91.0,Outras perdas de audição,Perda de audição ototóxica
H91.1,Outras perdas de audição,Presbiacusia
H91.2,Outras perdas de audição,Perda de audição súbita idiopática
H91.3,Outras perdas de audição,Surdo-mudez não classificada em outra parte
H91.8,Outras perdas de audição,Outras perdas de audição especificadas
H91.9,Outras perdas de audição,Perda não especificada de audição
H92.0,Otalgia e secreção auditiva,Otalgia
H92.1,Otalgia e secreção auditiva,Otorréia
H92.2,Otalgia e secreção auditiva,Otorragia
H93.0,Outros transtornos do ouvido não classificados em outra parte,Transtornos degenerativos e vasculares do ouvido
H93.1,Outros transtornos do ouvido não classificados em outra parte,Tinnitus
H93.2,Outros transtornos do ouvido não classificados em outra parte,Outras percepções auditivas anormais
H93.3,Outros transtornos do ouvido não classificados em outra parte,Transtornos do nervo acústico
H93.8,Outros transtornos do ouvido não classificados em outra parte,Outros transtornos especificados do ouvido
H93.9,Outros transtornos do ouvido não classificados em outra parte,Transtorno não especificado do ouvido
H94.0,Outros transtornos do ouvido em doenças classificadas em outra parte,Neurite acústica em doenças infecciosas e parasitárias classificadas em outra parte
H94.8,Outros transtornos do ouvido em doenças classificadas em outra parte,Outros transtornos especificados do ouvido em doenças classificadas em outra parte
H95.0,Transtornos do ouvido e da apófise mastóide pós-procedimentos,Colesteatoma recorrente da cavidade pós-mastoidectomia
H95.1,Transtornos do ouvido e da apófise mastóide pós-procedimentos,Outros transtornos conseqüentes à mastoidectomia
H95.8,Transtornos do ouvido e da apófise mastóide pós-procedimentos,Outros transtornos do ouvido e da apófise mastóide pós-procedimento
H95.9,Transtornos do ouvido e da apófise mastóide pós-procedimentos,Transtorno não especificado do ouvido e da apófise mastóide pós-procedimento
I00,Febre reumática sem menção de comprometimento do coração,Febre reumática sem menção de comprometimento do coração
I01.0,Febre reumática com comprometimento do coração,Pericardite reumática aguda
I01.1,Febre reumática com comprometimento do coração,Endocardite reumática aguda
I01.2,Febre reumática com comprometimento do coração,Miocardite reumática aguda
I01.8,Febre reumática com comprometimento do coração,Outras formas de doença cardíaca reumática aguda
I01.9,Febre reumática com comprometimento do coração,Doença cardíaca reumática aguda não especificada
I02.0,Coréia reumática,Coréia reumática com comprometimento cardíaco
I02.9,Coréia reumática,Coréia reumática sem comprometimento cardíaco
I05.0,Doenças reumáticas da valva mitral,Estenose mitral
I05.1,Doenças reumáticas da valva mitral,Insuficiência mitral reumática
I05.2,Doenças reumáticas da valva mitral,Estenose mitral com insuficiência
I05.8,Doenças reumáticas da valva mitral,Outras doenças da valva mitral
I05.9,Doenças reumáticas da valva mitral,Doença não especificada da valva mitral
I06.0,Doenças reumáticas da valva aórtica,Estenose aórtica reumática
I06.1,Doenças reumáticas da valva aórtica,Insuficiência aórtica reumática
I06.2,Doenças reumáticas da valva aórtica,Estenose aórtica reumática com insuficiência
I06.8,Doenças reumáticas da valva aórtica,Outras doenças reumáticas da valva aórtica
I06.9,Doenças reumáticas da valva aórtica,Doença reumática da valva aórtica
I07.0,Doenças reumáticas da valva tricúspide,Estenose tricúspide
I07.1,Doenças reumáticas da valva tricúspide,Insuficiência tricúspide
I07.2,Doenças reumáticas da valva tricúspide,Estenose tricúspide com insuficiência
I07.8,Doenças reumáticas da valva tricúspide,Outras doenças da valva tricúspide
I07.9,Doenças reumáticas da valva tricúspide,Doença não especificada da valva tricúspide
I08.0,Doenças de múltiplas valvas,Transtornos de valvas mitral e aórtica
I08.1,Doenças de múltiplas valvas,Transtornos de ambas as valvas mitral e tricúspide
I08.2,Doenças de múltiplas valvas,Transtornos de ambas as valvas aórtica e tricúspide
I08.3,Doenças de múltiplas valvas,Transtornos das valvas mitral
I08.8,Doenças de múltiplas valvas,Outras doenças de múltiplas valvas
I08.9,Doenças de múltiplas valvas,Doença não especificada de múltiplas valvas
I09.0,Outras doenças reumáticas do coração,Miocardite reumática
I09.1,Outras doenças reumáticas do coração,Doenças reumáticas do endocárdio
I09.2,Outras doenças reumáticas do coração,Pericardite reumática crônica
I09.8,Outras doenças reumáticas do coração,Outras doenças reumáticas especificadas do coração
I09.9,Outras doenças reumáticas do coração,Doença cardíaca reumática não especificada
I10,Hipertensão essencial (primária),Hipertensão essencial (primária)
I11.0,Doença cardíaca hipertensiva,Doença cardíaca hipertensiva com insuficiência cardíaca (congestiva)
I11.9,Doença cardíaca hipertensiva,Doença cardíaca hipertensiva sem insuficiência cardíaca (congestiva)
I12.0,Doença renal hipertensiva,Doença renal hipertensiva com insuficiência renal
I12.9,Doença renal hipertensiva,Doença renal hipertensiva sem insuficiência renal
I13.0,Doença cardíaca e renal hipertensiva,Doença cardíaca e renal hipertensiva com insuficiência cardíaca (congestiva)
I13.1,Doença cardíaca e renal hipertensiva,Doença cardíaca e renal hipertensiva com insuficiência renal
I13.2,Doença cardíaca e renal hipertensiva,Doença cardíaca e renal hipertensiva com insuficiência cardíaca (congestiva) e insuficiência renal
I13.9,Doença cardíaca e renal hipertensiva,Doença cardíaca e renal hipertensiva
I15.0,Hipertensão secundária,Hipertensão renovascular
I15.1,Hipertensão secundária,Hipertensão secundária a outras afecções renais
I15.2,Hipertensão secundária,Hipertensão secundária a afecções endócrinas
I15.8,Hipertensão secundária,Outras formas de hipertensão secundária
I15.9,Hipertensão secundária,Hipertensão secundária
I20.0,Angina pectoris,Angina instável
I20.1,Angina pectoris,Angina pectoris com espasmo documentado
I20.8,Angina pectoris,Outras formas de angina pectoris
I20.9,Angina pectoris,Angina pectoris
I21.0,Infarto agudo do miocárdio,Infarto agudo transmural da parede anterior do miocárdio
I21.1,Infarto agudo do miocárdio,Infarto agudo transmural da parede inferior do miocárdio
I21.2,Infarto agudo do miocárdio,Infarto agudo transmural do miocárdio de outras localizações
I21.3,Infarto agudo do miocárdio,Infarto agudo transmural do miocárdio
I21.4,Infarto agudo do miocárdio,Infarto agudo subendocárdico do miocárdio
I21.9,Infarto agudo do miocárdio,Infarto agudo do miocárdio não especificado
I22.0,Infarto do miocárdio recorrente,Infarto do miocárdio recorrente da parede anterior
I22.1,Infarto do miocárdio recorrente,Infarto do miocárdio recorrente da parede inferior
I22.8,Infarto do miocárdio recorrente,Infarto do miocárdio recorrente de outras localizações
I22.9,Infarto do miocárdio recorrente,Infarto do miocárdio recorrente de localização não especificada
I23.0,Algumas complicações atuais subseqüentes ao infarto agudo do miocárdio,Hemopericárdio como complicação atual subseqüente ao infarto agudo do miocárdio
I23.1,Algumas complicações atuais subseqüentes ao infarto agudo do miocárdio,Comunicação interatrial como complicação atual subseqüente ao infarto agudo do miocárdio
I23.2,Algumas complicações atuais subseqüentes ao infarto agudo do miocárdio,Comunicação interventricular como complicação atual subseqüente ao infarto agudo do miocárdio
I23.3,Algumas complicações atuais subseqüentes ao infarto agudo do miocárdio,Ruptura da parede do coração sem ocorrência de hemopericárdio como complicação atual subseqüente ao infarto agudo do miocárdio
I23.4,Algumas complicações atuais subseqüentes ao infarto agudo do miocárdio,Ruptura de cordoalhas tendíneas como complicação atual subseqüente ao infarto agudo do miocárdio
I23.5,Algumas complicações atuais subseqüentes ao infarto agudo do miocárdio,Ruptura de músculos papilares como complicação atual subseqüente ao infarto agudo do miocárdio
I23.6,Algumas complicações atuais subseqüentes ao infarto agudo do miocárdio,Trombose de átrio
I23.8,Algumas complicações atuais subseqüentes ao infarto agudo do miocárdio,Outras complicações atuais subseqüentes ao infarto agudo do miocárdio
I24.0,Outras doenças isquêmicas agudas do coração,Trombose coronária que não resulta em infarto do miocárdio
I24.1,Outras doenças isquêmicas agudas do coração,Síndrome de Dressler
I24.8,Outras doenças isquêmicas agudas do coração,Outras formas de doença isquêmica aguda do coração
I24.9,Outras doenças isquêmicas agudas do coração,Doença isquêmica aguda do coração não especificada
I25.0,Doença isquêmica crônica do coração,Doença cardiovascular aterosclerótica
I25.1,Doença isquêmica crônica do coração,Doença aterosclerótica do coração
I25.2,Doença isquêmica crônica do coração,Infarto antigo do miocárdio
I25.3,Doença isquêmica crônica do coração,Aneurisma cardíaco
I25.4,Doença isquêmica crônica do coração,Aneurisma de artéria coronária
I25.5,Doença isquêmica crônica do coração,Miocardiopatia isquêmica
I25.6,Doença isquêmica crônica do coração,Isquemia miocárdica silenciosa
I25.8,Doença isquêmica crônica do coração,Outras formas de doença isquêmica crônica do coração
I25.9,Doença isquêmica crônica do coração,Doença isquêmica crônica do coração não especificada
I26.0,Embolia pulmonar,Embolia pulmonar com menção de cor pulmonale agudo
I26.9,Embolia pulmonar,Embolia pulmonar sem menção de cor pulmonale agudo
I27.0,Outras formas de doença cardíaca pulmonar,Hipertensão pulmonar primária
I27.1,Outras formas de doença cardíaca pulmonar,Cardiopatia cifoescoliótica
I27.2,Outras formas de doença cardíaca pulmonar,Outra hipertensão pulmonar secundária
I27.8,Outras formas de doença cardíaca pulmonar,Outras doenças pulmonares do coração especificadas
I27.9,Outras formas de doença cardíaca pulmonar,Cardiopatia pulmonar não especificada
I28.0,Outras doenças dos vasos pulmonares,Fístula arteriovenosa de vasos pulmonares
I28.1,Outras doenças dos vasos pulmonares,Aneurisma da artéria pulmonar
I28.8,Outras doenças dos vasos pulmonares,Outras doenças especificadas dos vasos pulmonares
I28.9,Outras doenças dos vasos pulmonares,Doença não especificada dos vasos pulmonares
I30.0,Pericardite aguda,Pericardite aguda idiopática não específica
I30.1,Pericardite aguda,Pericardite infecciosa
I30.8,Pericardite aguda,Outras formas de pericardite aguda
I30.9,Pericardite aguda,Pericardite aguda não especificada
I31.0,Outras doenças do pericárdio,Pericardite adesiva crônica
I31.1,Outras doenças do pericárdio,Pericardite constritiva crônica
I31.2,Outras doenças do pericárdio,Hemopericárdio não classificado em outra parte
I31.3,Outras doenças do pericárdio,Derrame pericárdico (não-inflamatório)
I31.8,Outras doenças do pericárdio,Outras doenças especificadas do pericárdio
I31.9,Outras doenças do pericárdio,Doença não especificada do pericárdio
I32.0,Pericardite em doenças classificadas em outra parte,Pericardite em doenças bacterianas classificadas em outra parte
I32.1,Pericardite em doenças classificadas em outra parte,Pericardite em outras doenças infecciosas e parasitárias classificadas em outra parte
I32.8,Pericardite em doenças classificadas em outra parte,Pericardite em outras doenças classificadas em outra parte
I33.0,Endocardite aguda e subaguda,Endocardite infecciosa aguda e subaguda
I33.9,Endocardite aguda e subaguda,Endocardite aguda não especificada
I34.0,Transtornos não-reumáticos da valva mitral,Insuficiência (da valva) mitral
I34.1,Transtornos não-reumáticos da valva mitral,Prolapso (da valva) mitral
I34.2,Transtornos não-reumáticos da valva mitral,Estenose (da valva) mitral
I34.8,Transtornos não-reumáticos da valva mitral,Outros transtornos não-reumáticos da valva mitral
I34.9,Transtornos não-reumáticos da valva mitral,Transtornos não-reumáticos da valva mitral
I35.0,Transtornos não-reumáticos da valva aórtica,Estenose (da valva) aórtica
I35.1,Transtornos não-reumáticos da valva aórtica,Insuficiência (da valva) aórtica
I35.2,Transtornos não-reumáticos da valva aórtica,Estenose (da valva) aórtica com insuficiência
I35.8,Transtornos não-reumáticos da valva aórtica,Outros transtornos da valva aórtica
I35.9,Transtornos não-reumáticos da valva aórtica,Transtornos não especificados da valva aórtica
I36.0,Transtornos não-reumáticos da valva tricúspide,Estenose (da valva) tricúspide não-reumática
I36.1,Transtornos não-reumáticos da valva tricúspide,Insuficiência (da valva) tricúspide não-reumática
I36.2,Transtornos não-reumáticos da valva tricúspide,Estenose (da valva) tricúspide com insuficiência
I36.8,Transtornos não-reumáticos da valva tricúspide,Outros transtornos não-reumáticos da valva tricúspide
I36.9,Transtornos não-reumáticos da valva tricúspide,Transtornos não-reumáticos da valva tricúspide
I37.0,Transtornos da valva pulmonar,Estenose da valva pulmonar
I37.1,Transtornos da valva pulmonar,Insuficiência da valva pulmonar
I37.2,Transtornos da valva pulmonar,Estenose da valva pulmonar com insuficiência
I37.8,Transtornos da valva pulmonar,Outros transtornos da valva pulmonar
I37.9,Transtornos da valva pulmonar,Transtornos não especificados da valva pulmonar
I38,Endocardite de valva não especificada,Endocardite de valva não especificada
I39.0,Endocardite e transtornos valvulares cardíacos em doenças classificadas em outra parte,Transtornos da valva mitral em doenças classificadas em outra parte
I39.1,Endocardite e transtornos valvulares cardíacos em doenças classificadas em outra parte,Transtornos da valva aórtica em doenças classificadas em outra parte
I39.2,Endocardite e transtornos valvulares cardíacos em doenças classificadas em outra parte,Transtornos da valva tricúspide em doenças classificadas em outra parte
I39.3,Endocardite e transtornos valvulares cardíacos em doenças classificadas em outra parte,Transtornos da valva pulmonar em doenças classificadas em outra parte
I39.4,Endocardite e transtornos valvulares cardíacos em doenças classificadas em outra parte,Transtornos de múltiplas valvas em doenças classificadas em outra parte
I39.8,Endocardite e transtornos valvulares cardíacos em doenças classificadas em outra parte,Endocardite
I40.0,Miocardite aguda,Miocardite infecciosa
I40.1,Miocardite aguda,Miocardite isolada
I40.8,Miocardite aguda,Outras miocardites agudas
I40.9,Miocardite aguda,Miocardite aguda não especificada
I41.0,Miocardite em doenças classificadas em outra parte,Miocardite em doenças bacterianas classificadas em outra parte
I41.1,Miocardite em doenças classificadas em outra parte,Miocardite em doenças virais classificadas em outra parte
I41.2,Miocardite em doenças classificadas em outra parte,Miocardite em outras doenças infecciosas e parasitárias classificadas em outra parte
I41.8,Miocardite em doenças classificadas em outra parte,Miocardite em outras doenças classificadas em outra parte
I42.0,Cardiomiopatias,Cardiomiopatia dilatada
I42.1,Cardiomiopatias,Cardiomiopatia obstrutiva hipertrófica
I42.2,Cardiomiopatias,Outras cardiomiopatias hipertróficas
I42.3,Cardiomiopatias,Doença endomiocárdica (eosinofílica)
I42.4,Cardiomiopatias,Fibroelastose endocárdica
I42.5,Cardiomiopatias,Outras cardiomiopatias restritivas
I42.6,Cardiomiopatias,Cardiomiopatia alcoólica
I42.7,Cardiomiopatias,Cardiomiopatia devida a drogas e outros agentes externos
I42.8,Cardiomiopatias,Outras cardiomiopatias
I42.9,Cardiomiopatias,Cardiomiopatia não especificada
I43.0,Cardiomiopatia em doenças classificadas em outra parte,Cardiomiopatia em doenças infecciosas e parasitárias classificadas em outra parte
I43.1,Cardiomiopatia em doenças classificadas em outra parte,Cardiomiopatia em doenças metabólicas
I43.2,Cardiomiopatia em doenças classificadas em outra parte,Cardiomiopatia em doenças nutricionais
I43.8,Cardiomiopatia em doenças classificadas em outra parte,Cardiomiopatia em outras doenças classificadas em outra parte
I44.0,Bloqueio atrioventricular e do ramo esquerdo,Bloqueio atrioventricular de primeiro grau
I44.1,Bloqueio atrioventricular e do ramo esquerdo,Bloqueio atrioventricular de segundo grau
I44.2,Bloqueio atrioventricular e do ramo esquerdo,Bloqueio atrioventricular total
I44.3,Bloqueio atrioventricular e do ramo esquerdo,Outras formas de bloqueio atrioventricular e as não especificadas
I44.4,Bloqueio atrioventricular e do ramo esquerdo,Bloqueio do fascículo anterior esquerdo
I44.5,Bloqueio atrioventricular e do ramo esquerdo,Bloqueio do fascículo posterior esquerdo
I44.6,Bloqueio atrioventricular e do ramo esquerdo,Outras formas de bloqueio fascicular e as não especificadas
I44.7,Bloqueio atrioventricular e do ramo esquerdo,Bloqueio de ramo esquerdo não especificado
I45.0,Outros transtornos de condução,Bloqueio fascicular direito
I45.1,Outros transtornos de condução,Outras formas de bloqueio de ramo direito e as não especificadas
I45.2,Outros transtornos de condução,Bloqueio bifascicular
I45.3,Outros transtornos de condução,Bloqueio trifascicular
I45.4,Outros transtornos de condução,Bloqueio intraventricular não específico
I45.5,Outros transtornos de condução,Outras formas especificadas de bloqueio cardíaco
I45.6,Outros transtornos de condução,Síndrome de pré-excitação
I45.8,Outros transtornos de condução,Outros transtornos especificados da condução
I45.9,Outros transtornos de condução,Transtorno de condução não especificado
I46.0,Parada cardíaca,Parada cardíaca com ressuscitação bem sucedida
I46.1,Parada cardíaca,Morte súbita (de origem) cardíaca
I46.9,Parada cardíaca,Parada cardíaca não especificada
I47.0,Taquicardia paroxística,Arritmia ventricular por reentrada
I47.1,Taquicardia paroxística,Taquicardia supraventricular
I47.2,Taquicardia paroxística,Taquicardia ventricular
I47.9,Taquicardia paroxística,Taquicardia paroxística não especificada
I48,Flutter e fibrilacao atrial,Flutter e fibrilação atrial
I49.0,Outras arritmias cardíacas,Flutter e fibrilação ventricular
I49.1,Outras arritmias cardíacas,Despolarização atrial prematura
I49.2,Outras arritmias cardíacas,Despolarização juncional prematura
I49.3,Outras arritmias cardíacas,Despolarização ventricular prematura
I49.4,Outras arritmias cardíacas,Outras formas de despolarização prematura e as não especificadas
I49.5,Outras arritmias cardíacas,Síndrome do nó sinusal
I49.8,Outras arritmias cardíacas,Outras arritmias cardíacas especificadas
I49.9,Outras arritmias cardíacas,Arritmia cardíaca não especificada
I50.0,Insuficiência cardíaca,Insuficiência cardíaca congestiva
I50.1,Insuficiência cardíaca,Insuficiência ventricular esquerda
I50.9,Insuficiência cardíaca,Insuficiência cardíaca não especificada
I51.0,Complicações de cardiopatias e doenças cardíacas mal definidas,Defeito adquirido de septo cardíaco
I51.1,Complicações de cardiopatias e doenças cardíacas mal definidas,Ruptura de cordoalha tendínea não classificada em outra parte
I51.2,Complicações de cardiopatias e doenças cardíacas mal definidas,Ruptura de músculo papilar não classificada em outra parte
I51.3,Complicações de cardiopatias e doenças cardíacas mal definidas,Trombose intracardíaca não classificada em outra parte
I51.4,Complicações de cardiopatias e doenças cardíacas mal definidas,Miocardite não especificada
I51.5,Complicações de cardiopatias e doenças cardíacas mal definidas,Degeneração miocárdica
I51.6,Complicações de cardiopatias e doenças cardíacas mal definidas,Doença cardiovascular não especificada
I51.7,Complicações de cardiopatias e doenças cardíacas mal definidas,Cardiomegalia
I51.8,Complicações de cardiopatias e doenças cardíacas mal definidas,Outras doenças mal definidas do coração
I51.9,Complicações de cardiopatias e doenças cardíacas mal definidas,Doença não especificada do coração
I52.0,Outras afecções cardíacas em doenças classificadas em outra parte,Outras afecções cardíacas em doenças bacterianas classificadas em outra parte
I52.1,Outras afecções cardíacas em doenças classificadas em outra parte,Outras afecções cardíacas em outras doenças infecciosas e parasitárias classificadas em outra parte
I52.8,Outras afecções cardíacas em doenças classificadas em outra parte,Outras afecções cardíacas em outras doenças classificadas em outra parte
I60.0,Hemorragia subaracnóide,Hemorragia subaracnóide proveniente do sifão e da bifurcação da carótida
I60.1,Hemorragia subaracnóide,Hemorragia subaracnóide proveniente da artéria cerebral média
I60.2,Hemorragia subaracnóide,Hemorragia subaracnóide proveniente da artéria comunicante anterior
I60.3,Hemorragia subaracnóide,Hemorragia subaracnóide proveniente da artéria comunicante posterior
I60.4,Hemorragia subaracnóide,Hemorragia subaracnóide proveniente da artéria basilar
I60.5,Hemorragia subaracnóide,Hemorragia subaracnóide proveniente da artéria vertebral
I60.6,Hemorragia subaracnóide,Hemorragia subaracnóide proveniente de outras artérias intracranianas
I60.7,Hemorragia subaracnóide,Hemorragia subaracnóide proveniente de artéria intracraniana não especificada
I60.8,Hemorragia subaracnóide,Outras hemorragias subaracnóides
I60.9,Hemorragia subaracnóide,Hemorragia subaracnóide não especificada
I61.0,Hemorragia intracerebral,Hemorragia intracerebral hemisférica subcortical
I61.1,Hemorragia intracerebral,Hemorragia intracerebral hemisférica cortical
I61.2,Hemorragia intracerebral,Hemorragia intracerebral hemisférica não especificada
I61.3,Hemorragia intracerebral,Hemorragia intracerebral do tronco cerebral
I61.4,Hemorragia intracerebral,Hemorragia intracerebral cerebelar
I61.5,Hemorragia intracerebral,Hemorragia intracerebral intraventricular
I61.6,Hemorragia intracerebral,Hemorragia intracerebral de múltiplas localizações
I61.8,Hemorragia intracerebral,Outras hemorragias intracerebrais
I61.9,Hemorragia intracerebral,Hemorragia intracerebral não especificada
I62.0,Outras hemorragias intracranianas não-traumáticas,Hemorragia subdural (aguda) (não-traumática)
I62.1,Outras hemorragias intracranianas não-traumáticas,Hemorragia extradural não-traumática
I62.9,Outras hemorragias intracranianas não-traumáticas,Hemorragia intracraniana (não-traumática) não especificada
I63.0,Infarto cerebral,Infarto cerebral devido a trombose de artérias pré-cerebrais
I63.1,Infarto cerebral,Infarto cerebral devido a embolia de artérias pré-cerebrais
I63.2,Infarto cerebral,Infarto cerebral devido a oclusão ou estenose não especificadas de artérias pré-cerebrais
I63.3,Infarto cerebral,Infarto cerebral devido a trombose de artérias cerebrais
I63.4,Infarto cerebral,Infarto cerebral devido a embolia de artérias cerebrais
I63.5,Infarto cerebral,Infarto cerebral devido a oclusão ou estenose não especificadas de artérias cerebrais
I63.6,Infarto cerebral,Infarto cerebral devido a trombose venosa cerebral não-piogênica
I63.8,Infarto cerebral,Outros infartos cerebrais
I63.9,Infarto cerebral,Infarto cerebral não especificado
I64,Acidente vascular cerebral,Acidente vascular cerebral não especificado como hemorrágico ou isquêmico
I65.0,Oclusão e estenose de artérias pré-cerebrais que não resultam em infarto cerebral,Oclusão e estenose da artéria vertebral
I65.1,Oclusão e estenose de artérias pré-cerebrais que não resultam em infarto cerebral,Oclusão e estenose da artéria basilar
I65.2,Oclusão e estenose de artérias pré-cerebrais que não resultam em infarto cerebral,Oclusão e estenose da artéria carótida
I65.3,Oclusão e estenose de artérias pré-cerebrais que não resultam em infarto cerebral,Oclusão e estenose de artérias pré-cerebrais múltiplas e bilaterais
I65.8,Oclusão e estenose de artérias pré-cerebrais que não resultam em infarto cerebral,Oclusão e estenose de outra artéria pré-cerebral
I65.9,Oclusão e estenose de artérias pré-cerebrais que não resultam em infarto cerebral,Oclusão e estenose de artérias pré-cerebrais não especificadas
I66.0,Oclusão e estenose de artérias cerebrais que não resultam em infarto cerebral,Oclusão e estenose da artéria cerebral média
I66.1,Oclusão e estenose de artérias cerebrais que não resultam em infarto cerebral,Oclusão e estenose da artéria cerebral anterior
I66.2,Oclusão e estenose de artérias cerebrais que não resultam em infarto cerebral,Oclusão e estenose da artéria cerebral posterior
I66.3,Oclusão e estenose de artérias cerebrais que não resultam em infarto cerebral,Oclusão e estenose de artérias cerebelares
I66.4,Oclusão e estenose de artérias cerebrais que não resultam em infarto cerebral,Oclusão e estenose de artérias cerebrais múltiplas e bilaterais
I66.8,Oclusão e estenose de artérias cerebrais que não resultam em infarto cerebral,Oclusão e estenose de outra artéria cerebral
I66.9,Oclusão e estenose de artérias cerebrais que não resultam em infarto cerebral,Oclusão e estenose de artéria cerebral não especificada
I67.0,Outras doenças cerebrovasculares,Dissecção de artérias cerebrais sem ruptura
I67.1,Outras doenças cerebrovasculares,Aneurisma cerebral não-roto
I67.2,Outras doenças cerebrovasculares,Aterosclerose cerebral
I67.3,Outras doenças cerebrovasculares,Leucoencefalopatia vascular progressiva
I67.4,Outras doenças cerebrovasculares,Encefalopatia hipertensiva
I67.5,Outras doenças cerebrovasculares,Doença de Moyamoya
I67.6,Outras doenças cerebrovasculares,Trombose não-piogênica do sistema venoso intracraniano
I67.7,Outras doenças cerebrovasculares,Arterite cerebral não classificada em outra parte
I67.8,Outras doenças cerebrovasculares,Outras doenças cerebrovasculares especificadas
I67.9,Outras doenças cerebrovasculares,Doença cerebrovascular não especificada
I68.0,Transtornos cerebrovasculares em doenças classificadas em outra parte,Angiopatia cerebral amiloidótica
I68.1,Transtornos cerebrovasculares em doenças classificadas em outra parte,Arterite cerebral em doenças infecciosas e parasitárias
I68.2,Transtornos cerebrovasculares em doenças classificadas em outra parte,Arterite cerebral em outras doenças classificadas em outra parte
I68.8,Transtornos cerebrovasculares em doenças classificadas em outra parte,Outros transtornos cerebrovasculares em doenças classificadas em outra parte
I69.0,Seqüelas de doenças cerebrovasculares,Seqüelas de hemorragia subaracnoídea
I69.1,Seqüelas de doenças cerebrovasculares,Seqüelas de hemorragia intracerebral
I69.2,Seqüelas de doenças cerebrovasculares,Seqüelas de outras hemorragias intracranianas não traumáticas
I69.3,Seqüelas de doenças cerebrovasculares,Seqüelas de infarto cerebral
I69.4,Seqüelas de doenças cerebrovasculares,Seqüelas de acidente vascular cerebral não especificado como hemorrágico ou isquêmico
I69.8,Seqüelas de doenças cerebrovasculares,Seqüelas de outras doenças cerebrovasculares e das não especificadas
I70.0,Aterosclerose,Aterosclerose da aorta
I70.1,Aterosclerose,Aterosclerose da artéria renal
I70.2,Aterosclerose,Aterosclerose das artérias das extremidades
I70.8,Aterosclerose,Aterosclerose de outras artérias
I70.9,Aterosclerose,Aterosclerose generalizada e a não especificada
I71.0,Aneurisma e dissecção da aorta,Aneurisma dissecante da aorta [qualquer porção]
I71.1,Aneurisma e dissecção da aorta,Aneurisma da aorta torácica roto
I71.2,Aneurisma e dissecção da aorta,Aneurisma da aorta torácica sem menção de ruptura
I71.3,Aneurisma e dissecção da aorta,Aneurisma da aorta abdominal roto
I71.4,Aneurisma e dissecção da aorta,Aneurisma da aorta abdominal sem menção de ruptura
I71.5,Aneurisma e dissecção da aorta,Aneurisma da aorta tóraco-abdominal roto
I71.6,Aneurisma e dissecção da aorta,Aneurisma da aorta toráco-abdominal sem menção de ruptura
I71.8,Aneurisma e dissecção da aorta,Aneurisma da aorta de localização não especificada roto
I71.9,Aneurisma e dissecção da aorta,Aneurisma aórtico de localização não especificada sem menção de ruptura
I72.0,Outros aneurismas,Aneurisma da artéria carótida
I72.1,Outros aneurismas,Aneurisma de artéria dos membros superiores
I72.2,Outros aneurismas,Aneurisma da artéria renal
I72.3,Outros aneurismas,Aneurisma de artéria ilíaca
I72.4,Outros aneurismas,Aneurisma de artéria dos membros inferiores
I72.8,Outros aneurismas,Aneurisma de outras artérias especificadas
I72.9,Outros aneurismas,Aneurisma de localização não especificada
I73.0,Outras doenças vasculares periféricas,Síndrome de Raynaud
I73.1,Outras doenças vasculares periféricas,Tromboangeíte obliterante [doença de Buerger]
I73.8,Outras doenças vasculares periféricas,Outras doenças vasculares periféricas especificadas
I73.9,Outras doenças vasculares periféricas,Doenças vasculares periféricas não especificada
I74.0,Embolia e trombose arteriais,Embolia e trombose da aorta abdominal
I74.1,Embolia e trombose arteriais,Embolia e trombose de outras porções da aorta e das não especificadas
I74.2,Embolia e trombose arteriais,Embolia e trombose de artérias dos membros superiores
I74.3,Embolia e trombose arteriais,Embolia e trombose de artérias dos membros inferiores
I74.4,Embolia e trombose arteriais,Embolia e trombose de artérias dos membros não especificadas
I74.5,Embolia e trombose arteriais,Embolia e trombose da artéria ilíaca
I74.8,Embolia e trombose arteriais,Embolia e trombose de outras artérias
I74.9,Embolia e trombose arteriais,Embolia e trombose de artéria não especificada
I77.0,Outras afecções das artérias e arteríolas,Fístula arteriovenosa adquirida
I77.1,Outras afecções das artérias e arteríolas,Estenose de artéria
I77.2,Outras afecções das artérias e arteríolas,Ruptura de artéria
I77.3,Outras afecções das artérias e arteríolas,Displasia fibromuscular arterial
I77.4,Outras afecções das artérias e arteríolas,Síndrome de compressão da artéria celíaca
I77.5,Outras afecções das artérias e arteríolas,Necrose de artéria
I77.6,Outras afecções das artérias e arteríolas,Arterite não especificada
I77.8,Outras afecções das artérias e arteríolas,Outras afecções especificadas das artérias e das arteríolas
I77.9,Outras afecções das artérias e arteríolas,Afecções de artérias e arteríolas não especificadas
I78.0,Doenças dos capilares,Telangiectasia hemorrágica hereditária
I78.1,Doenças dos capilares,Nevo não-neoplásico
I78.8,Doenças dos capilares,Outras doenças dos capilares
I78.9,Doenças dos capilares,Doenças não especificadas dos capilares
I79.0,Transtornos das artérias,Aneurisma da aorta em doenças classificadas em outra parte
I79.1,Transtornos das artérias,Aortite em doenças classificadas em outra parte
I79.2,Transtornos das artérias,Angiopatia periférica em doenças classificadas em outra parte
I79.8,Transtornos das artérias,Outros transtornos das artérias das arteríolas e dos capilares em doenças classificadas em outra parte
I80.0,Flebite e tromboflebite,Flebite e tromboflebite dos vasos superficiais dos membros inferiores
I80.1,Flebite e tromboflebite,Flebite e tromboflebite da veia femural
I80.2,Flebite e tromboflebite,Flebite e tromboflebite de outros vasos profundos dos membros inferiores
I80.3,Flebite e tromboflebite,Flebite e tromboflebite dos membros inferiores não especificada
I80.8,Flebite e tromboflebite,Flebite e tromboflebite de outras localizações
I80.9,Flebite e tromboflebite,Flebite e tromboflebite de localização não especificada
I81,Trombose da veia porta,Trombose da veia porta
I82.0,Outra embolia e trombose venosas,Síndrome de Budd-Chiari
I82.1,Outra embolia e trombose venosas,Tromboflebite migratória
I82.2,Outra embolia e trombose venosas,Embolia e trombose de veia cava
I82.3,Outra embolia e trombose venosas,Embolia e trombose de veia renal
I82.8,Outra embolia e trombose venosas,Embolia e trombose de outras veias especificadas
I82.9,Outra embolia e trombose venosas,Embolia e trombose venosas de veia não especificada
I83.0,Varizes dos membros inferiores,Varizes dos membros inferiores com úlcera
I83.1,Varizes dos membros inferiores,Varizes dos membros inferiores com inflamação
I83.2,Varizes dos membros inferiores,Varizes dos membros inferiores com úlcera e inflamação
I83.9,Varizes dos membros inferiores,Varizes dos membros inferiores sem úlcera ou inflamação
I84.0,Hemorróidas,Hemorróidas internas trombosadas
I84.1,Hemorróidas,Hemorróidas internas com outras complicações
I84.2,Hemorróidas,Hemorróidas internas sem complicações
I84.3,Hemorróidas,Hemorróidas externas trombosadas
I84.4,Hemorróidas,Hemorróidas externas com outras complicações
I84.5,Hemorróidas,Hemorróidas externas sem complicação
I84.6,Hemorróidas,Plicomas hemorroidários residuais
I84.7,Hemorróidas,Hemorróidas trombosadas não especificadas
I84.8,Hemorróidas,Hemorróidas não especificadas com outras complicações
I84.9,Hemorróidas,Hemorróidas sem complicações não especificadas
I85.0,Varizes esofagianas,Varizes esofagianas sangrantes
I85.9,Varizes esofagianas,Varizes esofagianas sem sangramento
I86.0,Varizes de outras localizações,Varizes sublinguais
I86.1,Varizes de outras localizações,
I86.2,Varizes de outras localizações,Varizes pélvicas
I86.3,Varizes de outras localizações,
I86.4,Varizes de outras localizações,Varizes gástricas
I86.8,Varizes de outras localizações,Varizes de outras localizações especificadas
I87.0,Outros transtornos das veias,Síndrome pós-flebite
I87.1,Outros transtornos das veias,Compressão venosa
I87.2,Outros transtornos das veias,Insuficiência venosa (crônica) (periférica)
I87.8,Outros transtornos das veias,Outros transtornos venosos especificados
I87.9,Outros transtornos das veias,Transtorno venoso não especificado
I88.0,Linfadenite inespecífica,Linfadenite mesentérica não específica
I88.1,Linfadenite inespecífica,Linfadenite crônica exceto a mesentérica
I88.8,Linfadenite inespecífica,Outras linfadenites inespecíficas
I88.9,Linfadenite inespecífica,Linfadenite não especificada
I89.0,Outros transtornos não-infecciosos dos vasos linfáticos e dos gânglios linfáticos,Linfedema não classificado em outra parte
I89.1,Outros transtornos não-infecciosos dos vasos linfáticos e dos gânglios linfáticos,Linfangite
I89.8,Outros transtornos não-infecciosos dos vasos linfáticos e dos gânglios linfáticos,Outros transtornos não-infecciosos especificados dos vasos linfáticos e dos gânglios linfáticos
I89.9,Outros transtornos não-infecciosos dos vasos linfáticos e dos gânglios linfáticos,Transtornos não-infecciosos dos vasos linfáticos e dos gânglios linfáticos não especificados
I95.0,Hipotensão,Hipotensão idiopática
I95.1,Hipotensão,Hipotensão ortostática
I95.2,Hipotensão,Hipotensão devida a drogas
I95.8,Hipotensão,Outros tipos de hipotensão
I95.9,Hipotensão,Hipotensão não especificada
I97.0,Transtornos do aparelho circulatório,Síndrome pós-cardiotomia
I97.1,Transtornos do aparelho circulatório,Outros distúrbios funcionais subseqüentes à cirurgia cardíaca
I97.2,Transtornos do aparelho circulatório,Síndrome do linfedema pós-mastectomia
I97.8,Transtornos do aparelho circulatório,Outros transtornos do aparelho circulatório subseqüentes a procedimentos não classificados em outra parte
I97.9,Transtornos do aparelho circulatório,Transtornos do aparelho circulatório subseqüentes a procedimento não especificado
I98.0,Outros transtornos do aparelho circulatório em doenças classificadas em outra parte,Sífilis cardiovascular
I98.1,Outros transtornos do aparelho circulatório em doenças classificadas em outra parte,Transtornos cardiovasculares em outras doenças infecciosas e parasitárias classificadas em outra parte
I98.2,Outros transtornos do aparelho circulatório em doenças classificadas em outra parte,Varizes esofagianas em doenças classificadas em outra parte
I98.8,Outros transtornos do aparelho circulatório em doenças classificadas em outra parte,Outros transtornos especificados do aparelho circulatório em doenças classificadas em outra parte
I99,Outros transtornos do aparelho circulatório e os não especificados,Outros transtornos do aparelho circulatório e os não especificados
J00,Nasofaringite aguda [resfriado comum],Nasofaringite aguda [resfriado comum]
J01.0,Sinusite aguda,Sinusite maxilar aguda
J01.1,Sinusite aguda,Sinusite frontal aguda
J01.2,Sinusite aguda,Sinusite etmoidal aguda
J01.3,Sinusite aguda,Sinusite esfenoidal aguda
J01.4,Sinusite aguda,Pansinusite aguda
J01.8,Sinusite aguda,Outras sinusites agudas
J01.9,Sinusite aguda,Sinusite aguda não especificada
J02.0,Faringite aguda,Faringite estreptocócica
J02.8,Faringite aguda,Faringite aguda devida a outros microorganismos especificados
J02.9,Faringite aguda,Faringite aguda não especificada
J03.0,Amigdalite aguda,Amigdalite estreptocócica
J03.8,Amigdalite aguda,Amigdalite aguda devida a outros microorganismos especificados
J03.9,Amigdalite aguda,Amigdalite aguda não especificada
J04.0,Laringite e traqueíte agudas,Laringite aguda
J04.1,Laringite e traqueíte agudas,Traqueíte aguda
J04.2,Laringite e traqueíte agudas,Laringotraqueíte aguda
J05.0,Laringite obstrutiva aguda [crupe] e epiglotite,Laringite obstrutiva aguda [crupe]
J05.1,Laringite obstrutiva aguda [crupe] e epiglotite,Epiglotite aguda
J06.0,Infecções agudas das vias aéreas superiores de localizações múltiplas e não especificadas,Laringofaringite aguda
J06.8,Infecções agudas das vias aéreas superiores de localizações múltiplas e não especificadas,Outras infecções agudas das vias aéreas superiores de localizações múltiplas
J06.9,Infecções agudas das vias aéreas superiores de localizações múltiplas e não especificadas,Infecção aguda das vias aéreas superiores não especificada
J09,Influenza [gripe] devida a vírus identificado da gripe aviária,Influenza [gripe] devida a vírus identificado da gripe aviária
J10.0,Influenza devida a outro vírus da influenza [gripe] identificado,Influenza com pneumonia devida a outro vírus da influenza [gripe] identificado
J10.1,Influenza devida a outro vírus da influenza [gripe] identificado,Influenza com outras manifestações respiratórias devida a outro vírus da influenza [gripe] identificado
J10.8,Influenza devida a outro vírus da influenza [gripe] identificado,Influenza com outras manifestações devida a outro vírus da influenza [gripe] identificado
J11.0,Influenza [gripe] devida a vírus não identificado,Influenza [gripe] com pneumonia devida a vírus não identificado
J11.1,Influenza [gripe] devida a vírus não identificado,Influenza [gripe] com outras manifestações respiratórias devida a vírus não identificado
J11.8,Influenza [gripe] devida a vírus não identificado,Influenza [gripe] com outras manifestações devida a vírus não identificado
J12.0,Pneumonia viral não classificada em outra parte,Pneumonia devida a adenovírus
J12.1,Pneumonia viral não classificada em outra parte,Pneumonia devida a vírus respiratório sincicial
J12.2,Pneumonia viral não classificada em outra parte,Pneumonia devida à parainfluenza
J12.8,Pneumonia viral não classificada em outra parte,Outras pneumonias virais
J12.9,Pneumonia viral não classificada em outra parte,Pneumonia viral não especificada
J13,Pneumonia devida a Streptococcus pneumoniae,Pneumonia devida a Streptococcus pneumoniae
J14,Pneumonia devida a Haemophilus infuenzae,Pneumonia devida a Haemophilus infuenzae
J15.0,Pneumonia bacteriana não classificada em outra parte,Pneumonia devida à Klebsiella pneumoniae
J15.1,Pneumonia bacteriana não classificada em outra parte,Pneumonia devida a Pseudomonas
J15.2,Pneumonia bacteriana não classificada em outra parte,Pneumonia devida a Staphylococcus
J15.3,Pneumonia bacteriana não classificada em outra parte,Pneumonia devida a Streptococcus do grupo B
J15.4,Pneumonia bacteriana não classificada em outra parte,Pneumonia devida a outros estreptococos
J15.5,Pneumonia bacteriana não classificada em outra parte,Pneumonia devida a Escherichia coli
J15.6,Pneumonia bacteriana não classificada em outra parte,Pneumonia devida a outras bactérias aeróbicas gram-negativas
J15.7,Pneumonia bacteriana não classificada em outra parte,Pneumonia devida a Mycoplasma pneumoniae
J15.8,Pneumonia bacteriana não classificada em outra parte,Outras pneumonias bacterianas
J15.9,Pneumonia bacteriana não classificada em outra parte,Pneumonia bacteriana não especificada
J16.0,Pneumonia devida a outros microorganismos infecciosos especificados não classificados em outra parte,Pneumonia devida a clamídias
J16.8,Pneumonia devida a outros microorganismos infecciosos especificados não classificados em outra parte,Pneumonia devida a outros microorganismos infecciosos especificados
J17.0,Pneumonia em doenças classificadas em outra parte,Pneumonia em doenças bacterianas classificadas em outra parte
J17.1,Pneumonia em doenças classificadas em outra parte,Pneumonia em doenças virais classificadas em outra parte
J17.2,Pneumonia em doenças classificadas em outra parte,Pneumonia em micoses classificadas em outra parte
J17.3,Pneumonia em doenças classificadas em outra parte,Pneumonia em doenças parasitárias classificadas em outra parte
J17.8,Pneumonia em doenças classificadas em outra parte,Pneumonia em outras doenças classificadas em outra parte
J18.0,Pneumonia por microorganismo não especificada,Broncopneumonia não especificada
J18.1,Pneumonia por microorganismo não especificada,Pneumonia lobar não especificada
J18.2,Pneumonia por microorganismo não especificada,Pneumonia hipostática não especificada
J18.8,Pneumonia por microorganismo não especificada,Outras pneumonias devidas a microorganismos não especificados
J18.9,Pneumonia por microorganismo não especificada,Pneumonia não especificada
J20.0,Bronquite aguda,Bronquite aguda devida a Mycoplasma pneumoniae
J20.1,Bronquite aguda,Bronquite aguda devida a Haemophilus influenzae
J20.2,Bronquite aguda,Bronquite aguda devida a estreptococos
J20.3,Bronquite aguda,Bronquite aguda devida a vírus Coxsackie
J20.4,Bronquite aguda,Bronquite aguda devida a vírus parainfluenza
J20.5,Bronquite aguda,Bronquite aguda devida a vírus sincicial respiratório
J20.6,Bronquite aguda,Bronquite aguda devida a rinovírus
J20.7,Bronquite aguda,Bronquite aguda devida a echovírus
J20.8,Bronquite aguda,Bronquite aguda devida a outros microorganismos especificados
J20.9,Bronquite aguda,Bronquite aguda não especificada
J21.0,Bronquiolite aguda,Bronquiolite aguda devida a vírus sincicial respiratório
J21.8,Bronquiolite aguda,Bronquiolite aguda devida a outros microorganismos especificados
J21.9,Bronquiolite aguda,Bronquite aguda não especificada
J22,Infecções agudas não especificada das vias aéreas inferiores,Infecções agudas não especificada das vias aéreas inferiores
J30.0,Rinite alérgica e vasomotora,Rinite vasomotora
J30.1,Rinite alérgica e vasomotora,Rinite alérgica devida a pólen
J30.2,Rinite alérgica e vasomotora,Outras rinites alérgicas sazonais
J30.3,Rinite alérgica e vasomotora,Outras rinites alérgicas
J30.4,Rinite alérgica e vasomotora,Rinite alérgica não especificada
J31.0,Rinite,Rinite crônica
J31.1,Rinite,Nasofaringite crônica
J31.2,Rinite,Faringite crônica
J32.0,Sinusite crônica,Sinusite maxilar crônica
J32.1,Sinusite crônica,Sinusite frontal crônica
J32.2,Sinusite crônica,Sinusite etmoidal crônica
J32.3,Sinusite crônica,Sinusite esfenoidal crônica
J32.4,Sinusite crônica,Pansinusite crônica
J32.8,Sinusite crônica,Outras sinusites crônicas
J32.9,Sinusite crônica,Sinusite crônica não especificada
J33.0,Pólipo nasal,Pólipo da cavidade nasal
J33.1,Pólipo nasal,Degeneração polipóide do seio paranasal
J33.8,Pólipo nasal,Outros pólipos do seio paranasal
J33.9,Pólipo nasal,Pólipo nasal não especificado
J34.0,Outros transtornos do nariz e dos seios paranasais,Abscesso furúnculo e antraz do nariz
J34.1,Outros transtornos do nariz e dos seios paranasais,Cisto e mucocele do nariz e do seio paranasal
J34.2,Outros transtornos do nariz e dos seios paranasais,Desvio do septo nasal
J34.3,Outros transtornos do nariz e dos seios paranasais,Hipertrofia dos cornetos nasais
J34.8,Outros transtornos do nariz e dos seios paranasais,Outros transtornos especificados do nariz e dos seios paranasais
J35.0,Doenças crônicas das amígdalas e das adenóides,Amigdalite crônica
J35.1,Doenças crônicas das amígdalas e das adenóides,Hipertrofia das amígdalas
J35.2,Doenças crônicas das amígdalas e das adenóides,Hipertrofia das adenóides
J35.3,Doenças crônicas das amígdalas e das adenóides,Hipertrofia das amígdalas com hipertrofia das adenóides
J35.8,Doenças crônicas das amígdalas e das adenóides,Outras doenças crônicas das amígdalas e das adenóides
J35.9,Doenças crônicas das amígdalas e das adenóides,Doenças das amígdalas e das adenóides não especificadas
J36,Abscesso periamigdaliano,Abscesso periamigdaliano
J37.0,Laringite e laringotraqueíte crônicas,Laringite crônica
J37.1,Laringite e laringotraqueíte crônicas,Laringotraqueíte crônica
J38.0,Doenças das cordas vocais e da laringe não classificadas em outra parte,Paralisia das cordas vocais e da laringe
J38.1,Doenças das cordas vocais e da laringe não classificadas em outra parte,Pólipo das cordas vocais e da laringe
J38.2,Doenças das cordas vocais e da laringe não classificadas em outra parte,Nódulos das cordas vocais
J38.3,Doenças das cordas vocais e da laringe não classificadas em outra parte,Outras doenças das cordas vocais
J38.4,Doenças das cordas vocais e da laringe não classificadas em outra parte,Edema da laringe
J38.5,Doenças das cordas vocais e da laringe não classificadas em outra parte,Espasmo da laringe
J38.6,Doenças das cordas vocais e da laringe não classificadas em outra parte,Estenose da laringe
J38.7,Doenças das cordas vocais e da laringe não classificadas em outra parte,Outras doenças da laringe
J39.0,Outras doenças das vias aéreas superiores,Abscesso retrofaríngeo e parafaríngeo
J39.1,Outras doenças das vias aéreas superiores,Outros abscessos da faringe
J39.2,Outras doenças das vias aéreas superiores,Outras doenças da faringe
J39.3,Outras doenças das vias aéreas superiores,Reação de hipersensibilidade das vias aéreas superiores de localização não especificada
J39.8,Outras doenças das vias aéreas superiores,Outras doenças especificadas das vias aéreas superiores
J39.9,Outras doenças das vias aéreas superiores,Doença não especificada das vias aéreas superiores
J40,Bronquite não especificada como aguda ou crônica,Bronquite não especificada como aguda ou crônica
J41.0,Bronquite crônica simples e a mucopurulenta,Bronquite crônica simples
J41.1,Bronquite crônica simples e a mucopurulenta,Bronquite crônica mucopurulenta
J41.8,Bronquite crônica simples e a mucopurulenta,Bronquite crônica mista simples e mucopurulenta
J42,Bronquite crônica não especificada,Bronquite crônica não especificada
J43.0,Enfisema,Síndrome de MacLeod
J43.1,Enfisema,Enfisema panlobular
J43.2,Enfisema,Enfisema centrolobular
J43.8,Enfisema,Outras formas de enfisema
J43.9,Enfisema,Enfisema não especificado
J44.0,Outras doenças pulmonares obstrutivas crônicas,Doença pulmonar obstrutiva crônica com infecção respiratória aguda do trato respiratório inferior
J44.1,Outras doenças pulmonares obstrutivas crônicas,Doença pulmonar obstrutiva crônica com exacerbação aguda não especificada
J44.8,Outras doenças pulmonares obstrutivas crônicas,Outras formas especificadas de doença pulmonar obstrutiva crônica
J44.9,Outras doenças pulmonares obstrutivas crônicas,Doença pulmonar obstrutiva crônica não especificada
J45.0,Asma,Asma predominantemente alérgica
J45.1,Asma,Asma não-alérgica
J45.8,Asma,Asma mista
J45.9,Asma,Asma não especificada
J46,Estado de mal asmático,Estado de mal asmático
J47,Bronquectasia,Bronquectasia
J60,Pneumoconiose dos mineiros de carvão,Pneumoconiose dos mineiros de carvão
J61,Pneumoconiose devida a amianto [asbesto] e outras fibras minerais,Pneumoconiose devida a amianto [asbesto] e outras fibras minerais
J62.0,Pneumoconiose devida a poeira que contenham sílica,Pneumoconiose devida a pó de talco
J62.8,Pneumoconiose devida a poeira que contenham sílica,Pneumoconiose devida a outras poeiras que contenham sílica
J63.0,Pneumoconiose devida a outras poeiras inorgânicas,Aluminose (do pulmão)
J63.1,Pneumoconiose devida a outras poeiras inorgânicas,Fibrose (do pulmão) causada por bauxita
J63.2,Pneumoconiose devida a outras poeiras inorgânicas,Beriliose
J63.3,Pneumoconiose devida a outras poeiras inorgânicas,Fibrose (do pulmão) causada por grafite
J63.4,Pneumoconiose devida a outras poeiras inorgânicas,Siderose
J63.5,Pneumoconiose devida a outras poeiras inorgânicas,Estanose
J63.8,Pneumoconiose devida a outras poeiras inorgânicas,Pneumoconiose devida a outras poeira inorgânicas especificados
J64,Pneumoconiose não especificada,Pneumoconiose não especificada
J65,Pneumoconiose associada com tuberculose,Pneumoconiose associada com tuberculose
J66.0,Doenças das vias aéreas devida a poeiras orgânicas específicas,Bissinose
J66.1,Doenças das vias aéreas devida a poeiras orgânicas específicas,Doença dos cardadores de linho
J66.2,Doenças das vias aéreas devida a poeiras orgânicas específicas,Canabinose
J66.8,Doenças das vias aéreas devida a poeiras orgânicas específicas,Doenças das vias aéreas devida a outras poeiras orgânicas específicas
J67.0,Pneumonite de hipersensibilidade devida a poeiras orgânicas,Pulmão de fazendeiro
J67.1,Pneumonite de hipersensibilidade devida a poeiras orgânicas,Bagaçose
J67.2,Pneumonite de hipersensibilidade devida a poeiras orgânicas,Pulmão dos criadores de pássaros
J67.3,Pneumonite de hipersensibilidade devida a poeiras orgânicas,Suberose
J67.4,Pneumonite de hipersensibilidade devida a poeiras orgânicas,Pulmão dos trabalhadores do malte
J67.5,Pneumonite de hipersensibilidade devida a poeiras orgânicas,Pulmão dos que trabalham com cogumelos
J67.6,Pneumonite de hipersensibilidade devida a poeiras orgânicas,Pulmão dos cortadores de casca do bordo
J67.7,Pneumonite de hipersensibilidade devida a poeiras orgânicas,Doença pulmonar devida aos sistemas de ar condicionado e de umidificação do ar
J67.8,Pneumonite de hipersensibilidade devida a poeiras orgânicas,Pneumonites de hipersensibilidade devidas a outras poeiras orgânicas
J67.9,Pneumonite de hipersensibilidade devida a poeiras orgânicas,Pneumonite de hipersensibilidade devida a poeira orgânica não especificada
J68.0,Afecções respiratórias devidas a inalação de produtos químicos,Bronquite e pneumonite devida a produtos químicos gases fumaças e vapores
J68.1,Afecções respiratórias devidas a inalação de produtos químicos,Edema pulmonar devido a produtos químicos gases fumaças e vapores
J68.2,Afecções respiratórias devidas a inalação de produtos químicos,Inflamação das vias aéreas superiores devida a produtos químicos gases fumaças e vapores não classificada em outra parte
J68.3,Afecções respiratórias devidas a inalação de produtos químicos,Outras afecções respiratórias agudas e subagudas devidas a produtos químicos gases fumaças e vapores
J68.4,Afecções respiratórias devidas a inalação de produtos químicos,Afecções respiratórias crônicas devidas a produtos químicos gases fumaças e vapores
J68.8,Afecções respiratórias devidas a inalação de produtos químicos,Outras afecções respiratórias devida a produtos químicos gases fumaças e vapores
J68.9,Afecções respiratórias devidas a inalação de produtos químicos,Afecção respiratória não especificada devida a produtos químicos gases fumaça e vapores
J69.0,Pneumonite devida a sólidos e líquidos,Pneumonite devida a alimento ou vômito
J69.1,Pneumonite devida a sólidos e líquidos,Pneumonite devida a óleos e essências
J69.8,Pneumonite devida a sólidos e líquidos,Pneumonite devida a outros sólidos e líquidos
J70.0,Afecções respiratórias devida a outros agentes externos,Manifestações pulmonares agudas devidas à radiação
J70.1,Afecções respiratórias devida a outros agentes externos,Manifestações pulmonares crônicas e outras devidas a radiação
J70.2,Afecções respiratórias devida a outros agentes externos,Transtornos pulmonares intersticiais agudos induzidos por droga
J70.3,Afecções respiratórias devida a outros agentes externos,Transtornos pulmonares intersticiais crônicos induzidos por droga
J70.4,Afecções respiratórias devida a outros agentes externos,Transtornos pulmonar intersticial não especificado induzido por droga
J70.8,Afecções respiratórias devida a outros agentes externos,Afecções respiratórias devidas a outros agentes externos especificados
J70.9,Afecções respiratórias devida a outros agentes externos,Afecções respiratórias devidas a agentes externos não especificados
J80,Síndrome do desconforto respiratório do adulto,Síndrome do desconforto respiratório do adulto
J81,Edema pulmonar,Edema pulmonar não especificado de outra forma
J82,Eosinofilia pulmonar,Eosinofilia pulmonar não classificada em outra parte
J84.0,Outras doenças pulmonares intersticiais,Afecções alveolares e parieto-alveolares
J84.1,Outras doenças pulmonares intersticiais,Outras doenças pulmonares intersticiais com fibrose
J84.8,Outras doenças pulmonares intersticiais,Outras doenças pulmonares intersticiais especificadas
J84.9,Outras doenças pulmonares intersticiais,Doença pulmonar intersticial não especificadas
J85.0,Abscesso do pulmão e do mediastino,Gangrena e necrose do pulmão
J85.1,Abscesso do pulmão e do mediastino,Abscesso do pulmão com pneumonia
J85.2,Abscesso do pulmão e do mediastino,Abscesso do pulmão sem pneumonia
J85.3,Abscesso do pulmão e do mediastino,Abscesso do mediastino
J86.0,Piotórax,Piotórax com fístula
J86.9,Piotórax,Piotórax sem fístula
J90,Derrame pleural não classificado em outra parte,Derrame pleural não classificado em outra parte
J91,Derrame pleural em afecções classificadas em outra parte,Derrame pleural em afecções classificadas em outra parte
J92.0,Placas pleurais,Placas pleurais com presença de amianto [asbesto]
J92.9,Placas pleurais,Placas pleurais sem presença de amianto [asbesto]
J93.0,Pneumotórax,Pneumotórax de tensão espontâneo
J93.1,Pneumotórax,Outras formas de pneumotórax espontâneo
J93.8,Pneumotórax,Outros tipos de pneumotórax especificados
J93.9,Pneumotórax,Pneumotórax não especificado
J94.0,Outras afecções pleurais,Derrame quiloso ou quiliforme
J94.1,Outras afecções pleurais,Fibrotórax
J94.2,Outras afecções pleurais,Hemotórax
J94.8,Outras afecções pleurais,Outras afecções pleurais especificadas
J94.9,Outras afecções pleurais,Afecção pleural não especificada
J95.0,Afecções respiratórias pós-procedimentos não classificadas em outra parte,Mau funcionamento de traqueostomia
J95.1,Afecções respiratórias pós-procedimentos não classificadas em outra parte,Insuficiência pulmonar aguda subsequente a cirurgia torácica
J95.2,Afecções respiratórias pós-procedimentos não classificadas em outra parte,Insuficiência pulmonar aguda subsequente a cirurgia não torácica
J95.3,Afecções respiratórias pós-procedimentos não classificadas em outra parte,Insuficiência pulmonar crônica pós-cirúrgica
J95.4,Afecções respiratórias pós-procedimentos não classificadas em outra parte,Síndrome de Mendelson
J95.5,Afecções respiratórias pós-procedimentos não classificadas em outra parte,Estenose subglótica pós-procedimento
J95.8,Afecções respiratórias pós-procedimentos não classificadas em outra parte,Outros transtornos respiratórios pós-procedimentos
J95.9,Afecções respiratórias pós-procedimentos não classificadas em outra parte,Transtornos respiratórios pós-procedimentos não especificados
J96.0,Insuficiência respiratória não classificada de outra parte,Insuficiência respiratória aguda
J96.1,Insuficiência respiratória não classificada de outra parte,Insuficiência respiratória crônica
J96.9,Insuficiência respiratória não classificada de outra parte,Insuficiência respiratória não especificada
J98.0,Outros transtornos respiratórios,Outras doenças dos brônquios não classificadas em outra parte
J98.1,Outros transtornos respiratórios,Colapso pulmonar
J98.2,Outros transtornos respiratórios,Enfisema intersticial
J98.3,Outros transtornos respiratórios,Enfisema compensatório
J98.4,Outros transtornos respiratórios,Outros transtornos pulmonares
J98.5,Outros transtornos respiratórios,Doenças do mediastino não classificadas em outra parte
J98.6,Outros transtornos respiratórios,Transtornos do diafragma
J98.8,Outros transtornos respiratórios,Outros transtornos respiratórios especificados
J98.9,Outros transtornos respiratórios,Transtorno respiratório não especificados
J99.0,Transtornos respiratórios em doenças classificadas em outra parte,Doença pulmonar reumatóide
J99.1,Transtornos respiratórios em doenças classificadas em outra parte,Transtornos respiratórios em outras doenças sistêmicas do tecido conjuntivo classificadas em outra parte
J99.8,Transtornos respiratórios em doenças classificadas em outra parte,Transtornos respiratórios em outras doenças classificadas em outra parte
K00.0,Distúrbios do desenvolvimento e da erupção dos dentes,Anodontia
K00.1,Distúrbios do desenvolvimento e da erupção dos dentes,Dentes supranumerários
K00.2,Distúrbios do desenvolvimento e da erupção dos dentes,Anomalias do tamanho e da forma dos dentes
K00.3,Distúrbios do desenvolvimento e da erupção dos dentes,Dentes manchados
K00.4,Distúrbios do desenvolvimento e da erupção dos dentes,Distúrbios na formação dos dentes
K00.5,Distúrbios do desenvolvimento e da erupção dos dentes,Anomalias hereditárias da estrutura dentária não classificadas em outra parte
K00.6,Distúrbios do desenvolvimento e da erupção dos dentes,Distúrbios da erupção dentária
K00.7,Distúrbios do desenvolvimento e da erupção dos dentes,Síndrome da erupção dentária
K00.8,Distúrbios do desenvolvimento e da erupção dos dentes,Outros distúrbios do desenvolvimento dos dentes
K00.9,Distúrbios do desenvolvimento e da erupção dos dentes,Distúrbio não especificado do desenvolvimento dentário
K01.0,Dentes inclusos e impactados,Dentes inclusos
K01.1,Dentes inclusos e impactados,Dentes impactados
K02.0,Cárie dentária,Cáries limitadas ao esmalte
K02.1,Cárie dentária,Cáries da dentina
K02.2,Cárie dentária,Cárie do cemento
K02.3,Cárie dentária,Cáries dentárias estáveis
K02.4,Cárie dentária,Odontoclasia
K02.8,Cárie dentária,Outras cáries dentárias
K02.9,Cárie dentária,Cárie dentária sem outra especificação
K03.0,Outras doenças dos tecidos dentários duros,Atrito dentário excessivo
K03.1,Outras doenças dos tecidos dentários duros,Abrasão dentária
K03.2,Outras doenças dos tecidos dentários duros,Erosão dentária
K03.3,Outras doenças dos tecidos dentários duros,Reabsorção patológica dos dentes
K03.4,Outras doenças dos tecidos dentários duros,Hipercementose
K03.5,Outras doenças dos tecidos dentários duros,Ancilose dentária
K03.6,Outras doenças dos tecidos dentários duros,Depósitos nos dentes
K03.7,Outras doenças dos tecidos dentários duros,Alterações pós-eruptivas da cor dos tecidos duros dos dentes
K03.8,Outras doenças dos tecidos dentários duros,Outras doenças especificadas dos tecidos duros dos dentes
K03.9,Outras doenças dos tecidos dentários duros,Doença dos tecidos duros dos dentes não especificada
K04.0,Doenças da polpa e dos tecidos periapicais,Pulpite
K04.1,Doenças da polpa e dos tecidos periapicais,Necrose da polpa
K04.2,Doenças da polpa e dos tecidos periapicais,Degeneração da polpa
K04.3,Doenças da polpa e dos tecidos periapicais,Formação anormal de tecidos duros na polpa
K04.4,Doenças da polpa e dos tecidos periapicais,Periodontite apical aguda de origem pulpar
K04.5,Doenças da polpa e dos tecidos periapicais,Periodontite apical crônica
K04.6,Doenças da polpa e dos tecidos periapicais,Abscesso periapical com fístula
K04.7,Doenças da polpa e dos tecidos periapicais,Abscesso periapical sem fístula
K04.8,Doenças da polpa e dos tecidos periapicais,Cisto radicular
K04.9,Doenças da polpa e dos tecidos periapicais,Outras doenças da polpa e dos tecidos periapicais e as não especificadas
K05.0,Gengivite e doenças periodontais,Gengivite aguda
K05.1,Gengivite e doenças periodontais,Gengivite crônica
K05.2,Gengivite e doenças periodontais,Periodontite aguda
K05.3,Gengivite e doenças periodontais,Periodontite crônica
K05.4,Gengivite e doenças periodontais,Periodontose
K05.5,Gengivite e doenças periodontais,Outras doenças periodontais
K05.6,Gengivite e doenças periodontais,Doença periodontal sem outra especificação
K06.0,Outros transtornos da gengiva e do rebordo alveolar sem dentes,Retração gengival
K06.1,Outros transtornos da gengiva e do rebordo alveolar sem dentes,Hiperplasia gengival
K06.2,Outros transtornos da gengiva e do rebordo alveolar sem dentes,Lesões da gengiva e do rebordo alveolar sem dentes associadas a traumatismos
K06.8,Outros transtornos da gengiva e do rebordo alveolar sem dentes,Outros transtornos especificados da gengiva e do rebordo alveolar sem dentes
K06.9,Outros transtornos da gengiva e do rebordo alveolar sem dentes,Transtorno da gengiva e do rebordo alveolar sem dentes sem outra especificação
K07.0,Anomalias dentofaciais (inclusive a maloclusão),Anomalias importantes (major) do tamanho da mandíbula
K07.1,Anomalias dentofaciais (inclusive a maloclusão),Anomalias da relação entre a mandíbula com a base do crânio
K07.2,Anomalias dentofaciais (inclusive a maloclusão),Anomalias da relação entre as arcadas dentárias
K07.3,Anomalias dentofaciais (inclusive a maloclusão),Anomalias da posição dos dentes
K07.4,Anomalias dentofaciais (inclusive a maloclusão),Maloclusão não especificada
K07.5,Anomalias dentofaciais (inclusive a maloclusão),Anormalidades dentofaciais funcionais
K07.6,Anomalias dentofaciais (inclusive a maloclusão),Transtornos da articulação temporomandibular
K07.8,Anomalias dentofaciais (inclusive a maloclusão),Outras anomalias dentofaciais
K07.9,Anomalias dentofaciais (inclusive a maloclusão),Anomalia dentofacial sem outra especificação
K08.0,Outros transtornos dos dentes e de suas estruturas de sustentação,Exfoliação dos dentes devida a causas sistêmicas
K08.1,Outros transtornos dos dentes e de suas estruturas de sustentação,Perda de dentes devida a acidente extração ou a doenças periodontais localizadas
K08.2,Outros transtornos dos dentes e de suas estruturas de sustentação,Atrofia do rebordo alveolar sem dentes
K08.3,Outros transtornos dos dentes e de suas estruturas de sustentação,Raiz dentária retida
K08.8,Outros transtornos dos dentes e de suas estruturas de sustentação,Outros transtornos especificados dos dentes e das estruturas de sustentação
K08.9,Outros transtornos dos dentes e de suas estruturas de sustentação,Transtorno dos dentes e de suas estruturas de sustentação sem outra especificação
K09.0,Cistos da região bucal não classificados em outra parte,Cistos odontogênicos de desenvolvimento
K09.1,Cistos da região bucal não classificados em outra parte,Cistos de desenvolvimento (não-odontogênicos) da região bucal
K09.2,Cistos da região bucal não classificados em outra parte,Outros cistos das mandíbulas
K09.8,Cistos da região bucal não classificados em outra parte,Outros cistos da região oral não classificados em outra parte
K09.9,Cistos da região bucal não classificados em outra parte,Cistos da região oral sem outras especificações
K10.0,Outras doenças dos maxilares,Transtornos do desenvolvimento dos maxilares
K10.1,Outras doenças dos maxilares,Granuloma central de células gigantes
K10.2,Outras doenças dos maxilares,Afecções inflamatórias dos maxilares
K10.3,Outras doenças dos maxilares,Alveolite maxilar
K10.8,Outras doenças dos maxilares,Outras doenças especificadas dos maxilares
K10.9,Outras doenças dos maxilares,Doença dos maxilares sem outra especificação
K11.0,Doenças das glândulas salivares,Atrofia de glândula salivar
K11.1,Doenças das glândulas salivares,Hipertrofia de glândula salivar
K11.2,Doenças das glândulas salivares,Sialadenite
K11.3,Doenças das glândulas salivares,Abscesso de glândula salivar
K11.4,Doenças das glândulas salivares,Fístula de glândula salivar
K11.5,Doenças das glândulas salivares,Sialolitíase
K11.6,Doenças das glândulas salivares,Mucocele de glândula salivar
K11.7,Doenças das glândulas salivares,Alterações da secreção salivar
K11.8,Doenças das glândulas salivares,Outras doenças das glândulas salivares
K11.9,Doenças das glândulas salivares,Doença de glândula salivar sem outra especificação
K12.0,Estomatite e lesões correlatas,Aftas bucais recidivantes
K12.1,Estomatite e lesões correlatas,Outras formas de estomatite
K12.2,Estomatite e lesões correlatas,Celulite e abscesso da boca
K13.0,Outras doenças do lábio e da mucosa oral,Doenças dos lábios
K13.1,Outras doenças do lábio e da mucosa oral,Mordedura da mucosa das bochechas e dos lábios
K13.2,Outras doenças do lábio e da mucosa oral,Leucoplasia e outras afecções do epitélio oral inclusive da língua
K13.3,Outras doenças do lábio e da mucosa oral,Leucoplasia pilosa
K13.4,Outras doenças do lábio e da mucosa oral,Lesões granulomatosas e granulomatóides da mucosa oral
K13.5,Outras doenças do lábio e da mucosa oral,Fibrose oral submucosa
K13.6,Outras doenças do lábio e da mucosa oral,Hiperplasia irritativa da mucosa oral
K13.7,Outras doenças do lábio e da mucosa oral,Outras lesões e as não especificadas da mucosa oral
K14.0,Doenças da língua,Glossite
K14.1,Doenças da língua,Língua geográfica
K14.2,Doenças da língua,Glossite rombóide mediana
K14.3,Doenças da língua,Hipertrofia das papilas linguais
K14.4,Doenças da língua,Atrofia das papilas linguais
K14.5,Doenças da língua,Língua escrotal
K14.6,Doenças da língua,Glossodínia
K14.8,Doenças da língua,Outras doenças da língua
K14.9,Doenças da língua,Doença da língua sem outra especificação
K20,Esofagite,Esofagite
K21.0,Doença de refluxo gastroesofágico,Doença de refluxo gastroesofágico com esofagite
K21.9,Doença de refluxo gastroesofágico,Doença de refluxo gastroesofágico sem esofagite
K22.0,Outras doenças do esôfago,Acalásia do cárdia
K22.1,Outras doenças do esôfago,Úlcera do esôfago
K22.2,Outras doenças do esôfago,Obstrução do esôfago
K22.3,Outras doenças do esôfago,Perfuração do esôfago
K22.4,Outras doenças do esôfago,Discinesia do esôfago
K22.5,Outras doenças do esôfago,Divertículo do esôfago adquirido
K22.6,Outras doenças do esôfago,Síndrome da laceração hemorrágica gastroesofágica
K22.7,Outras doenças do esôfago,Esôfago de Barret
K22.8,Outras doenças do esôfago,Outras doenças especificadas do esôfago
K22.9,Outras doenças do esôfago,Doença do esôfago sem outra especificação
K23.0,Transtornos do esôfago em doenças classificadas em outra parte,Esofagite tuberculosa
K23.1,Transtornos do esôfago em doenças classificadas em outra parte,Megaesôfago na doença de Chagas
K23.8,Transtornos do esôfago em doenças classificadas em outra parte,Transtornos do esôfago em outras doenças classificadas em outra parte
K25.0,Úlcera gástrica,Úlcera gástrica - aguda com hemorragia
K25.1,Úlcera gástrica,Úlcera gástrica - aguda com perfuração
K25.2,Úlcera gástrica,Úlcera gástrica - aguda com hemorragia e perfuração
K25.3,Úlcera gástrica,Úlcera gástrica - aguda sem hemorragia ou perfuração
K25.4,Úlcera gástrica,Úlcera gástrica - crônica ou não especificada com hemorragia
K25.5,Úlcera gástrica,Úlcera gástrica - crônica ou não especificada com perfuração
K25.6,Úlcera gástrica,Úlcera gástrica - crônica ou não especificada com hemorragia e perfuração
K25.7,Úlcera gástrica,Úlcera gástrica - crônica sem hemorragia ou perfuração
K25.9,Úlcera gástrica,Úlcera gástrica - não especificada como aguda ou crônica sem hemorragia ou perfuração
K26.0,Úlcera duodenal,Úlcera duodenal - aguda com hemorragia
K26.1,Úlcera duodenal,Úlcera duodenal - aguda com perfuração
K26.2,Úlcera duodenal,Úlcera duodenal - aguda com hemorragia e perfuração
K26.3,Úlcera duodenal,Úlcera duodenal - aguda sem hemorragia ou perfuração
K26.4,Úlcera duodenal,Úlcera duodenal - crônica ou não especificada com hemorragia
K26.5,Úlcera duodenal,Úlcera duodenal - crônica ou não especificada com perfuração
K26.6,Úlcera duodenal,Úlcera duodenal - crônica ou não especificada com hemorragia e perfuração
K26.7,Úlcera duodenal,Úlcera duodenal - crônica sem hemorragia ou perfuração
K26.9,Úlcera duodenal,Úlcera duodenal - não especificada como aguda ou crônica sem hemorragia ou perfuração
K27.0,Úlcera péptica de localização não especificada,Úlcera péptica de localização não especificada - aguda com hemorragia
K27.1,Úlcera péptica de localização não especificada,Úlcera péptica de localização não especificada - aguda com perfuração
K27.2,Úlcera péptica de localização não especificada,Úlcera péptica de localização não especificada - aguda com hemorragia e perfuração
K27.3,Úlcera péptica de localização não especificada,Úlcera péptica de localização não especificada - aguda sem hemorragia ou perfuração
K27.4,Úlcera péptica de localização não especificada,Úlcera péptica de localização não especificada - crônica ou não especificada com hemorragia
K27.5,Úlcera péptica de localização não especificada,Úlcera péptica de localização não especificada - crônica ou não especificada com perfuração
K27.6,Úlcera péptica de localização não especificada,Úlcera péptica de localização não especificada - crônica ou não especificada com hemorragia e perfuração
K27.7,Úlcera péptica de localização não especificada,Úlcera péptica de localização não especificada - crônica sem hemorragia ou perfuração
K27.9,Úlcera péptica de localização não especificada,Úlcera péptica de localização não especificada - não especificada como aguda ou crônica sem hemorragia ou perfuração
K28.0,Úlcera gastrojejunal,Úlcera gastrojejunal - aguda com hemorragia
K28.1,Úlcera gastrojejunal,Úlcera gastrojejunal - aguda com perfuração
K28.2,Úlcera gastrojejunal,Úlcera gastrojejunal - aguda com hemorragia e perfuração
K28.3,Úlcera gastrojejunal,Úlcera gastrojejunal - aguda sem hemorragia ou perfuração
K28.4,Úlcera gastrojejunal,Úlcera gastrojejunal - crônica ou não especificada com hemorragia
K28.5,Úlcera gastrojejunal,Úlcera gastrojejunal - crônica ou não especificada com perfuração
K28.6,Úlcera gastrojejunal,Úlcera gastrojejunal - crônica ou não especificada com hemorragia e perfuração
K28.7,Úlcera gastrojejunal,Úlcera gastrojejunal - crônica sem hemorragia ou perfuração
K28.9,Úlcera gastrojejunal,Úlcera gastrojejunal - não especificada como aguda ou crônica sem hemorragia ou perfuração
K29.0,Gastrite e duodenite,Gastrite hemorrágica aguda
K29.1,Gastrite e duodenite,Outras gastrites agudas
K29.2,Gastrite e duodenite,Gastrite alcoólica
K29.3,Gastrite e duodenite,Gastrite superficial crônica
K29.4,Gastrite e duodenite,Gastrite atrófica crônica
K29.5,Gastrite e duodenite,Gastrite crônica sem outra especificação
K29.6,Gastrite e duodenite,Outras gastrites
K29.7,Gastrite e duodenite,Gastrite não especificada
K29.8,Gastrite e duodenite,Duodenite
K29.9,Gastrite e duodenite,Gastroduodenite sem outra especificação
K30,Dispepsia,Dispepsia
K31.0,Outras doenças do estômago e do duodeno,Dilatação aguda do estômago
K31.1,Outras doenças do estômago e do duodeno,Estenose pilórica hipertrófica do adulto
K31.2,Outras doenças do estômago e do duodeno,Estenose e estreitamento em ampulheta do estômago
K31.3,Outras doenças do estômago e do duodeno,Espasmo do piloro não classificado em outra parte
K31.4,Outras doenças do estômago e do duodeno,Divertículo gástrico
K31.5,Outras doenças do estômago e do duodeno,Obstrução do duodeno
K31.6,Outras doenças do estômago e do duodeno,Fístula do estômago e do duodeno
K31.7,Outras doenças do estômago e do duodeno,Pólipo do estômago e do duodeno
K31.8,Outras doenças do estômago e do duodeno,Outras doenças especificadas do estômago e do duodeno
K31.9,Outras doenças do estômago e do duodeno,Doenças do estômago e do duodeno sem outra especificação
K35.0,Apendicite aguda,Apendicite aguda com peritonite generalizada
K35.1,Apendicite aguda,Apendicite aguda com abscesso peritonial
K35.9,Apendicite aguda,Apendicite aguda sem outra especificação
K36,Outras formas de apendicite,Outras formas de apendicite
K37,Apendicite,Apendicite sem outras especificações
K38.0,Outras doenças do apêndice,Hiperplasia do apêndice
K38.1,Outras doenças do apêndice,Concreções apendiculares
K38.2,Outras doenças do apêndice,Divertículo do apêndice
K38.3,Outras doenças do apêndice,Fístula do apêndice
K38.8,Outras doenças do apêndice,Outras doenças especificadas do apêndice
K38.9,Outras doenças do apêndice,Doença do apêndice sem outra especificação
K40.0,Hérnia inguinal,Hérnia inguinal bilateral com obstrução sem gangrena
K40.1,Hérnia inguinal,Hérnia inguinal bilateral com gangrena
K40.2,Hérnia inguinal,Hérnia inguinal bilateral sem obstrução ou gangrena
K40.3,Hérnia inguinal,Hérnia inguinal unilateral ou não especificada com obstrução sem gangrena
K40.4,Hérnia inguinal,Hérnia inguinal unilateral ou não especificada com gangrena
K40.9,Hérnia inguinal,Hérnia inguinal unilateral ou não especificada sem obstrução ou gangrena
K41.0,Hérnia femoral,Hérnia femoral bilateral com obstrução sem gangrena
K41.1,Hérnia femoral,Hérnia femoral bilateral com gangrena
K41.2,Hérnia femoral,Hérnia femoral bilateral sem obstrução ou gangrena
K41.3,Hérnia femoral,Hérnia femoral unilateral ou não especificada com obstrução sem gangrena
K41.4,Hérnia femoral,Hérnia femoral unilateral ou não especificada com gangrena
K41.9,Hérnia femoral,Hérnia femoral unilateral ou não especificada sem obstrução ou gangrena
K42.0,Hérnia umbilical,Hérnia umbilical com obstrução sem gangrena
K42.1,Hérnia umbilical,Hérnia umbilical com gangrena
K42.9,Hérnia umbilical,Hérnia umbilical sem obstrução ou gangrena
K43.0,Hérnia ventral,Hérnia ventral com obstrução sem gangrena
K43.1,Hérnia ventral,Hérnia ventral com gangrena
K43.9,Hérnia ventral,Hérnia ventral sem obstrução ou gangrena
K44.0,Hérnia diafragmática,Hérnia diafragmática com obstrução sem gangrena
K44.1,Hérnia diafragmática,Hérnia diafragmática com gangrena
K44.9,Hérnia diafragmática,Hérnia diafragmática sem obstrução ou gangrena
K45.0,Outras hérnias abdominais,Outras hérnias abdominais especificadas com obstrução sem gangrena
K45.1,Outras hérnias abdominais,Outras hérnias abdominais especificadas com gangrena
K45.8,Outras hérnias abdominais,Outras hérnias abdominais especificadas sem obstrução ou gangrena
K46.0,Hérnia abdominal não especificada,Hérnia abdominal não especificada com obstrução sem gangrena
K46.1,Hérnia abdominal não especificada,Hérnia abdominal não especificada com gangrena
K46.9,Hérnia abdominal não especificada,Hérnia abdominal não especificada sem obstrução ou gangrena
K50.0,Doença de Crohn [enterite regional],Doença de Crohn do intestino delgado
K50.1,Doença de Crohn [enterite regional],Doença de Crohn do intestino grosso
K50.8,Doença de Crohn [enterite regional],Outra forma de doença de Crohn
K50.9,Doença de Crohn [enterite regional],Doença de Crohn de localização não especificada
K51.0,Colite ulcerativa,Enterocolite ulcerativa (crônica)
K51.1,Colite ulcerativa,Ileocolite ulcerativa (crônica)
K51.2,Colite ulcerativa,Proctite ulcerativa (crônica)
K51.3,Colite ulcerativa,Retossigmoidite ulcerativa (crônica)
K51.4,Colite ulcerativa,Pseudopolipose do cólon
K51.5,Colite ulcerativa,Proctocolite mucosa
K51.8,Colite ulcerativa,Outras colites ulcerativas
K51.9,Colite ulcerativa,Colite ulcerativa sem outra especificação
K52.0,Outras gastroenterites e colites não-infecciosas,Gastroenterite e colite devida à radiação
K52.1,Outras gastroenterites e colites não-infecciosas,Gastroenterite e colite tóxicas
K52.2,Outras gastroenterites e colites não-infecciosas,Gastroenterite e colite alérgicas ou ligadas à dieta
K52.8,Outras gastroenterites e colites não-infecciosas,Outras gastroenterites e colites especificadas não-infecciosas
K52.9,Outras gastroenterites e colites não-infecciosas,Gastroenterite e colite não-infecciosas não especificadas
K55.0,Transtornos vasculares do intestino,Transtornos vasculares agudos do intestino
K55.1,Transtornos vasculares do intestino,Transtornos vasculares crônicos do intestino
K55.2,Transtornos vasculares do intestino,Angiodisplasia do cólon
K55.8,Transtornos vasculares do intestino,Outros transtornos vasculares do intestino
K55.9,Transtornos vasculares do intestino,Transtorno vascular do intestino sem outra especificação
K56.0,Íleo paralítico e obstrução intestinal sem hérnia,Íleo paralítico
K56.1,Íleo paralítico e obstrução intestinal sem hérnia,Intussuscepção
K56.2,Íleo paralítico e obstrução intestinal sem hérnia,Volvo
K56.3,Íleo paralítico e obstrução intestinal sem hérnia,Íleo biliar
K56.4,Íleo paralítico e obstrução intestinal sem hérnia,Outras obstruções do intestino
K56.5,Íleo paralítico e obstrução intestinal sem hérnia,Aderências intestinais (bridas) com obstrução
K56.6,Íleo paralítico e obstrução intestinal sem hérnia,Outras formas de obstrução intestinal e as não especificadas
K56.7,Íleo paralítico e obstrução intestinal sem hérnia,Íleo não especificado
K57.0,Doença diverticular do intestino,Doença diverticular do intestino delgado com perfuração e abscesso
K57.1,Doença diverticular do intestino,Doença diverticular do intestino delgado sem perfuração ou abscesso
K57.2,Doença diverticular do intestino,Doença diverticular do intestino grosso com perfuração e abscesso
K57.3,Doença diverticular do intestino,Doença diverticular do intestino grosso sem perfuração ou abscesso
K57.4,Doença diverticular do intestino,Doença diverticular concomitante dos intestinos delgado e grosso com perfuração e abscesso
K57.5,Doença diverticular do intestino,Doença diverticular concomitante dos intestinos delgado e grosso sem perfuração ou abscesso
K57.8,Doença diverticular do intestino,Doença diverticular do intestino de localização não especificada com perfuração e abscesso
K57.9,Doença diverticular do intestino,Doença diverticular do intestino de localização não especificada sem perfuração ou abscesso
K58.0,Síndrome do cólon irritável,Síndrome do cólon irritável com diarréia
K58.9,Síndrome do cólon irritável,Síndrome do cólon irritável sem diarréia
K59.0,Outros transtornos funcionais do intestino,Constipação
K59.1,Outros transtornos funcionais do intestino,Diarréia funcional
K59.2,Outros transtornos funcionais do intestino,Cólon neurogênico não classificado em outra parte
K59.3,Outros transtornos funcionais do intestino,Megacólon não classificado em outra parte
K59.4,Outros transtornos funcionais do intestino,Espasmo anal
K59.8,Outros transtornos funcionais do intestino,Outros transtornos funcionais especificados do intestino
K59.9,Outros transtornos funcionais do intestino,Transtorno intestinal funcional não especificado
K60.0,Fissura e fístula das regiões anal e retal,Fissura anal aguda
K60.1,Fissura e fístula das regiões anal e retal,Fissura anal crônica
K60.2,Fissura e fístula das regiões anal e retal,Fissura anal não especificada
K60.3,Fissura e fístula das regiões anal e retal,Fístula anal
K60.4,Fissura e fístula das regiões anal e retal,Fístula retal
K60.5,Fissura e fístula das regiões anal e retal,Fístula anorretal
K61.0,Abscesso das regiões anal e retal,Abscesso anal
K61.1,Abscesso das regiões anal e retal,Abscesso retal
K61.2,Abscesso das regiões anal e retal,Abscesso anorretal
K61.3,Abscesso das regiões anal e retal,Abscesso ísquio-retal
K61.4,Abscesso das regiões anal e retal,Abscesso intra-esfincteriano
K62.0,Outras doenças do reto e do ânus,Pólipo anal
K62.1,Outras doenças do reto e do ânus,Pólipo retal
K62.2,Outras doenças do reto e do ânus,Prolapso anal
K62.3,Outras doenças do reto e do ânus,Prolapso retal
K62.4,Outras doenças do reto e do ânus,Estenose do ânus e do reto
K62.5,Outras doenças do reto e do ânus,Hemorragia do ânus e do reto
K62.6,Outras doenças do reto e do ânus,Úlcera do ânus e do reto
K62.7,Outras doenças do reto e do ânus,Proctite por radiação
K62.8,Outras doenças do reto e do ânus,Outras doenças especificadas do ânus e do reto
K62.9,Outras doenças do reto e do ânus,Doença do ânus e do reto sem outra especificação
K63.0,Outras doenças do intestino,Abscesso do intestino
K63.1,Outras doenças do intestino,Perfuração do intestino (não-traumática)
K63.2,Outras doenças do intestino,Fístula do intestino
K63.3,Outras doenças do intestino,Úlcera do intestino
K63.4,Outras doenças do intestino,Enteroptose
K63.5,Outras doenças do intestino,Pólipo do cólon
K63.8,Outras doenças do intestino,Outras doenças especificadas do intestino
K63.9,Outras doenças do intestino,Doença do intestino sem outra especificação
K65.0,Peritonite,Peritonite aguda
K65.8,Peritonite,Outras peritonites
K65.9,Peritonite,Peritonite sem outras especificações
M25.3,Outros transtornos articulares não classificados em outra parte,Outras instabilidades articulares
M25.4,Outros transtornos articulares não classificados em outra parte,Derrame articular
M25.5,Outros transtornos articulares não classificados em outra parte,Dor articular
M25.6,Outros transtornos articulares não classificados em outra parte,Rigidez articular não classificada em outra parte
M25.7,Outros transtornos articulares não classificados em outra parte,Osteofito
M25.8,Outros transtornos articulares não classificados em outra parte,Outros transtornos articulares especificados
M25.9,Outros transtornos articulares não classificados em outra parte,Transtorno articular não especificado
M30.0,Poliarterite nodosa e afecções correlatas,Poliarterite nodosa
M30.1,Poliarterite nodosa e afecções correlatas,Poliarterite com comprometimento pulmonar [Churg-Strauss]
M30.2,Poliarterite nodosa e afecções correlatas,Poliarterite juvenil
M30.3,Poliarterite nodosa e afecções correlatas,Síndrome de linfonodos mucocutâneos [Kawasaki]
M30.8,Poliarterite nodosa e afecções correlatas,Outras afecções comuns na poliarterite nodosa
M31.0,Outras vasculopatias necrotizantes,Angeíte de hipersensibilidade
M31.1,Outras vasculopatias necrotizantes,Microangiopatia trombótica
M31.2,Outras vasculopatias necrotizantes,Granuloma da linha média letal
M31.3,Outras vasculopatias necrotizantes,Granulomatose de Wegener
M31.4,Outras vasculopatias necrotizantes,Síndrome do arco aórtico [Takayasu]
M31.5,Outras vasculopatias necrotizantes,Arterite de células gigantes com polimialgia reumática
M31.6,Outras vasculopatias necrotizantes,Outras arterites de células gigantes
M31.7,Outras vasculopatias necrotizantes,Poliangeíte microscópica
M31.8,Outras vasculopatias necrotizantes,Outras vasculopatias necrotizantes especificadas
M31.9,Outras vasculopatias necrotizantes,Vasculopatia necrotizante não especificada
M32.0,Lúpus eritematoso disseminado [sistêmico],Lúpus eritematoso disseminado [sistêmico] induzido por drogas
M32.1,Lúpus eritematoso disseminado [sistêmico],Lúpus eritematoso disseminado [sistêmico] com comprometimento de outros órgãos e sistemas
M32.8,Lúpus eritematoso disseminado [sistêmico],Outras formas de lúpus eritematoso disseminado [sistêmico]
M32.9,Lúpus eritematoso disseminado [sistêmico],Lúpus eritematoso disseminado [sistêmico] não especificado
M33.0,Dermatopoliomiosite,Dermatomiosite juvenil
M33.1,Dermatopoliomiosite,Outras dermatomiosites
M33.2,Dermatopoliomiosite,Polimiosite
M33.9,Dermatopoliomiosite,Dermatopolimiosite não especificada
M34.0,Esclerose sistêmica,Esclerose sistêmica progressiva
M34.1,Esclerose sistêmica,Síndrome CR(E)ST
M34.2,Esclerose sistêmica,Esclerose sistêmica induzida por droga e substâncias químicas
M34.8,Esclerose sistêmica,Outras formas de esclerose sistêmica
M34.9,Esclerose sistêmica,Esclerose sistêmica não especificada
M35.0,Outras afecções sistêmicas do tecido conjuntivo,Síndrome seca [Sjögren]
M35.1,Outras afecções sistêmicas do tecido conjuntivo,Outras síndromes superpostas
M35.2,Outras afecções sistêmicas do tecido conjuntivo,Doença de Behçet
M35.3,Outras afecções sistêmicas do tecido conjuntivo,Polimialgia reumática
M35.4,Outras afecções sistêmicas do tecido conjuntivo,Fasciíte (eosinofílica) difusa
M35.5,Outras afecções sistêmicas do tecido conjuntivo,Fibroesclerose multifocal
M35.6,Outras afecções sistêmicas do tecido conjuntivo,Paniculite recidivante [Weber-Christian]
M35.7,Outras afecções sistêmicas do tecido conjuntivo,Síndrome de hipermobilidade
M35.8,Outras afecções sistêmicas do tecido conjuntivo,Outro comprometimento sistêmico especificado do tecido conjuntivo
M35.9,Outras afecções sistêmicas do tecido conjuntivo,Comprometimento sistêmico não especificado do tecido conjuntivo
M36.0,Doenças sistêmicas do tecido conjuntivo em doenças classificadas em outra parte,Dermato(poli)miosite em doenças neoplásicas
M36.1,Doenças sistêmicas do tecido conjuntivo em doenças classificadas em outra parte,Artropatia em doenças neoplásicas classificadas
M36.2,Doenças sistêmicas do tecido conjuntivo em doenças classificadas em outra parte,Artropatia hemofílica
M36.3,Doenças sistêmicas do tecido conjuntivo em doenças classificadas em outra parte,Artropatias em outras doenças hematológicas
M36.4,Doenças sistêmicas do tecido conjuntivo em doenças classificadas em outra parte,Artropatia associada a reações de hipersensibilidade classificadas em outra parte
M36.8,Doenças sistêmicas do tecido conjuntivo em doenças classificadas em outra parte,Doenças sistêmicas do tecido conjuntivo em outras doenças classificadas em outra parte
M40.0,Cifose e lordose,Cifose postural
M40.1,Cifose e lordose,Outras cifoses secundárias
M40.2,Cifose e lordose,Outras cifoses e as não especificadas
M40.3,Cifose e lordose,Síndrome da retificação da coluna vertebral
M40.4,Cifose e lordose,Outras lordoses
M40.5,Cifose e lordose,Lordose não especificada
M41.0,Escoliose,Escoliose idiopática infantil
M41.1,Escoliose,Escoliose idiopática juvenil
M41.2,Escoliose,Outras escolioses idiopáticas
M41.3,Escoliose,Escoliose toracogênica
M41.4,Escoliose,Escoliose neuromuscular
M41.5,Escoliose,Outras escolioses secundárias
M41.8,Escoliose,Outras formas de escoliose
M41.9,Escoliose,Escoliose não especificada
M42.0,Osteocondrose da coluna vertebral,Osteocondrose vertebral juvenil
M42.1,Osteocondrose da coluna vertebral,Osteocondrose vertebral do adulto
M42.9,Osteocondrose da coluna vertebral,Osteocondrose vertebral
M43.0,Outras dorsopatias deformantes,Espondilólise
M43.1,Outras dorsopatias deformantes,Espondilolistese
M43.2,Outras dorsopatias deformantes,Outras fusões da coluna vertebral
M43.3,Outras dorsopatias deformantes,Subluxação atlanto-axial recidivante com mielopatia
M43.4,Outras dorsopatias deformantes,Outras subluxações atlanto-axiais recidivantes
M43.5,Outras dorsopatias deformantes,Outras subluxações vertebrais recidivantes
M43.6,Outras dorsopatias deformantes,Torcicolo
M43.8,Outras dorsopatias deformantes,Outras dorsopatias deformantes especificadas
M43.9,Outras dorsopatias deformantes,Dorsopatia deformante
M45,Espondilite ancilosante,Espondilite ancilosante
M46.0,Outras espondilopatias inflamatórias,Entesopatia vertebral
M46.1,Outras espondilopatias inflamatórias,Sacroileíte não classificada em outra parte
M46.2,Outras espondilopatias inflamatórias,Osteomielite das vértebras
M46.3,Outras espondilopatias inflamatórias,Infecção (piogênica) do disco intervertebral
M46.4,Outras espondilopatias inflamatórias,Discite não especificada
M46.5,Outras espondilopatias inflamatórias,Outras espondilopatias infecciosas
M46.8,Outras espondilopatias inflamatórias,Outras espondilopatias inflamatórias especificadas
M46.9,Outras espondilopatias inflamatórias,Espondilopatia inflamatória não especificada
M47.0,Espondilose,Síndromes de compressão da artéria espinhal anterior ou vertebral anterior
M47.1,Espondilose,Outras espondiloses com mielopatia
M47.2,Espondilose,Outras espondiloses com radiculopatias
M47.8,Espondilose,Outras espondiloses
M47.9,Espondilose,Espondilose não especificada
M48.0,Outras espondilopatias,Estenose da coluna vertebral
M48.1,Outras espondilopatias,Hiperostose ancilosante [Forestier]
M48.2,Outras espondilopatias,Kissing spine
M48.3,Outras espondilopatias,Espondilopatia traumática
M48.4,Outras espondilopatias,Fratura de fadiga de vértebra
M48.5,Outras espondilopatias,Vértebra colapsada não classificada em outra parte
M48.8,Outras espondilopatias,Outras espondilopatias especificadas
M48.9,Outras espondilopatias,Espondilopatia não especificada
M49.0,Espondilopatias em doenças classificadas em outra parte,Tuberculose da coluna vertebral
M49.1,Espondilopatias em doenças classificadas em outra parte,Espondilite por Brucella
M49.2,Espondilopatias em doenças classificadas em outra parte,Espondilite por enterobactérias
M49.3,Espondilopatias em doenças classificadas em outra parte,Espondilopatia em outras doenças infeciosas e parasitárias classificadas em outra parte
M49.4,Espondilopatias em doenças classificadas em outra parte,Espondilopatia neuropática
M49.5,Espondilopatias em doenças classificadas em outra parte,Vértebra colapsada em doenças classificadas em outra parte
M49.8,Espondilopatias em doenças classificadas em outra parte,Espondilopatia em outras doenças classificadas em outra parte
M50.0,Transtornos dos discos cervicais,Transtorno do disco cervical com mielopatia
M50.1,Transtornos dos discos cervicais,Transtorno do disco cervical com radiculopatia
M50.2,Transtornos dos discos cervicais,Outro deslocamento de disco cervical
M50.3,Transtornos dos discos cervicais,Outra degeneração de disco cervical
M50.8,Transtornos dos discos cervicais,Outros transtornos de discos cervicais
M50.9,Transtornos dos discos cervicais,Transtorno não especificado de disco cervical
M51.0,Outros transtornos de discos intervertebrais,Transtornos de discos lombares e de outros discos intervertebrais com mielopatia
M51.1,Outros transtornos de discos intervertebrais,Transtornos de discos lombares e de outros discos intervertebrais com radiculopatia
M51.2,Outros transtornos de discos intervertebrais,Outros deslocamentos discais intervertebrais especificados
M51.3,Outros transtornos de discos intervertebrais,Outra degeneração especificada de disco intervertebral
M51.4,Outros transtornos de discos intervertebrais,Nódulos de Schmorl
M51.8,Outros transtornos de discos intervertebrais,Outros transtornos especificados de discos intervertebrais
M51.9,Outros transtornos de discos intervertebrais,Transtorno não especificado de disco intervertebral
M53.0,Outras dorsopatias não classificadas em outra parte,Síndrome cervicocraniana
M53.1,Outras dorsopatias não classificadas em outra parte,Síndrome cervicobraquial
M53.2,Outras dorsopatias não classificadas em outra parte,Instabilidades da coluna vertebral
M53.3,Outras dorsopatias não classificadas em outra parte,Transtornos sacroccígeos não classificados em outra parte
M53.8,Outras dorsopatias não classificadas em outra parte,Outras dorsopatias especificadas
M53.9,Outras dorsopatias não classificadas em outra parte,Dorsopatia não especificada
M54.0,Dorsalgia,Paniculite atingindo regiões do pescoço e do dorso
M54.1,Dorsalgia,Radiculopatia
M54.2,Dorsalgia,Cervicalgia
M54.3,Dorsalgia,Ciática
M54.4,Dorsalgia,Lumbago com ciática
M54.5,Dorsalgia,Dor lombar baixa
M54.6,Dorsalgia,Dor na coluna torácica
M54.8,Dorsalgia,Outra dorsalgia
M54.9,Dorsalgia,Dorsalgia não especificada
M60.0,Miosite,Miosite infecciosa
M60.1,Miosite,Miosite intersticial
M60.2,Miosite,Granuloma de corpo estranho no tecido mole não classificado em outra parte
M60.8,Miosite,Outras miosites
M60.9,Miosite,Miosite não especificada
M61.0,Calcificação e ossificação do músculo,Miosite ossificante traumática
M61.1,Calcificação e ossificação do músculo,Miosite ossificante progressiva
M61.2,Calcificação e ossificação do músculo,Calcificação e ossificação paralítica de músculo
M61.3,Calcificação e ossificação do músculo,Calcificação e ossificação de músculo associadas com queimaduras
M61.4,Calcificação e ossificação do músculo,Outra calcificação de músculo
M61.5,Calcificação e ossificação do músculo,Outra ossificação de músculo
M61.9,Calcificação e ossificação do músculo,Calcificação e ossificação de músculo não especificada
M62.0,Outros transtornos musculares,Diástase de músculo
M62.1,Outros transtornos musculares,Outras rupturas musculares (não-traumáticas)
M62.2,Outros transtornos musculares,Infarto isquêmico do músculo
M62.3,Outros transtornos musculares,Síndrome de imobilidade (paraplégica)
M62.4,Outros transtornos musculares,Contratura de músculo
M62.5,Outros transtornos musculares,Perda e atrofia muscular não classificadas em outra parte
M62.6,Outros transtornos musculares,Distensão muscular
M62.8,Outros transtornos musculares,Outros transtornos musculares especificados
M62.9,Outros transtornos musculares,Transtorno muscular não especificado
M63.0,Transtornos de músculo em doenças classificadas em outra parte,Miosite em doenças bacterianas classificadas em outra parte
M63.1,Transtornos de músculo em doenças classificadas em outra parte,Miosite em doenças infecciosas causadas por protozoários e parasitas classificadas em outra parte
M63.2,Transtornos de músculo em doenças classificadas em outra parte,Miosite em outras doenças infecciosas classificadas em outra parte
M63.3,Transtornos de músculo em doenças classificadas em outra parte,Miosite na sarcoidose
M63.8,Transtornos de músculo em doenças classificadas em outra parte,Outros transtornos musculares em doenças classificadas em outra parte
M65.0,Sinovite e tenossinovite,Abscesso da bainha tendínea
M65.1,Sinovite e tenossinovite,Outras (teno)sinovites infecciosas
M65.2,Sinovite e tenossinovite,Tendinite calcificada
M65.3,Sinovite e tenossinovite,Dedo em gatilho
M65.4,Sinovite e tenossinovite,Tenossinovite estilóide radial [de Quervain]
M65.8,Sinovite e tenossinovite,Outras sinovites e tenossinovites
M65.9,Sinovite e tenossinovite,Sinovite e tenossinovite não especificadas
M66.0,Ruptura espontânea de sinóvia e de tendão,Ruptura de cisto poplíteo
M66.1,Ruptura espontânea de sinóvia e de tendão,Ruptura de sinóvia
M66.2,Ruptura espontânea de sinóvia e de tendão,Ruptura espontânea de tendões extensores
M66.3,Ruptura espontânea de sinóvia e de tendão,Ruptura espontânea de tendões flexores
M66.4,Ruptura espontânea de sinóvia e de tendão,Ruptura espontânea de outros tendões
M66.5,Ruptura espontânea de sinóvia e de tendão,Ruptura espontânea de tendões não especificados
M67.0,Outros transtornos das sinóvias e dos tendões,Tendão de Aquiles curto (adquirido)
M67.1,Outros transtornos das sinóvias e dos tendões,Outra contratura de tendão (bainha)
M67.2,Outros transtornos das sinóvias e dos tendões,Hipertrofia sinovial não classificada em outra parte
M67.3,Outros transtornos das sinóvias e dos tendões,Sinovite transitória
M67.4,Outros transtornos das sinóvias e dos tendões,Gânglios
M67.8,Outros transtornos das sinóvias e dos tendões,Outros transtornos especificados da sinóvia e do tendão
M67.9,Outros transtornos das sinóvias e dos tendões,Transtorno não especificado da sinóvia e do tendão
M68.0,Transtorno de sinóvias e de tendões em doenças classificadas em outra parte,Sinovite e tenossinovite em doenças bacterianas classificadas em outra parte
M68.8,Transtorno de sinóvias e de tendões em doenças classificadas em outra parte,Outros transtornos de sinóvias e de tendões em doenças classificadas em outra parte
M70.0,Transtornos dos tecidos moles relacionados com o uso,Sinovite crepitante crônica da mão e do punho
M70.1,Transtornos dos tecidos moles relacionados com o uso,Bursite da mão
M70.2,Transtornos dos tecidos moles relacionados com o uso,Bursite do olécrano
M70.3,Transtornos dos tecidos moles relacionados com o uso,Outras bursites do cotovelo
M70.4,Transtornos dos tecidos moles relacionados com o uso,Bursite pré-patelar
M70.5,Transtornos dos tecidos moles relacionados com o uso,Outras bursites do joelho
M70.6,Transtornos dos tecidos moles relacionados com o uso,Bursite trocantérica
M70.7,Transtornos dos tecidos moles relacionados com o uso,Outras bursites do quadril
M70.8,Transtornos dos tecidos moles relacionados com o uso,Outros transtornos dos tecidos moles relacionados com o uso
M70.9,Transtornos dos tecidos moles relacionados com o uso,Transtorno não especificado dos tecidos moles relacionados com o uso
M71.0,Outras bursopatias,Abscesso de bolsa sinovial
M71.1,Outras bursopatias,Outras bursites infecciosas
M71.2,Outras bursopatias,Cisto sinovial do espaço poplíteo [Baker]
M71.3,Outras bursopatias,Outros cistos de bolsa sinovial
M71.4,Outras bursopatias,Depósito de cálcio em bolsa sinovial
M71.5,Outras bursopatias,Outras bursites não classificadas em outra parte
M71.8,Outras bursopatias,Outras bursopatias especificadas
M71.9,Outras bursopatias,Bursopatia não especificada
M72.0,Transtornos fibroblásticos,Fibromatose de fáscia palmar [Dupuytren]
M72.1,Transtornos fibroblásticos,Coxins interfalângicos (nó dos dedos)
M72.2,Transtornos fibroblásticos,Fibromatose da fáscia plantar
M72.4,Transtornos fibroblásticos,Fibromatose pseudossarcomatosa
M72.6,Transtornos fibroblásticos,Fasciíte necrosante
M72.8,Transtornos fibroblásticos,Outros transtornos fibroblásticos
M72.9,Transtornos fibroblásticos,Transtorno fibroblástico não especificado
M73.0,Transtornos dos tecidos moles em doenças classificadas em outra parte,Bursite gonocócica
M73.1,Transtornos dos tecidos moles em doenças classificadas em outra parte,Bursite sifilítica
M73.8,Transtornos dos tecidos moles em doenças classificadas em outra parte,Outros transtornos dos tecidos moles em outras doenças classificadas em outra parte
M75.0,Lesões do ombro,Capsulite adesiva do ombro
M75.1,Lesões do ombro,Síndrome do manguito rotador
M75.2,Lesões do ombro,Tendinite bicepital
M75.3,Lesões do ombro,Tendinite calcificante do ombro
M75.4,Lesões do ombro,Síndrome de colisão do ombro
M75.5,Lesões do ombro,Bursite do ombro
M75.8,Lesões do ombro,Outras lesões do ombro
M75.9,Lesões do ombro,Lesão não especificada do ombro
M76.0,Entesopatias dos membros inferiores,Tendinite glútea
M76.1,Entesopatias dos membros inferiores,Tendinite do psoas
M76.2,Entesopatias dos membros inferiores,Esporão da crista ilíaca
M76.3,Entesopatias dos membros inferiores,Síndrome da faixa iliotibial
M76.4,Entesopatias dos membros inferiores,Bursite tibial colateral [Pellegrini-Stieda]
M76.5,Entesopatias dos membros inferiores,Tendinite patelar
M76.6,Entesopatias dos membros inferiores,Tendinite aquileana
M76.7,Entesopatias dos membros inferiores,Tendinite do perôneo
M76.8,Entesopatias dos membros inferiores,Outras entesopatias do membro inferior
M76.9,Entesopatias dos membros inferiores,Entesopatia do membro inferior não especificada
M77.0,Outras entesopatias,Epicondilite medial
M77.1,Outras entesopatias,Epicondilite lateral
M77.2,Outras entesopatias,Periartrite do punho
M77.3,Outras entesopatias,Esporão do calcâneo
M77.4,Outras entesopatias,Metatarsalgia
M77.5,Outras entesopatias,Outra entesopatia do pé
M77.8,Outras entesopatias,Outras entesopatias não classificadas em outra parte
M77.9,Outras entesopatias,Entesopatia não especificada
M79.0,Outros transtornos dos tecidos moles,Reumatismo não especificado
M79.1,Outros transtornos dos tecidos moles,Mialgia
M79.2,Outros transtornos dos tecidos moles,Nevralgia e neurite não especificadas
M79.3,Outros transtornos dos tecidos moles,Paniculite não especificada
M79.4,Outros transtornos dos tecidos moles,Hipertrofia do coxim gorduroso (infrapatelar)
M79.5,Outros transtornos dos tecidos moles,Corpo estranho residual no tecido mole
M79.6,Outros transtornos dos tecidos moles,Dor em membro
M79.7,Outros transtornos dos tecidos moles,Fibromialgia
M79.8,Outros transtornos dos tecidos moles,Outros transtornos especificados dos tecidos moles
M79.9,Outros transtornos dos tecidos moles,Transtorno dos tecidos moles não especificado
M80.0,Osteoporose com fratura patológica,Osteoporose pós-menopáusica com fratura patológica
M80.1,Osteoporose com fratura patológica,Osteoporose pós-ooforectomia com fratura patológica
M80.2,Osteoporose com fratura patológica,Osteoporose de desuso com fratura patológica
M80.3,Osteoporose com fratura patológica,Osteoporose por má-absorção pós-cirúrgica com fratura patológica
M80.4,Osteoporose com fratura patológica,Osteoporose induzida por drogas com fratura patológica
M80.5,Osteoporose com fratura patológica,Osteoporose idiopática com fratura patológica
M80.8,Osteoporose com fratura patológica,Outras osteoporoses com fratura patológica
M80.9,Osteoporose com fratura patológica,Osteoporose não especificada com fratura patológica
M81.0,Osteoporose sem fratura patológica,Osteoporose pós-menopáusica
M81.1,Osteoporose sem fratura patológica,Osteoporose pós-ooforectomia
M81.2,Osteoporose sem fratura patológica,Osteoporose de desuso
M81.3,Osteoporose sem fratura patológica,Osteoporose devida à má-absorção pós-cirúrgica
M81.4,Osteoporose sem fratura patológica,Osteoporose induzida por drogas
M81.5,Osteoporose sem fratura patológica,Osteoporose idiopática
M81.6,Osteoporose sem fratura patológica,Osteoporose localizada [Lequesne]
M81.8,Osteoporose sem fratura patológica,Outras osteoporoses
M81.9,Osteoporose sem fratura patológica,Osteoporose não especificada
M82.0,Osteoporose em doenças classificadas em outra parte,Osteoporose na mielomatose múltipla
M82.1,Osteoporose em doenças classificadas em outra parte,Osteoporose em distúrbios endócrinos
M82.8,Osteoporose em doenças classificadas em outra parte,Osteoporose em outras doenças classificadas em outra parte
M83.0,Osteomalácia do adulto,Osteomalácia puerperal
M83.1,Osteomalácia do adulto,Osteomalácia senil
M83.2,Osteomalácia do adulto,Osteomalácia do adulto devida a má-absorção
M83.3,Osteomalácia do adulto,Osteomalácia do adulto devido à desnutrição
M83.4,Osteomalácia do adulto,Doença óssea pelo alumínio
M83.5,Osteomalácia do adulto,Outras osteomalácias do adulto induzidas por drogas
M83.8,Osteomalácia do adulto,Outra osteomalácia do adulto
M83.9,Osteomalácia do adulto,Osteomalácia não especificada do adulto
M84.0,Transtornos da continuidade do osso,Defeito de consolidação da fratura
M84.1,Transtornos da continuidade do osso,Ausência de consolidação da fratura [pseudo-artrose]
M84.2,Transtornos da continuidade do osso,Atraso de consolidação de fratura
M84.3,Transtornos da continuidade do osso,Fratura de fadiga (stress) não classificada em outra parte
M84.4,Transtornos da continuidade do osso,Fratura patológica não classificada em outra parte
M84.8,Transtornos da continuidade do osso,Outros transtornos da continuidade do osso
M84.9,Transtornos da continuidade do osso,Transtorno não especificado da continuidade do osso
M85.0,Outros transtornos da densidade e da estrutura ósseas,Displasia fibrosa (monostótica)
M85.1,Outros transtornos da densidade e da estrutura ósseas,Fluorose esquelética
M85.2,Outros transtornos da densidade e da estrutura ósseas,Hiperostose do crânio
M85.3,Outros transtornos da densidade e da estrutura ósseas,Osteíte condensante
M85.4,Outros transtornos da densidade e da estrutura ósseas,Cisto ósseo solitário
M85.5,Outros transtornos da densidade e da estrutura ósseas,Cisto ósseo aneurismático
M85.6,Outros transtornos da densidade e da estrutura ósseas,Outro cisto ósseo
M85.8,Outros transtornos da densidade e da estrutura ósseas,Outros transtornos especificados da densidade e da estrutura ósseas
M85.9,Outros transtornos da densidade e da estrutura ósseas,Transtorno não especificado da densidade e da estrutura ósseas
M86.0,Osteomielite,Osteomielite aguda hematogênica
M86.1,Osteomielite,Outra osteomielite aguda
M86.2,Osteomielite,Osteomielite subaguda
M86.3,Osteomielite,Osteomielite crônica multifocal
M86.4,Osteomielite,Osteomielite crônica com seio drenante
M86.5,Osteomielite,Outra osteomielite crônica hematogênica
M86.6,Osteomielite,Outra osteomielite crônica
M86.8,Osteomielite,Outra osteomielite
M86.9,Osteomielite,Osteomielite não especificada
M87.0,Osteonecrose,Necrose asséptica idiopática do osso
M87.1,Osteonecrose,Osteonecrose devida a drogas
M87.2,Osteonecrose,Osteonecrose devida a traumatismo anterior
M87.3,Osteonecrose,Outras osteonecroses secundárias
M87.8,Osteonecrose,Outras osteonecroses
M87.9,Osteonecrose,Osteonecrose não especificada
M88.0,Doença de Paget do osso (osteíte deformante),Doença de Paget do crânio
M88.8,Doença de Paget do osso (osteíte deformante),Doença de Paget de outros ossos
M88.9,Doença de Paget do osso (osteíte deformante),Doença de Paget de osso não especificado
M89.0,Outros transtornos ósseos,Algoneurodistrofia
M89.1,Outros transtornos ósseos,Parada de crescimento epifisário
M89.2,Outros transtornos ósseos,Outros transtornos do desenvolvimento e do crescimento ósseo
M89.3,Outros transtornos ósseos,Hipertrofia óssea
M89.4,Outros transtornos ósseos,Outras osteoartropatias hipertróficas
M89.5,Outros transtornos ósseos,Osteolise
M89.6,Outros transtornos ósseos,Osteopatia pós-poliomielite
M89.8,Outros transtornos ósseos,Outros transtornos especificados do osso
M89.9,Outros transtornos ósseos,Transtorno não especificado do osso
M90.0,Osteopatias em doenças classificadas em outra parte,Tuberculose óssea
M90.1,Osteopatias em doenças classificadas em outra parte,Periostite em outras doenças infecciosas classificadas em outra parte
M90.2,Osteopatias em doenças classificadas em outra parte,Osteopatia em outras doenças infecciosas classificadas em outra parte
M90.3,Osteopatias em doenças classificadas em outra parte,Osteonecrose em mal dos caixões
M90.4,Osteopatias em doenças classificadas em outra parte,Osteonecrose devida à hemoglobinopatia
M90.5,Osteopatias em doenças classificadas em outra parte,Osteonecrose em outras doenças classificadas em outra parte
M90.6,Osteopatias em doenças classificadas em outra parte,Osteíte deformante em doenças neoplásicas
M90.7,Osteopatias em doenças classificadas em outra parte,Fratura óssea em doenças neoplásicas
M90.8,Osteopatias em doenças classificadas em outra parte,Osteopatia em outras doenças classificadas em outra parte
M91.0,Osteocondrose juvenil do quadril e da pelve,Osteocondrose juvenil da pelve
M91.1,Osteocondrose juvenil do quadril e da pelve,Osteocondrose juvenil da cabeça do fêmur [Legg-Calvé-Perthes]
M91.2,Osteocondrose juvenil do quadril e da pelve,Coxa plana
M91.3,Osteocondrose juvenil do quadril e da pelve,Pseudocoxalgia
M91.8,Osteocondrose juvenil do quadril e da pelve,Outras osteocondroses juvenis do quadril e da pelve
M91.9,Osteocondrose juvenil do quadril e da pelve,Osteocondrose juvenil não especificada do quadril e da pelve
M92.0,Outras osteocondroses juvenis,Osteocondrose juvenil do úmero
M92.1,Outras osteocondroses juvenis,Osteocondrose juvenil do rádio e do cúbito [ulna]
M92.2,Outras osteocondroses juvenis,Osteocondrose juvenil da mão
M92.3,Outras osteocondroses juvenis,Outras osteocondroses juvenis do membro superior
M92.4,Outras osteocondroses juvenis,Osteocondrose juvenil da rótula [patela]
M92.5,Outras osteocondroses juvenis,Osteocondrose juvenil da tíbia e perônio [fíbula]
M92.6,Outras osteocondroses juvenis,Osteocondrose juvenil do tarso
M92.7,Outras osteocondroses juvenis,Osteocondrose juvenil do metatarso
M92.8,Outras osteocondroses juvenis,Outras osteocondroses juvenis especificadas
M92.9,Outras osteocondroses juvenis,Osteocondrose juvenil
M93.0,Outras osteocondropatias,Luxação (não-traumática) da epífise superior do fêmur
M93.1,Outras osteocondropatias,Doença de Kienböck do adulto
M93.2,Outras osteocondropatias,Osteocondrite dissecante
M93.8,Outras osteocondropatias,Outras osteocondropatias
M93.9,Outras osteocondropatias,Osteocondropatias
M94.0,Outros transtornos das cartilagens,Síndrome da junção condrocostal [Tietze]
M94.1,Outros transtornos das cartilagens,Policondrite recidivante
M94.2,Outros transtornos das cartilagens,Condromalácia
M94.3,Outros transtornos das cartilagens,Condrolise
M94.8,Outros transtornos das cartilagens,Outros transtornos especificados da cartilagem
M94.9,Outros transtornos das cartilagens,Transtornos não especificados da cartilagem
M95.0,Outras deformidades adquiridas do sistema osteomuscular e do tecido conjuntivo,Deformidade adquirida do nariz
M95.1,Outras deformidades adquiridas do sistema osteomuscular e do tecido conjuntivo,Orelha em couve-flor
M95.2,Outras deformidades adquiridas do sistema osteomuscular e do tecido conjuntivo,Outras deformidades adquiridas da cabeça
M95.3,Outras deformidades adquiridas do sistema osteomuscular e do tecido conjuntivo,Deformidade adquirida do pescoço
M95.4,Outras deformidades adquiridas do sistema osteomuscular e do tecido conjuntivo,Deformidade adquirida do tórax e das costelas
M95.5,Outras deformidades adquiridas do sistema osteomuscular e do tecido conjuntivo,Deformidade adquirida da pelve
M95.8,Outras deformidades adquiridas do sistema osteomuscular e do tecido conjuntivo,Outras deformidades adquiridas especificadas do sistema osteomuscular
M95.9,Outras deformidades adquiridas do sistema osteomuscular e do tecido conjuntivo,Deformidade adquirida do sistema osteomuscular não especificada
M96.0,Transtornos osteomusculares pós-procedimentos não classificados em outra parte,Pseudo-artrose após fusão ou artrodese
M96.1,Transtornos osteomusculares pós-procedimentos não classificados em outra parte,Síndrome pós-laminectomia não classificada em outra parte
M96.2,Transtornos osteomusculares pós-procedimentos não classificados em outra parte,Cifose pós-radiação
M96.3,Transtornos osteomusculares pós-procedimentos não classificados em outra parte,Cifose pós-laminectomia
M96.4,Transtornos osteomusculares pós-procedimentos não classificados em outra parte,Lordose pós-cirúrgica
M96.5,Transtornos osteomusculares pós-procedimentos não classificados em outra parte,Escoliose pós-radiação
M96.6,Transtornos osteomusculares pós-procedimentos não classificados em outra parte,Fratura de osso subsequente a implante ortopédico
M96.8,Transtornos osteomusculares pós-procedimentos não classificados em outra parte,Outros transtornos osteomusculares pós-procedimentos
M96.9,Transtornos osteomusculares pós-procedimentos não classificados em outra parte,Transtorno osteomuscular não especificado pós-procedimento
M99.0,Lesões biomecânicas não classificadas em outra parte,Disfunção segmentar e somática
M99.1,Lesões biomecânicas não classificadas em outra parte,Complexo de subluxação (vertebral)
M99.2,Lesões biomecânicas não classificadas em outra parte,Estenose de subluxação do canal medular
M99.3,Lesões biomecânicas não classificadas em outra parte,Estenose óssea do canal medular
M99.4,Lesões biomecânicas não classificadas em outra parte,Estenose de tecido conjuntivo do canal medular
M99.5,Lesões biomecânicas não classificadas em outra parte,Estenose de disco intervertebral do canal medular
M99.6,Lesões biomecânicas não classificadas em outra parte,Estenose óssea e subluxação dos forames intervertebrais
M99.7,Lesões biomecânicas não classificadas em outra parte,Estenose de tecido conjuntivo e do disco dos forames intervertebrais
M99.8,Lesões biomecânicas não classificadas em outra parte,Outras lesões biomecânicas
M99.9,Lesões biomecânicas não classificadas em outra parte,Lesão biomecânica não especificada
N00.0,Síndrome nefrítica aguda,Síndrome nefrítica aguda - anormalidade glomerular minor
N00.1,Síndrome nefrítica aguda,Síndrome nefrítica aguda - lesões glomerulares focais e segmentares
N00.2,Síndrome nefrítica aguda,Síndrome nefrítica aguda - glomerulonefrite membranosa difusa
N00.3,Síndrome nefrítica aguda,Síndrome nefrítica aguda - glomerulonefrite proliferativa mesangial difusa
N00.4,Síndrome nefrítica aguda,Síndrome nefrítica aguda - glomerulonefrite proliferativa endocapilar difusa
N00.5,Síndrome nefrítica aguda,Síndrome nefrítica aguda - glomerulonefrite mesangiocapilar difusa
N00.6,Síndrome nefrítica aguda,Síndrome nefrítica aguda - doença de depósito denso
N00.7,Síndrome nefrítica aguda,Síndrome nefrítica aguda - glomerulonefrite difusa em crescente
N00.8,Síndrome nefrítica aguda,Síndrome nefrítica aguda - outras
N00.9,Síndrome nefrítica aguda,Síndrome nefrítica aguda - não especificada
N01.0,Síndrome nefrítica rapidamente progressiva,Síndrome nefrítica rapidamente progressiva - anormalidade glomerular minor
N01.1,Síndrome nefrítica rapidamente progressiva,Síndrome nefrítica rapidamente progressiva - lesões glomerulares focais e segmentares
N01.2,Síndrome nefrítica rapidamente progressiva,Síndrome nefrítica rapidamente progressiva - glomerulonefrite membranosa difusa
N01.3,Síndrome nefrítica rapidamente progressiva,Síndrome nefrítica rapidamente progressiva - glomerulonefrite proliferativa mesangial difusa
N01.4,Síndrome nefrítica rapidamente progressiva,Síndrome nefrítica rapidamente progressiva - glomerulonefrite proliferativa endocapilar difusa
N01.5,Síndrome nefrítica rapidamente progressiva,Síndrome nefrítica rapidamente progressiva - glomerulonefrite mesangiocapilar difusa
N01.6,Síndrome nefrítica rapidamente progressiva,Síndrome nefrítica rapidamente progressiva - doença de depósito denso
N01.7,Síndrome nefrítica rapidamente progressiva,Síndrome nefrítica rapidamente progressiva - glomerulonefrite difusa em crescente
N01.8,Síndrome nefrítica rapidamente progressiva,Síndrome nefrítica rapidamente progressiva - outras
N01.9,Síndrome nefrítica rapidamente progressiva,Síndrome nefrítica rapidamente progressiva - não especificada
N02.0,Hematúria recidivante e persistente,Hematúria recidivante e persistente - anormalidade glomerular minor
N02.1,Hematúria recidivante e persistente,Hematúria recidivante e persistente - lesões glomerulares focais e segmentares
N02.2,Hematúria recidivante e persistente,Hematúria recidivante e persistente - glomerulonefrite membranosa difusa
N02.3,Hematúria recidivante e persistente,Hematúria recidivante e persistente - glomerulonefrite proliferativa mesangial difusa
N02.4,Hematúria recidivante e persistente,Hematúria recidivante e persistente - glomerulonefrite proliferativa endocapilar difusa
N02.5,Hematúria recidivante e persistente,Hematúria recidivante e persistente - glomerulonefrite mesangiocapilar difusa
N02.6,Hematúria recidivante e persistente,Hematúria recidivante e persistente - doença de depósito denso
N02.7,Hematúria recidivante e persistente,Hematúria recidivante e persistente - glomerulonefrite difusa em crescente
N02.8,Hematúria recidivante e persistente,Hematúria recidivante e persistente - outras
N02.9,Hematúria recidivante e persistente,Hematúria recidivante e persistente - não especificada
N03.0,Síndrome nefrítica crônica,Síndrome nefrítica crônica - anormalidade glomerular minor
N03.1,Síndrome nefrítica crônica,Síndrome nefrítica crônica - lesões glomerulares focais e segmentares
N03.2,Síndrome nefrítica crônica,Síndrome nefrítica crônica - glomerulonefrite membranosa difusa
N03.3,Síndrome nefrítica crônica,Síndrome nefrítica crônica - glomerulonefrite proliferativa mesangial difusa
N03.4,Síndrome nefrítica crônica,Síndrome nefrítica crônica - glomerulonefrite proliferativa endocapilar difusa
N03.5,Síndrome nefrítica crônica,Síndrome nefrítica crônica - glomerulonefrite mesangiocapilar difusa
N03.6,Síndrome nefrítica crônica,Síndrome nefrítica crônica - doença de depósito denso
N03.7,Síndrome nefrítica crônica,Síndrome nefrítica crônica - glomerulonefrite difusa em crescente
N03.8,Síndrome nefrítica crônica,Síndrome nefrítica crônica - outras
N03.9,Síndrome nefrítica crônica,Síndrome nefrítica crônica - não especificada
N04.0,Síndrome nefrótica,Síndrome nefrótica - anormalidade glomerular minor
N04.1,Síndrome nefrótica,Síndrome nefrótica - lesões glomerulares focais e segmentares
N04.2,Síndrome nefrótica,Síndrome nefrótica - glomerulonefrite membranosa difusa
N04.3,Síndrome nefrótica,Síndrome nefrótica - glomerulonefrite proliferativa mesangial difusa
N04.4,Síndrome nefrótica,Síndrome nefrótica - glomerulonefrite proliferativa endocapilar difusa
N04.5,Síndrome nefrótica,Síndrome nefrótica - glomerulonefrite mesangiocapilar difusa
N04.6,Síndrome nefrótica,Síndrome nefrótica - doença de depósito denso
N04.7,Síndrome nefrótica,Síndrome nefrótica - glomerulonefrite difusa em crescente
N04.8,Síndrome nefrótica,Síndrome nefrótica - outras
N04.9,Síndrome nefrótica,Síndrome nefrótica - não especificada
N05.0,Síndrome nefrítica não especificada,Síndrome nefrítica não especificada - anormalidade glomerular minor
N05.1,Síndrome nefrítica não especificada,Síndrome nefrítica não especificada - lesões glomerulares focais e segmentares
N05.2,Síndrome nefrítica não especificada,Síndrome nefrítica não especificada - glomerulonefrite membranosa difusa
N05.3,Síndrome nefrítica não especificada,Síndrome nefrítica não especificada - glomerulonefrite proliferativa mesangial difusa
N05.4,Síndrome nefrítica não especificada,Síndrome nefrítica não especificada - glomerulonefrite proliferativa endocapilar difusa
N05.5,Síndrome nefrítica não especificada,Síndrome nefrítica não especificada - glomerulonefrite mesangiocapilar difusa
N05.6,Síndrome nefrítica não especificada,Síndrome nefrítica não especificada - doença de depósito denso
N05.7,Síndrome nefrítica não especificada,Síndrome nefrítica não especificada - glomerulonefrite difusa em crescente
N05.8,Síndrome nefrítica não especificada,Síndrome nefrítica não especificada - outras
N05.9,Síndrome nefrítica não especificada,Síndrome nefrítica não especificada - não especificada
N06.0,Proteinúria isolada com lesão morfológica especificada,Proteinúria isolada com lesão morfológica especificada - anormalidade glomerular minor
N06.1,Proteinúria isolada com lesão morfológica especificada,Proteinúria isolada com lesão morfológica especificada - lesões glomerulares focais e segmentares
N06.2,Proteinúria isolada com lesão morfológica especificada,Proteinúria isolada com lesão morfológica especificada - glomerulonefrite membranosa difusa
N06.3,Proteinúria isolada com lesão morfológica especificada,Proteinúria isolada com lesão morfológica especificada - glomerulonefrite proliferativa mesangial difusa
N06.4,Proteinúria isolada com lesão morfológica especificada,Proteinúria isolada com lesão morfológica especificada - glomerulonefrite proliferativa endocapilar difusa
N06.5,Proteinúria isolada com lesão morfológica especificada,Proteinúria isolada com lesão morfológica especificada - glomerulonefrite mesangiocapilar difusa
N06.6,Proteinúria isolada com lesão morfológica especificada,Proteinúria isolada com lesão morfológica especificada - doença de depósito denso
N06.7,Proteinúria isolada com lesão morfológica especificada,Proteinúria isolada com lesão morfológica especificada - glomerulonefrite difusa em crescente
N06.8,Proteinúria isolada com lesão morfológica especificada,Proteinúria isolada com lesão morfológica especificada - outras
N06.9,Proteinúria isolada com lesão morfológica especificada,Proteinúria isolada com lesão morfológica especificada - não especificada
N07.0,Nefropatia hereditária não classificada em outra parte,Nefropatia hereditária não classificada em outra parte - anormalidade glomerular minor
N07.1,Nefropatia hereditária não classificada em outra parte,Nefropatia hereditária não classificada em outra parte - lesões glomerulares focais e segmentares
N07.2,Nefropatia hereditária não classificada em outra parte,Nefropatia hereditária não classificada em outra parte - glomerulonefrite membranosa difusa
N07.3,Nefropatia hereditária não classificada em outra parte,Nefropatia hereditária não classificada em outra parte - glomerulonefrite proliferativa mesangial difusa
N07.4,Nefropatia hereditária não classificada em outra parte,Nefropatia hereditária não classificada em outra parte - glomerulonefrite proliferativa endocapilar difusa
N07.5,Nefropatia hereditária não classificada em outra parte,Nefropatia hereditária não classificada em outra parte - glomerulonefrite mesangiocapilar difusa
N07.6,Nefropatia hereditária não classificada em outra parte,Nefropatia hereditária não classificada em outra parte - doença de depósito denso
N07.7,Nefropatia hereditária não classificada em outra parte,Nefropatia hereditária não classificada em outra parte - glomerulonefrite difusa em crescente
N07.8,Nefropatia hereditária não classificada em outra parte,Nefropatia hereditária não classificada em outra parte - outras
N07.9,Nefropatia hereditária não classificada em outra parte,Nefropatia hereditária não classificada em outra parte - não especificada
N08.0,Transtornos glomerulares em doenças classificadas em outra parte,Transtornos glomerulares em doenças infecciosas e parasitárias classificadas em outra parte
N08.1,Transtornos glomerulares em doenças classificadas em outra parte,Transtornos glomerulares em doenças neoplásicas
N08.2,Transtornos glomerulares em doenças classificadas em outra parte,Transtornos glomerulares em doenças do sangue e transtornos imunitários
N08.3,Transtornos glomerulares em doenças classificadas em outra parte,Transtornos glomerulares no diabetes mellitus
N08.4,Transtornos glomerulares em doenças classificadas em outra parte,Transtornos glomerulares em doenças endócrinas
N08.5,Transtornos glomerulares em doenças classificadas em outra parte,Transtornos glomerulares em doenças sistêmicas do tecido conjuntivo
N08.8,Transtornos glomerulares em doenças classificadas em outra parte,Transtornos glomerulares em outras doenças classificadas em outra parte
N10,Nefrite túbulo-intersticial aguda,Nefrite túbulo-intersticial aguda
N11.0,Nefrite túbulo-intersticial crônica,Pielonefrite não-obstrutiva crônica associada a refluxo
N11.1,Nefrite túbulo-intersticial crônica,Pielonefrite obstrutiva crônica
N11.8,Nefrite túbulo-intersticial crônica,Outras nefrites túbulo-intersticiais crônicas
N11.9,Nefrite túbulo-intersticial crônica,Nefrite túbulo-intersticial crônica não especificada
N12,Nefrite túbulo-intersticial não especificada se aguda ou crônica,Nefrite túbulo-intersticial não especificada se aguda ou crônica
N13.0,Uropatia obstrutiva e por refluxo,Hidronefrose com obstrução da junção uretero-pélvica
N13.1,Uropatia obstrutiva e por refluxo,Hidronefrose com estreitamento de ureter não classificada em outra parte
N13.2,Uropatia obstrutiva e por refluxo,Hidronefrose com obstrução por calculose renal e ureteral
N13.3,Uropatia obstrutiva e por refluxo,Outras hidronefroses e as não especificadas
N13.4,Uropatia obstrutiva e por refluxo,Hidroureter
N13.5,Uropatia obstrutiva e por refluxo,Torção e estreitamento do ureter sem hidronefrose
N13.6,Uropatia obstrutiva e por refluxo,Pionefrose
N13.7,Uropatia obstrutiva e por refluxo,Uropatia associada a refluxo vésico-ureteral
N13.8,Uropatia obstrutiva e por refluxo,Outras uropatias obstrutivas e por refluxo
N13.9,Uropatia obstrutiva e por refluxo,Uropatia obstrutiva e por refluxo não especificada
N14.0,Afecções tubulares e túbulo-intersticiais induzidas por drogas ou metais pesados,Nefropatia induzida por analgésico
N14.1,Afecções tubulares e túbulo-intersticiais induzidas por drogas ou metais pesados,Nefropatia induzida por outras drogas
N14.2,Afecções tubulares e túbulo-intersticiais induzidas por drogas ou metais pesados,Nefropatia induzida por drogas
N14.3,Afecções tubulares e túbulo-intersticiais induzidas por drogas ou metais pesados,Nefropatia induzida por metais pesados
N14.4,Afecções tubulares e túbulo-intersticiais induzidas por drogas ou metais pesados,Nefropatia tóxica não classificada em outra parte
N15.0,Outras doenças renais túbulo-intersticiais,Nefropatia dos Bálcãs
N15.1,Outras doenças renais túbulo-intersticiais,Abscesso renal e perinefrético
N15.8,Outras doenças renais túbulo-intersticiais,Outras doenças renais túbulo-intersticiais especificadas
N15.9,Outras doenças renais túbulo-intersticiais,Doença renal túbulo-intersticial não especificada
N16.0,Transtornos renais túbulo-intersticiais em doenças classificadas em outra parte,Transtornos renais túbulo-intersticiais em doenças infecciosas e parasitárias classificadas em outra parte
N16.1,Transtornos renais túbulo-intersticiais em doenças classificadas em outra parte,Transtornos renais túbulo-intersticiais em doenças neoplásicas
N16.2,Transtornos renais túbulo-intersticiais em doenças classificadas em outra parte,Transtornos renais túbulo-intersticiais em doenças do sangue e transtornos imunitários
N16.3,Transtornos renais túbulo-intersticiais em doenças classificadas em outra parte,Transtornos renais túbulo-intersticiais em doenças metabólicas
N16.4,Transtornos renais túbulo-intersticiais em doenças classificadas em outra parte,Transtornos renais túbulo-intersticiais em doenças do tecido conjuntivo
N16.5,Transtornos renais túbulo-intersticiais em doenças classificadas em outra parte,Transtornos renais túbulo-intersticiais em rejeição a transplantes
N16.8,Transtornos renais túbulo-intersticiais em doenças classificadas em outra parte,Transtornos renais túbulo-intersticiais em outras doenças classificadas em outra parte
N17.0,Insuficiência renal aguda,Insuficiência renal aguda com necrose tubular
N17.1,Insuficiência renal aguda,Insuficiência renal aguda com necrose cortical aguda
N17.2,Insuficiência renal aguda,Insuficiência renal aguda com necrose medular
N17.8,Insuficiência renal aguda,Outro tipo de insuficiência renal aguda
N17.9,Insuficiência renal aguda,Insuficiência renal aguda não especificada
N18.0,Insuficiência renal crônica,Doença renal em estádio final
N18.8,Insuficiência renal crônica,Outra insuficiência renal crônica
N18.9,Insuficiência renal crônica,Insuficiência renal crônica não especificada
N19,Insuficiência renal não especificada,Insuficiência renal não especificada
N20.0,Calculose do rim e do ureter,Calculose do rim
N20.1,Calculose do rim e do ureter,Calculose do ureter
N20.2,Calculose do rim e do ureter,Calculose do rim com cálculo do ureter
N20.9,Calculose do rim e do ureter,Calculose urinária
N21.0,Calculose do trato urinário inferior,Calculose na bexiga
N21.1,Calculose do trato urinário inferior,Cálculo uretral
N21.8,Calculose do trato urinário inferior,Outros cálculos do trato urinário inferior
N21.9,Calculose do trato urinário inferior,Cálculo do trato urinário inferior
N22.0,Calculose do trato urinário inferior em doenças classificadas em outra parte,Cálculo urinário na esquistossomose [bilharziose] [schistosomíase]
N22.8,Calculose do trato urinário inferior em doenças classificadas em outra parte,Calculose do trato urinário em outras doenças classificadas em outra parte
N23,Cólica nefrética não especificada,Cólica nefrética não especificada
N25.0,Transtornos resultantes de função renal tubular alterada,Osteodistrofia renal
N25.1,Transtornos resultantes de função renal tubular alterada,Diabetes insípido nefrogênico
N25.8,Transtornos resultantes de função renal tubular alterada,Outros transtornos resultantes de função renal tubular alterada
N25.9,Transtornos resultantes de função renal tubular alterada,Transtornos resultante de função tubular alterada
N26,Rim contraído,Rim contraído
N27.0,Hipoplasia renal de causa desconhecida,Hipoplasia renal unilateral
N27.1,Hipoplasia renal de causa desconhecida,Hipoplasia renal bilateral
N27.9,Hipoplasia renal de causa desconhecida,Hipoplasia renal não especificada
N28.0,Outros transtornos do rim e do ureter não classificado em outra parte,Isquemia e infarto renal
N28.1,Outros transtornos do rim e do ureter não classificado em outra parte,Cisto do rim
N28.8,Outros transtornos do rim e do ureter não classificado em outra parte,Outros transtornos especificados do rim e do ureter
N28.9,Outros transtornos do rim e do ureter não classificado em outra parte,Transtorno não especificado do rim e do ureter
N29.0,Outros transtornos do rim e do ureter em doenças classificadas em outra parte,Sífilis tardia renal
N29.1,Outros transtornos do rim e do ureter em doenças classificadas em outra parte,Outros transtornos do rim e do ureter em doenças infecciosas e parasitárias classificadas em outra parte
N29.8,Outros transtornos do rim e do ureter em doenças classificadas em outra parte,Outros transtornos do rim e do ureter em outras doenças classificadas em outra parte
N30.0,Cistite,Cistite aguda
N30.1,Cistite,Cistite intersticial (crônica)
N30.2,Cistite,Outras cistites crônicas
N30.3,Cistite,Trigonite
N30.4,Cistite,Cistite por radiação
N30.8,Cistite,Outras cistites
N30.9,Cistite,Cistite
N31.0,Disfunções neuromusculares da bexiga não classificados em outra parte,Bexiga neuropática não-inibida não classificada em outra parte
N31.1,Disfunções neuromusculares da bexiga não classificados em outra parte,Bexiga neuropática reflexa não classificada em outra parte
N31.2,Disfunções neuromusculares da bexiga não classificados em outra parte,Bexiga neuropática flácida não classificada em outra parte
N31.8,Disfunções neuromusculares da bexiga não classificados em outra parte,Outra disfunção neuromuscular da bexiga
N31.9,Disfunções neuromusculares da bexiga não classificados em outra parte,Disfunção neuromuscular não especificada da bexiga
N32.0,Outros transtornos da bexiga,Obstrução do colo da bexiga
N32.1,Outros transtornos da bexiga,Fístula êntero-vesical
N32.2,Outros transtornos da bexiga,Fístula vesical não classificada em outra parte
N32.3,Outros transtornos da bexiga,Divertículo da bexiga
N32.4,Outros transtornos da bexiga,Ruptura da bexiga
N32.8,Outros transtornos da bexiga,Outros transtornos especificados da bexiga
N32.9,Outros transtornos da bexiga,Transtorno não especificado da bexiga
N33.0,Transtornos da bexiga em doenças classificadas em outra parte,Cistite tuberculosa
N33.8,Transtornos da bexiga em doenças classificadas em outra parte,Transtornos da bexiga em outras doenças classificadas em outra parte
N34.0,Uretrite e síndrome uretral,Abscesso uretral
N34.1,Uretrite e síndrome uretral,Uretrites não específicas
N34.2,Uretrite e síndrome uretral,Outras uretrites
N34.3,Uretrite e síndrome uretral,Síndrome uretral
N35.0,Estenose da uretra,Estenose uretral pós-traumática
N35.1,Estenose da uretra,Estenose uretral pós-infecciosa não classificada em outra parte
N35.8,Estenose da uretra,Outra estenose (estreitamento) uretral
N35.9,Estenose da uretra,Estenose (estreitamento) uretral não especificada(o)
N36.0,Outros transtornos da uretra,Fístula uretral
N36.1,Outros transtornos da uretra,Divertículo uretral
N36.2,Outros transtornos da uretra,Carúncula uretral
N36.3,Outros transtornos da uretra,Prolapso da mucosa uretral
N36.8,Outros transtornos da uretra,Outros transtornos especificados da uretra
N36.9,Outros transtornos da uretra,Transtorno não especificado da uretra
N37.0,Transtornos da uretra em doenças classificadas em outra parte,Uretrite em doenças classificadas em outra parte
N37.8,Transtornos da uretra em doenças classificadas em outra parte,Outros transtornos da uretra em doenças classificadas em outra parte
N39.0,Outros transtornos do trato urinário,Infecção do trato urinário de localização não especificada
N39.1,Outros transtornos do trato urinário,Proteinúria persistente não especificada
N39.2,Outros transtornos do trato urinário,Proteinúria ortostática não especificada
N39.3,Outros transtornos do trato urinário,Incontinência de tensão (stress)
N39.4,Outros transtornos do trato urinário,Outras incontinências urinárias especificadas
N39.8,Outros transtornos do trato urinário,Outros transtornos especificados do aparelho urinário
N39.9,Outros transtornos do trato urinário,Transtornos não especificados do aparelho urinário
N40,Hiperplasia da próstata,Hiperplasia da próstata
N41.0,Doenças inflamatórias da próstata,Prostatite aguda
N41.1,Doenças inflamatórias da próstata,Prostatite crônica
N41.2,Doenças inflamatórias da próstata,Abscesso da próstata
N41.3,Doenças inflamatórias da próstata,Prostatocistite
N41.8,Doenças inflamatórias da próstata,Outras doenças inflamatórias da próstata
N41.9,Doenças inflamatórias da próstata,Doença inflamatória não especificada da próstata
N42.0,Outras afecções da próstata,Cálculo da próstata
N42.1,Outras afecções da próstata,Congestão e hemorragia da próstata
N42.2,Outras afecções da próstata,Atrofia da próstata
N42.8,Outras afecções da próstata,Outras afecções especificadas da próstata
N42.9,Outras afecções da próstata,Afecção não especificada da próstata
N43.0,Hidrocele e espermatocele,Hidrocele encistada
N43.1,Hidrocele e espermatocele,Hidrocele infectada
N43.2,Hidrocele e espermatocele,Outra hidrocele
N43.3,Hidrocele e espermatocele,Hidrocele não especificada
N43.4,Hidrocele e espermatocele,Espermatocele
N44,Torção do testículo,Torção do testículo
N45.0,Orquite e epididimite,Orquite
N45.9,Orquite e epididimite,Orquite
N46,Infertilidade masculina,Infertilidade masculina
N47,Hipertrofia do prepúcio,Hipertrofia do prepúcio
N48.0,Outros transtornos do pênis,Leucoplasia do pênis
N48.1,Outros transtornos do pênis,Balanopostite
N48.2,Outros transtornos do pênis,Outros transtornos inflamatórios do pênis
N48.3,Outros transtornos do pênis,Priapismo
N48.4,Outros transtornos do pênis,Impotência de origem orgânica
N48.5,Outros transtornos do pênis,Úlcera do pênis
N48.6,Outros transtornos do pênis,Induratio penis plastica
N48.8,Outros transtornos do pênis,Outros transtornos especificados do pênis
N48.9,Outros transtornos do pênis,Transtorno não especificado do pênis
N49.0,Transtornos inflamatórios de órgãos genitais masculinos,Transtornos inflamatórios da vesícula seminal
N49.1,Transtornos inflamatórios de órgãos genitais masculinos,Transtornos inflamatórios do cordão espermático
N49.2,Transtornos inflamatórios de órgãos genitais masculinos,Transtorno inflamatório do escroto
N49.8,Transtornos inflamatórios de órgãos genitais masculinos,Transtornos inflamatórios de outros órgãos genitais masculinos especificados
N49.9,Transtornos inflamatórios de órgãos genitais masculinos,Transtorno inflamatório de órgão genital masculino
N50.0,Outros transtornos dos órgãos genitais masculinos,Atrofia do testículo
N50.1,Outros transtornos dos órgãos genitais masculinos,Transtornos vasculares dos órgãos genitais masculinos
N50.8,Outros transtornos dos órgãos genitais masculinos,Outros transtornos especificados dos órgãos genitais masculinos
N50.9,Outros transtornos dos órgãos genitais masculinos,Transtorno não especificado dos órgãos genitais masculinos
N51.0,Transtornos dos órgãos genitais masculinos em doenças classificadas em outra parte,Transtornos da próstata em doenças classificadas em outra parte
N51.1,Transtornos dos órgãos genitais masculinos em doenças classificadas em outra parte,Transtornos do testículo e do epidídimo em doenças classificadas em outra parte
N51.2,Transtornos dos órgãos genitais masculinos em doenças classificadas em outra parte,Balanite em doenças classificadas em outra parte
N51.8,Transtornos dos órgãos genitais masculinos em doenças classificadas em outra parte,Outros transtornos dos órgãos genitais masculinos em doenças classificadas em outra parte
N60.0,Displasias mamárias benignas,Cisto solitário da mama
N60.1,Displasias mamárias benignas,Mastopatia cística difusa
N60.2,Displasias mamárias benignas,Fibroadenose da mama
N60.3,Displasias mamárias benignas,Fibrosclerose da mama
N60.4,Displasias mamárias benignas,Ectasia de dutos mamários
N60.8,Displasias mamárias benignas,Outras displasias mamárias benignas
N60.9,Displasias mamárias benignas,Displasia mamária benigna não especificada
N61,Transtornos inflamatórios da mama,Transtornos inflamatórios da mama
N62,Hipertrofia da mama,Hipertrofia da mama
N63,Nódulo mamário não especificado,Nódulo mamário não especificado
N64.0,Outras doenças da mama,Fissura e fístula do mamilo
N64.1,Outras doenças da mama,Necrose gordurosa da mama
N64.2,Outras doenças da mama,Atrofia da mama
N64.3,Outras doenças da mama,Galactorréia não-associada ao parto
N64.4,Outras doenças da mama,Mastodinia
N64.5,Outras doenças da mama,Outros sintomas e sinais da mama
N64.8,Outras doenças da mama,Outros transtornos especificados da mama
N64.9,Outras doenças da mama,Transtorno da mama não especificado
N70.0,Salpingite e ooforite,Salpingite e ooforite agudas
N70.1,Salpingite e ooforite,Salpingite e ooforite crônicas
N70.9,Salpingite e ooforite,Salpingite e ooforite não especificadas
N71.0,Doença inflamatória do útero,Doença inflamatória aguda do útero
N71.1,Doença inflamatória do útero,Doença inflamatória crônica do útero
N71.9,Doença inflamatória do útero,Doença inflamatória não especificada do útero
N72,Doença inflamatória do colo do útero,Doença inflamatória do colo do útero
N73.0,Outras doenças inflamatórias pélvicas femininas,Parametrite e celulite pélvicas agudas
N73.1,Outras doenças inflamatórias pélvicas femininas,Parametrite e celulite pélvicas crônicas
N73.2,Outras doenças inflamatórias pélvicas femininas,Parametrite e celulite pélvicas não especificadas
N73.3,Outras doenças inflamatórias pélvicas femininas,Pelviperitonite aguda feminina
N73.4,Outras doenças inflamatórias pélvicas femininas,Pelviperitonite crônica feminina
N73.5,Outras doenças inflamatórias pélvicas femininas,Pelviperitonite não especificada feminina
N73.6,Outras doenças inflamatórias pélvicas femininas,Aderências pelviperitonais femininas
N73.8,Outras doenças inflamatórias pélvicas femininas,Outras doenças inflamatórias especificadas da pelve feminina
N73.9,Outras doenças inflamatórias pélvicas femininas,Doença inflamatória não especificada da pelve feminina
N74.0,Transtornos inflamatórios da pelve feminina em doenças classificadas em outra parte,Tuberculose do colo do útero
N74.1,Transtornos inflamatórios da pelve feminina em doenças classificadas em outra parte,Tuberculose da pelve feminina
N74.2,Transtornos inflamatórios da pelve feminina em doenças classificadas em outra parte,Sífilis pélvica feminina
N74.3,Transtornos inflamatórios da pelve feminina em doenças classificadas em outra parte,Infecção gonocócica pélvica feminina
N74.4,Transtornos inflamatórios da pelve feminina em doenças classificadas em outra parte,Infecção pélvica feminina por clamídia
N74.8,Transtornos inflamatórios da pelve feminina em doenças classificadas em outra parte,Inflamação pélvica feminina em outras doenças classificadas em outra parte
N75.0,Doenças da glândula de Bartholin,Cisto da glândula de Bartholin
N75.1,Doenças da glândula de Bartholin,Abscesso da glândula de Bartholin
N75.8,Doenças da glândula de Bartholin,Outras doenças da glândula de Bartholin
N75.9,Doenças da glândula de Bartholin,Doença não especificada da glândula de Bartholin
N76.0,Outras afecções inflamatórias da vagina e da vulva,Vaginite aguda
N76.1,Outras afecções inflamatórias da vagina e da vulva,Vaginite subaguda e crônica
N76.2,Outras afecções inflamatórias da vagina e da vulva,Vulvite aguda
N76.3,Outras afecções inflamatórias da vagina e da vulva,Vulvite subaguda e crônica
N76.4,Outras afecções inflamatórias da vagina e da vulva,Abscesso vulvar
N76.5,Outras afecções inflamatórias da vagina e da vulva,Ulceração vaginal
N76.6,Outras afecções inflamatórias da vagina e da vulva,Ulceração vulvar
N76.8,Outras afecções inflamatórias da vagina e da vulva,Outras inflamações especificadas da vagina e da vulva
N77.0,Ulceração e inflamação vulvovaginais em doenças classificadas em outra parte,Ulceração da vulva em doenças infecciosas e parasitárias classificadas em outra parte
N77.1,Ulceração e inflamação vulvovaginais em doenças classificadas em outra parte,Vaginite
N77.8,Ulceração e inflamação vulvovaginais em doenças classificadas em outra parte,Ulceração e inflamação vulvovaginais em outras doenças classificadas em outra parte
N80.0,Endometriose,Endometriose do útero
N80.1,Endometriose,Endometriose do ovário
N80.2,Endometriose,Endometriose da trompa de Falópio
N80.3,Endometriose,Endometriose do peritônio pélvico
N80.4,Endometriose,Endometriose do septo retovaginal e da vagina
N80.5,Endometriose,Endometriose do intestino
N80.6,Endometriose,Endometriose em cicatriz cutânea
N80.8,Endometriose,Outra endometriose
N80.9,Endometriose,Endometriose não especificada
N81.0,Prolapso genital feminino,Uretrocele feminina
N81.1,Prolapso genital feminino,Cistocele
N81.2,Prolapso genital feminino,Prolapso uterovaginal incompleto
N81.3,Prolapso genital feminino,Prolapso uterovaginal completo
N81.4,Prolapso genital feminino,Prolapso uterovaginal não especificado
N81.5,Prolapso genital feminino,Enterocele vaginal
N81.6,Prolapso genital feminino,Retocele
N81.8,Prolapso genital feminino,Outro prolapso genital feminino
N81.9,Prolapso genital feminino,Prolapso genital feminino não especificado
N82.0,Fístulas do trato genital feminino,Fístula vesicovaginal
N82.1,Fístulas do trato genital feminino,Outras fístulas do trato geniturinário feminino
N82.2,Fístulas do trato genital feminino,Fístula vagina-intestino delgado
N82.3,Fístulas do trato genital feminino,Fístula vagina-cólon
N82.4,Fístulas do trato genital feminino,Outras fístulas genito-intestinais femininas
N82.5,Fístulas do trato genital feminino,Fístula genitocutânea feminina
N82.8,Fístulas do trato genital feminino,Outras fístulas do trato genital feminino
N82.9,Fístulas do trato genital feminino,Fístulas não especificadas do trato genital feminino
N83.0,Transtornos não-inflamatórios do ovário,Cisto folicular do ovário
N83.1,Transtornos não-inflamatórios do ovário,Cisto do corpo lúteo
N83.2,Transtornos não-inflamatórios do ovário,Outros cistos ovarianos e os não especificados
N83.3,Transtornos não-inflamatórios do ovário,Atrofia adquirida do ovário e da trompa de Falópio
N83.4,Transtornos não-inflamatórios do ovário,Prolapso e hérnia do ovário e da trompa de Falópio
N83.5,Transtornos não-inflamatórios do ovário,Torção do ovário
N83.6,Transtornos não-inflamatórios do ovário,Hematossalpinge
N83.7,Transtornos não-inflamatórios do ovário,Hematoma do ligamento largo
N83.8,Transtornos não-inflamatórios do ovário,Outros transtornos não-inflamatórios do ovário
N83.9,Transtornos não-inflamatórios do ovário,Transtornos não-inflamatórios do ovário
N84.0,Pólipo do trato genital feminino,Pólipo do corpo do útero
N84.1,Pólipo do trato genital feminino,Pólipo do colo do útero
N84.2,Pólipo do trato genital feminino,Pólipo da vagina
N84.3,Pólipo do trato genital feminino,Pólipo da vulva
N84.8,Pólipo do trato genital feminino,Pólipo de outras partes do trato genital feminino
N84.9,Pólipo do trato genital feminino,Pólipo do trato genital feminino não especificado
N85.0,Outros transtornos não-inflamatórios do útero,Hiperplasia glandular endometrial
N85.1,Outros transtornos não-inflamatórios do útero,Hiperplasia adenomatosa endometrial
N85.2,Outros transtornos não-inflamatórios do útero,Hipertrofia do útero
N85.3,Outros transtornos não-inflamatórios do útero,Subinvolução do útero
N85.4,Outros transtornos não-inflamatórios do útero,Posição anormal do útero
N85.5,Outros transtornos não-inflamatórios do útero,Inversão do útero
N85.6,Outros transtornos não-inflamatórios do útero,Sinéquias intra-uterinas
N85.7,Outros transtornos não-inflamatórios do útero,Hematometra
N85.8,Outros transtornos não-inflamatórios do útero,Outros transtornos não-inflamatórios especificados do útero
N85.9,Outros transtornos não-inflamatórios do útero,Transtornos não-inflamatórios do útero
N86,Erosão e ectrópio do colo do útero,Erosão e ectrópio do colo do útero
N87.0,Displasia do colo do útero,Displasia cervical leve
N87.1,Displasia do colo do útero,Displasia cervical moderada
N87.2,Displasia do colo do útero,Displasia cervical grave
N87.9,Displasia do colo do útero,Displasia do colo do útero
N88.0,Outros transtornos não-inflamatórios do colo do útero,Leucoplasia do colo do útero
N88.1,Outros transtornos não-inflamatórios do colo do útero,Laceração antiga do colo do útero
N88.2,Outros transtornos não-inflamatórios do colo do útero,Estreitamento e estenose do colo do útero
N88.3,Outros transtornos não-inflamatórios do colo do útero,Incompetência do colo do útero
N88.4,Outros transtornos não-inflamatórios do colo do útero,Alongamento hipertrófico do colo do útero
N88.8,Outros transtornos não-inflamatórios do colo do útero,Outros transtornos não-inflamatórios especificados do colo do útero
N88.9,Outros transtornos não-inflamatórios do colo do útero,Transtorno não-inflamatório e não especificado do colo do útero
N89.0,Outros transtornos não-inflamatórios da vagina,Displasia vaginal leve
N89.1,Outros transtornos não-inflamatórios da vagina,Displasia vaginal moderada
N89.2,Outros transtornos não-inflamatórios da vagina,Displasia vaginal grave
N89.3,Outros transtornos não-inflamatórios da vagina,Displasia da vagina
N89.4,Outros transtornos não-inflamatórios da vagina,Leucoplasia da vagina
N89.5,Outros transtornos não-inflamatórios da vagina,Estreitamento e atresia da vagina
N89.6,Outros transtornos não-inflamatórios da vagina,Anel himenal apertado
N89.7,Outros transtornos não-inflamatórios da vagina,Hematocolpos
N89.8,Outros transtornos não-inflamatórios da vagina,Outros transtornos não-inflamatórios especificados da vagina
N89.9,Outros transtornos não-inflamatórios da vagina,Transtorno não-inflamatório da vagina
N90.0,Outros transtornos não-inflamatórios da vulva e do períneo,Displasia vulvar leve
N90.1,Outros transtornos não-inflamatórios da vulva e do períneo,Displasia vulvar moderada
N90.2,Outros transtornos não-inflamatórios da vulva e do períneo,Displasia vulvar grave
N90.3,Outros transtornos não-inflamatórios da vulva e do períneo,Displasia de vulva
N90.4,Outros transtornos não-inflamatórios da vulva e do períneo,Leucoplasia de vulva
N90.5,Outros transtornos não-inflamatórios da vulva e do períneo,Atrofia da vulva
N90.6,Outros transtornos não-inflamatórios da vulva e do períneo,Hipertrofia da vulva
N90.7,Outros transtornos não-inflamatórios da vulva e do períneo,Cisto vulvar
N90.8,Outros transtornos não-inflamatórios da vulva e do períneo,Outros transtornos não-inflamatórios especificados da vulva e do períneo
N90.9,Outros transtornos não-inflamatórios da vulva e do períneo,Transtorno não-inflamatório e não especificado da vulva e do períneo
N91.0,Menstruação ausente,Amenorréia primária
N91.1,Menstruação ausente,Amenorréia secundária
N91.2,Menstruação ausente,Amenorréia
N91.3,Menstruação ausente,Oligomenorréia primária
N91.4,Menstruação ausente,Oligomenorréia secundária
N91.5,Menstruação ausente,Oligomenorréia
N92.0,Menstruação excessiva,Menstruação excessiva e freqüente com ciclo regular
N92.1,Menstruação excessiva,Menstruação excessiva e freqüente com ciclo irregular
N92.2,Menstruação excessiva,Menstruação excessiva na puberdade
N92.3,Menstruação excessiva,Sangramento da ovulação
N92.4,Menstruação excessiva,Sangramento abundante na pré-menopausa
N92.5,Menstruação excessiva,Outros tipos especificados de irregularidade da menstruação
N92.6,Menstruação excessiva,Menstruação irregular
N93.0,Outros sangramentos anormais do útero e da vagina,Sangramentos pós-coito ou de contato
N93.8,Outros sangramentos anormais do útero e da vagina,Outros sangramentos anormais especificados do útero e da vagina
N93.9,Outros sangramentos anormais do útero e da vagina,Sangramento anormal do útero ou da vagina
N94.0,Dor e outras afecções associadas com os órgãos genitais femininos e com o ciclo menstrual,Ovulação dolorosa [Mittelschmerz]
N94.1,Dor e outras afecções associadas com os órgãos genitais femininos e com o ciclo menstrual,Dispareunia
N94.2,Dor e outras afecções associadas com os órgãos genitais femininos e com o ciclo menstrual,Vaginismo
N94.3,Dor e outras afecções associadas com os órgãos genitais femininos e com o ciclo menstrual,Síndrome de tensão pré-menstrual
N94.4,Dor e outras afecções associadas com os órgãos genitais femininos e com o ciclo menstrual,Dismenorréia primária
N94.5,Dor e outras afecções associadas com os órgãos genitais femininos e com o ciclo menstrual,Dismenorréia secundária
N94.6,Dor e outras afecções associadas com os órgãos genitais femininos e com o ciclo menstrual,Dismenorréia não especificada
N94.8,Dor e outras afecções associadas com os órgãos genitais femininos e com o ciclo menstrual,Outras afecções especificadas associadas com os órgãos genitais femininos e com o ciclo menstrual
N94.9,Dor e outras afecções associadas com os órgãos genitais femininos e com o ciclo menstrual,Afecções não especificadas associadas com os órgãos genitais femininos e com o ciclo menstrual
N95.0,Transtornos da menopausa e da perimenopausa,Sangramento pós-menopausa
N95.1,Transtornos da menopausa e da perimenopausa,Estado da menopausa e do climatério feminino
N95.2,Transtornos da menopausa e da perimenopausa,Vaginite atrófica pós-menopausa
N95.3,Transtornos da menopausa e da perimenopausa,Condições associadas com a menopausa artificial
N95.8,Transtornos da menopausa e da perimenopausa,Outros transtornos especificados da menopausa e da perimenopausa
N95.9,Transtornos da menopausa e da perimenopausa,Transtorno não especificado da menopausa e da perimenopausa
N96,Abortamento habitual,Abortamento habitual
N97.0,Infertilidade feminina,Infertilidade feminina associada à anovulação
N97.1,Infertilidade feminina,Infertilidade feminina de origem tubária
N97.2,Infertilidade feminina,Infertilidade feminina de origem uterina
N97.3,Infertilidade feminina,Infertilidade feminina de origem cervical
N97.4,Infertilidade feminina,Infertilidade feminina associada à fatores do parceiro
N97.8,Infertilidade feminina,Infertilidade feminina de outra origem
N97.9,Infertilidade feminina,Infertilidade feminina não especificada
N98.0,Complicações associadas à fecundação artificial,Infecção associada à inseminação artificial
N98.1,Complicações associadas à fecundação artificial,Hiperestimulação dos ovários
N98.2,Complicações associadas à fecundação artificial,Complicações relacionadas com a tentativa de introdução do óvulo fecundado artificialmente (in vitro)
N98.3,Complicações associadas à fecundação artificial,Complicações relacionadas com a tentativa de transferência do embrião
N98.8,Complicações associadas à fecundação artificial,Outras complicações associadas à fecundação artificial
N98.9,Complicações associadas à fecundação artificial,Complicações não especificadas associadas à fecundação artificial
N99.0,Transtornos do trato geniturinário pós-procedimentos não classificados em outra parte,Insuficiência renal pós-procedimentos
N99.1,Transtornos do trato geniturinário pós-procedimentos não classificados em outra parte,Estreitamento de uretra pós-procedimentos
N99.2,Transtornos do trato geniturinário pós-procedimentos não classificados em outra parte,Aderências pós-operatórias da vagina
N99.3,Transtornos do trato geniturinário pós-procedimentos não classificados em outra parte,Prolapso de cúpula de vagina pós-histerectomia
N99.4,Transtornos do trato geniturinário pós-procedimentos não classificados em outra parte,Aderências do peritônio pélvico pós-procedimentos
N99.5,Transtornos do trato geniturinário pós-procedimentos não classificados em outra parte,Mau funcionamento de abertura externa (estoma) do trato urinário
N99.8,Transtornos do trato geniturinário pós-procedimentos não classificados em outra parte,Outros transtornos pós-procedimentos do aparelho geniturinário
N99.9,Transtornos do trato geniturinário pós-procedimentos não classificados em outra parte,Transtorno pós-procedimento não especificado do aparelho geniturinário
O00.0,Gravidez ectópica,Gravidez abdominal
O00.1,Gravidez ectópica,Gravidez tubária
O00.2,Gravidez ectópica,Gravidez ovariana
O00.8,Gravidez ectópica,Outras formas de gravidez ectópica
O00.9,Gravidez ectópica,Gravidez ectópica
O01.0,Mola hidatiforme,Mola hidatiforme clássica
O01.1,Mola hidatiforme,Mola hidatiforme incompleta ou parcial
O01.9,Mola hidatiforme,Mola hidatiforme não especificada
O02.0,Outros produtos anormais da concepção,Ovo claro e mola não-hidatiforme
O02.1,Outros produtos anormais da concepção,Aborto retido
O02.8,Outros produtos anormais da concepção,Outros produtos anormais da concepção especificados
O02.9,Outros produtos anormais da concepção,Produto anormal da concepção
O03.0,Aborto espontâneo,Aborto espontâneo - incompleto
O03.1,Aborto espontâneo,Aborto espontâneo - incompleto
O03.2,Aborto espontâneo,Aborto espontâneo - incompleto
O03.3,Aborto espontâneo,Aborto espontâneo - incompleto
O03.4,Aborto espontâneo,Aborto espontâneo - incompleto
O03.5,Aborto espontâneo,Aborto espontâneo - completo ou não especificado
O03.6,Aborto espontâneo,Aborto espontâneo - completo ou não especificado
O03.7,Aborto espontâneo,Aborto espontâneo - completo ou não especificado
O03.8,Aborto espontâneo,Aborto espontâneo - completo ou não especificado
O03.9,Aborto espontâneo,Aborto espontâneo - completo ou não especificado
O04.0,Aborto por razões médicas e legais,Aborto por razões médicas e legais - incompleto
O04.1,Aborto por razões médicas e legais,Aborto por razões médicas e legais - incompleto
O04.2,Aborto por razões médicas e legais,Aborto por razões médicas e legais - incompleto
O04.3,Aborto por razões médicas e legais,Aborto por razões médicas e legais - incompleto
O04.4,Aborto por razões médicas e legais,Aborto por razões médicas e legais - incompleto
O04.5,Aborto por razões médicas e legais,Aborto por razões médicas e legais - completo ou não especificado
O04.6,Aborto por razões médicas e legais,Aborto por razões médicas e legais - completo ou não especificado
O04.7,Aborto por razões médicas e legais,Aborto por razões médicas e legais - completo ou não especificado
O04.8,Aborto por razões médicas e legais,Aborto por razões médicas e legais - completo ou não especificado
O04.9,Aborto por razões médicas e legais,Aborto por razões médicas e legais - completo ou não especificado
O05.0,Outros tipos de aborto,Outros tipos de aborto - incompleto
O05.1,Outros tipos de aborto,Outros tipos de aborto - incompleto
O05.2,Outros tipos de aborto,Outros tipos de aborto - incompleto
O05.3,Outros tipos de aborto,Outros tipos de aborto - incompleto
O05.4,Outros tipos de aborto,Outros tipos de aborto - incompleto
O05.5,Outros tipos de aborto,Outros tipos de aborto - completo ou não especificado
O05.6,Outros tipos de aborto,Outros tipos de aborto - completo ou não especificado
O05.7,Outros tipos de aborto,Outros tipos de aborto - completo ou não especificado
O05.8,Outros tipos de aborto,Outros tipos de aborto - completo ou não especificado
O05.9,Outros tipos de aborto,Outros tipos de aborto - completo ou não especificado
O06.0,Aborto não especificado,Aborto não especificado - incompleto
O06.1,Aborto não especificado,Aborto não especificado - incompleto
O06.2,Aborto não especificado,Aborto não especificado - incompleto
O06.3,Aborto não especificado,Aborto não especificado - incompleto
O06.4,Aborto não especificado,Aborto não especificado - incompleto
O06.5,Aborto não especificado,Aborto não especificado - completo ou não especificado
O06.6,Aborto não especificado,Aborto não especificado - completo ou não especificado
O06.7,Aborto não especificado,Aborto não especificado - completo ou não especificado
O06.8,Aborto não especificado,Aborto não especificado - completo ou não especificado
O06.9,Aborto não especificado,Aborto não especificado - completo ou não especificado
O07.0,Falha de tentativa de aborto,Falha de aborto provocado por razões médicas
O07.1,Falha de tentativa de aborto,Falha de aborto provocado por razões médicas
O07.2,Falha de tentativa de aborto,Falha de aborto provocado por razões médicas
O07.3,Falha de tentativa de aborto,Falha de aborto provocado por razões médicas
O07.4,Falha de tentativa de aborto,Falha de aborto provocado por razões médicas
O07.5,Falha de tentativa de aborto,Outras formas
O07.6,Falha de tentativa de aborto,Outras formas
O07.7,Falha de tentativa de aborto,Outras formas
O07.8,Falha de tentativa de aborto,Outras formas
O07.9,Falha de tentativa de aborto,Outras formas
O08.0,Complicações conseqüentes a aborto e gravidez ectópica ou molar,Infecção do trato genital e dos órgãos pélvicos conseqüente a aborto e gravidez ectópica e molar
O08.1,Complicações conseqüentes a aborto e gravidez ectópica ou molar,Hemorragia tardia ou excessiva conseqüente a aborto e a gravidez ectópica e molar
O08.2,Complicações conseqüentes a aborto e gravidez ectópica ou molar,Embolia conseqüente a aborto e a gravidez ectópica e molar
O08.3,Complicações conseqüentes a aborto e gravidez ectópica ou molar,Choque conseqüente a aborto e a gravidez ectópica e molar
O08.4,Complicações conseqüentes a aborto e gravidez ectópica ou molar,Insuficiência renal conseqüente a aborto e a gravidez ectópica e molar
O08.5,Complicações conseqüentes a aborto e gravidez ectópica ou molar,Distúrbios metabólicos conseqüentes a aborto e a gravidez ectópica e molar
O08.6,Complicações conseqüentes a aborto e gravidez ectópica ou molar,Lesão a órgãos e a tecidos pélvicos conseqüentes a aborto e a gravidez ectópica e molar
O08.7,Complicações conseqüentes a aborto e gravidez ectópica ou molar,Outras complicações venosas conseqüentes a aborto e a gravidez ectópica e molar
O08.8,Complicações conseqüentes a aborto e gravidez ectópica ou molar,Outras complicações conseqüentes a aborto e a gravidez ectópica e molar
O08.9,Complicações conseqüentes a aborto e gravidez ectópica ou molar,Complicações conseqüentes a aborto e gravidez ectópica e molar
O10.0,Hipertensão pré-existente complicando a gravidez,Hipertensão essencial pré-existente complicando a gravidez
O10.1,Hipertensão pré-existente complicando a gravidez,Doença cardíaca hipertensiva pré-existente complicando a gravidez
O10.2,Hipertensão pré-existente complicando a gravidez,Doença renal hipertensiva pré-existente complicando a gravidez
O10.3,Hipertensão pré-existente complicando a gravidez,Doença cardíaca e renal hipertensiva pré-existente complicando a gravidez
O10.4,Hipertensão pré-existente complicando a gravidez,Hipertensão secundária pré-existente complicando a gravidez
O10.9,Hipertensão pré-existente complicando a gravidez,Hipertensão pré-existente não especificada
O11,Distúrbio hipertensivo pré-existente com proteinúria superposta,Distúrbio hipertensivo pré-existente com proteinúria superposta
O12.0,Edema e proteinúria gestacionais [induzidos pela gravidez],Edema gestacional
O12.1,Edema e proteinúria gestacionais [induzidos pela gravidez],Proteinúria gestacional
O12.2,Edema e proteinúria gestacionais [induzidos pela gravidez],Edema gestacional com proteinúria
O13,Hipertensão gestacional [induzida pela gravidez] sem proteinúria signifiidiva,Hipertensão gestacional [induzida pela gravidez] sem proteinúria significativa
O14.0,Hipertensão gestacional [induzida pela gravidez] com proteinúria signifiidiva,Pré-eclâmpsia moderada
O14.1,Hipertensão gestacional [induzida pela gravidez] com proteinúria signifiidiva,Pré-eclâmpsia grave
O14.9,Hipertensão gestacional [induzida pela gravidez] com proteinúria signifiidiva,Pré-eclâmpsia não especificada
O15.0,Eclâmpsia,Eclâmpsia na gravidez
O15.1,Eclâmpsia,Eclâmpsia no trabalho de parto
O15.2,Eclâmpsia,Eclâmpsia no puerpério
O15.9,Eclâmpsia,Eclâmpsia não especificada quanto ao período
O16,Hipertensão materna não especificada,Hipertensão materna não especificada
O20.0,Hemorragia do início da gravidez,Ameaça de aborto
O20.8,Hemorragia do início da gravidez,Outras hemorragias do início da gravidez
O20.9,Hemorragia do início da gravidez,Hemorragia do início da gravidez
O21.0,Vômitos excessivos na gravidez,Hiperêmese gravídica leve
O21.1,Vômitos excessivos na gravidez,Hiperêmese gravídica com distúrbio metabólico
O21.2,Vômitos excessivos na gravidez,Vômitos tardios da gravidez
O21.8,Vômitos excessivos na gravidez,Outras formas de vômitos complicando a gravidez
O21.9,Vômitos excessivos na gravidez,Vômitos da gravidez
O22.0,Complicações venosas na gravidez,Varizes dos membros inferiores na gravidez
O22.1,Complicações venosas na gravidez,Varizes genitais na gravidez
O22.2,Complicações venosas na gravidez,Tromboflebite superficial na gravidez
O22.3,Complicações venosas na gravidez,Flebotrombose profunda na gravidez
O22.4,Complicações venosas na gravidez,Hemorróidas na gravidez
O22.5,Complicações venosas na gravidez,Trombose venosa cerebral na gravidez
O22.8,Complicações venosas na gravidez,Outras complicações venosas na gravidez
O22.9,Complicações venosas na gravidez,Complicações venosas na gravidez
O23.0,Infecções do trato geniturinário na gravidez,Infecções do rim na gravidez
O23.1,Infecções do trato geniturinário na gravidez,Infecções da bexiga na gravidez
O23.2,Infecções do trato geniturinário na gravidez,Infecções da uretra na gravidez
O23.3,Infecções do trato geniturinário na gravidez,Infecções de outras partes do trato urinário na gravidez
O23.4,Infecções do trato geniturinário na gravidez,Infecção não especificada do trato urinário na gravidez
O23.5,Infecções do trato geniturinário na gravidez,Infecções do trato genital na gravidez
O23.9,Infecções do trato geniturinário na gravidez,Outras infecções e as não especificadas do trato urinário na gravidez
O24.0,Diabetes mellitus na gravidez,Diabetes mellitus pré-existente
O24.1,Diabetes mellitus na gravidez,Diabetes mellitus pré-existente
O24.2,Diabetes mellitus na gravidez,Diabetes mellitus pré-existente
O24.3,Diabetes mellitus na gravidez,Diabetes mellitus pré-existente
O24.4,Diabetes mellitus na gravidez,Diabetes mellitus que surge durante a gravidez
O24.9,Diabetes mellitus na gravidez,Diabetes mellitus na gravidez
O25,Desnutrição na gravidez,Desnutrição na gravidez
O26.0,Assistência materna por outras complicações ligadas predominantemente à gravidez,Ganho excessivo de peso na gravidez
O26.1,Assistência materna por outras complicações ligadas predominantemente à gravidez,Ganho de peso insuficiente na gravidez
O26.2,Assistência materna por outras complicações ligadas predominantemente à gravidez,Assistência à gravidez por motivo de abortamento habitual
O26.3,Assistência materna por outras complicações ligadas predominantemente à gravidez,Retenção de dispositivo intra-uterino contraceptivo (DIU) na gravidez
O26.4,Assistência materna por outras complicações ligadas predominantemente à gravidez,Herpes gestacional
O26.5,Assistência materna por outras complicações ligadas predominantemente à gravidez,Síndrome da hipotensão materna
O26.6,Assistência materna por outras complicações ligadas predominantemente à gravidez,Transtornos do fígado na gravidez
O26.7,Assistência materna por outras complicações ligadas predominantemente à gravidez,Subluxação da sínfise (púbica) na gravidez
O26.8,Assistência materna por outras complicações ligadas predominantemente à gravidez,Outras afecções especificadas
O26.9,Assistência materna por outras complicações ligadas predominantemente à gravidez,Afecções ligadas a gravidez
O28.0,"Achados anormais do rastreamento [""""screening""""] antenatal da mãe",Achados hematológicos anormais do rastreamento [screening] antenatal da mãe
O28.1,"Achados anormais do rastreamento [""""screening""""] antenatal da mãe",Achados bioquímicos anormais do rastreamento [screening] antenatal da mãe
O28.2,"Achados anormais do rastreamento [""""screening""""] antenatal da mãe",Achados citológicos anormais do rastreamento [screening] antenatal da mãe
O28.3,"Achados anormais do rastreamento [""""screening""""] antenatal da mãe",Achados ultrassonográficos anormais do rastreamento [screening] antenatal da mãe
O28.4,"Achados anormais do rastreamento [""""screening""""] antenatal da mãe",Achados radiológicos anormais do rastreamento [screening] antenatal da mãe
O28.5,"Achados anormais do rastreamento [""""screening""""] antenatal da mãe",Achados cromossômicos e genéticos anormais do rastreamento [screening] antenatal da mãe
O28.8,"Achados anormais do rastreamento [""""screening""""] antenatal da mãe",Outros achados anormais do rastreamento [screening] antenatal da mãe
O28.9,"Achados anormais do rastreamento [""""screening""""] antenatal da mãe",Achados anormais do rastreamento [screening] antenatal da mãe
O29.0,Complicações de anestesia administrada durante a gravidez,Complicações pulmonares de anestesia administrada durante a gravidez
O29.1,Complicações de anestesia administrada durante a gravidez,Complicações cardíacas de anestesia administrada durante a gravidez
O29.2,Complicações de anestesia administrada durante a gravidez,Complicações relativas ao sistema nervoso central devidas a anestesia administrada durante a gravidez
O29.3,Complicações de anestesia administrada durante a gravidez,Reação tóxica causada por anestesia local administrada durante a gravidez
O29.4,Complicações de anestesia administrada durante a gravidez,Cefaléia causada por anestesia raquidiana ou peridural administradas durante a gravidez
O29.5,Complicações de anestesia administrada durante a gravidez,Outras complicações de anestesia raquidiana ou peridural administradas durante a gravidez
O29.6,Complicações de anestesia administrada durante a gravidez,Falha ou dificuldade na entubação durante a gravidez
O29.8,Complicações de anestesia administrada durante a gravidez,Outras complicações de anestesia durante a gravidez
O29.9,Complicações de anestesia administrada durante a gravidez,Complicações de anestesia durante a gravidez
O30.0,Gestação múltipla,Gravidez dupla
O30.1,Gestação múltipla,Gravidez trigemelar
O30.2,Gestação múltipla,Gravidez quadrigemelar
O30.8,Gestação múltipla,Outras gestações múltiplas
O30.9,Gestação múltipla,Gestação múltipla
O31.0,Complicações específicas de gestação múltipla,Feto papiráceo
O31.1,Complicações específicas de gestação múltipla,Continuação da gravidez após aborto de um ou mais fetos
O31.2,Complicações específicas de gestação múltipla,Continuação da gravidez após a morte intra-uterina de um ou mais fetos
O31.8,Complicações específicas de gestação múltipla,Outras complicações específicas de gestação múltipla
O32.0,Assistência prestada à mãe por motivo de apresentação anormal,Assistência prestada à mãe por posição fetal instável
O32.1,Assistência prestada à mãe por motivo de apresentação anormal,Assistência prestada à mãe por apresentação pélvica
O32.2,Assistência prestada à mãe por motivo de apresentação anormal,Assistência prestada à mãe por posição fetal transversa e oblíqua
O32.3,Assistência prestada à mãe por motivo de apresentação anormal,Assistência prestada à mãe por apresentação de face
O32.4,Assistência prestada à mãe por motivo de apresentação anormal,Assistência prestada à mãe por polo cefálico alto em gestação a termo
O32.5,Assistência prestada à mãe por motivo de apresentação anormal,Assistência prestada à mãe por gestação múltipla com apresentação anormal de um ou mais fetos
O32.6,Assistência prestada à mãe por motivo de apresentação anormal,Assistência prestada à mãe por apresentação composta
O32.8,Assistência prestada à mãe por motivo de apresentação anormal,Assistência prestada à mãe por outras formas de apresentação anormal do feto
O32.9,Assistência prestada à mãe por motivo de apresentação anormal,Assistência prestada à mãe por apresentação anormal do feto
O33.0,Assistência prestada à mãe por uma desproporção conhecida ou suspeita,Assistência prestada à mãe por uma desproporção devida à deformidade da pelve óssea materna
O33.1,Assistência prestada à mãe por uma desproporção conhecida ou suspeita,Assistência prestada à mãe por uma desproporção devida à contração geral da pelve
O33.2,Assistência prestada à mãe por uma desproporção conhecida ou suspeita,Assistência prestada à mãe por uma desproporção devida à contração do estreito superior da pelve
O33.3,Assistência prestada à mãe por uma desproporção conhecida ou suspeita,Assistência prestada à mãe por uma desproporção devida à contração do estreito inferior da pelve
O33.4,Assistência prestada à mãe por uma desproporção conhecida ou suspeita,Assistência prestada à mãe por uma desproporção de origem mista
O33.5,Assistência prestada à mãe por uma desproporção conhecida ou suspeita,Assistência prestada à mãe por uma desproporção devida a feto excepcionalmente grande
O33.6,Assistência prestada à mãe por uma desproporção conhecida ou suspeita,Assistência prestada à mãe por uma desproporção devida a feto hidrocefálico
O33.7,Assistência prestada à mãe por uma desproporção conhecida ou suspeita,Assistência prestada à mãe por uma desproporção devida a outras deformidades fetais
O33.8,Assistência prestada à mãe por uma desproporção conhecida ou suspeita,Assistência prestada à mãe por uma desproporção de outra origem
O33.9,Assistência prestada à mãe por uma desproporção conhecida ou suspeita,Assistência prestada à mãe por uma desproporção
O34.0,Assistência prestada à mãe por anormalidade,Assistência à mãe por malformação congênita do útero
O34.1,Assistência prestada à mãe por anormalidade,Assistência prestada à mãe por tumor do corpo do útero
O34.2,Assistência prestada à mãe por anormalidade,Assistência prestada à mãe por cicatriz uterina devida a uma cirurgia anterior
O34.3,Assistência prestada à mãe por anormalidade,Assistência prestada à mãe por incompetência cervical
O34.4,Assistência prestada à mãe por anormalidade,Assistência prestada à mãe por outras anormalidades do colo do útero
O34.5,Assistência prestada à mãe por anormalidade,Assistência prestada à mãe por outras anormalidades do útero gravídico
O34.6,Assistência prestada à mãe por anormalidade,Assistência prestada à mãe por anormalidade da vagina
O34.7,Assistência prestada à mãe por anormalidade,Assistência prestada à mãe por anormalidade da vulva e do períneo
O34.8,Assistência prestada à mãe por anormalidade,Assistência prestada à mãe por outras anormalidades dos órgãos pélvicos
O34.9,Assistência prestada à mãe por anormalidade,Assistência prestada à mãe por anormalidade de órgãos pélvicos
O35.0,Assistência prestada à mãe por anormalidade e lesão fetais,Assistência prestada à mãe por malformação do sistema nervoso central do feto (suspeitada)
O35.1,Assistência prestada à mãe por anormalidade e lesão fetais,Assistência prestada à mãe por anormalidade cromossômica (suspeitada) do feto
O35.2,Assistência prestada à mãe por anormalidade e lesão fetais,Assistência prestada à mãe por doença hereditária (suspeitada) do feto
O35.3,Assistência prestada à mãe por anormalidade e lesão fetais,Assistência prestada à mãe por lesão fetal (suspeitada) causada por doença viral materna
O35.4,Assistência prestada à mãe por anormalidade e lesão fetais,Assistência prestada à mãe por lesão (suspeitada) causada ao feto por alcoolismo materno
O35.5,Assistência prestada à mãe por anormalidade e lesão fetais,Assistência prestada à mãe por lesão fetal (suspeitada) causada por drogas
O35.6,Assistência prestada à mãe por anormalidade e lesão fetais,Assistência prestada à mãe por lesão fetal (suspeitada) causada por radiação
O35.7,Assistência prestada à mãe por anormalidade e lesão fetais,Assistência prestada à mãe por lesão fetal (suspeitada) causada por outros procedimentos médicos
O35.8,Assistência prestada à mãe por anormalidade e lesão fetais,Assistência prestada à mãe por outras anormalidades ou lesões fetais (suspeitadas)
O35.9,Assistência prestada à mãe por anormalidade e lesão fetais,Assistência prestada à mãe por lesão ou anormalidade fetais (suspeitadas)
O36.0,Assistência prestada à mãe por outros problemas fetais conhecidos ou suspeitados,Assistência prestada à mãe por isoimunização Rh
O36.1,Assistência prestada à mãe por outros problemas fetais conhecidos ou suspeitados,Assistência prestada à mãe por outros tipos de isoimunização
O36.2,Assistência prestada à mãe por outros problemas fetais conhecidos ou suspeitados,Assistência prestada à mãe por hidropsia fetal
O36.3,Assistência prestada à mãe por outros problemas fetais conhecidos ou suspeitados,Assistência prestada à mãe por sinais de hipóxia fetal
O36.4,Assistência prestada à mãe por outros problemas fetais conhecidos ou suspeitados,Assistência prestada à mãe por morte intra-uterina
O36.5,Assistência prestada à mãe por outros problemas fetais conhecidos ou suspeitados,Assistência prestada à mãe por insuficiência de crescimento fetal
O36.6,Assistência prestada à mãe por outros problemas fetais conhecidos ou suspeitados,Assistência prestada à mãe por crescimento fetal excessivo
O36.7,Assistência prestada à mãe por outros problemas fetais conhecidos ou suspeitados,Assistência prestada à mãe por feto viável em gravidez abdominal
O36.8,Assistência prestada à mãe por outros problemas fetais conhecidos ou suspeitados,Assistência prestada à mãe por outros problemas fetais especificados
O36.9,Assistência prestada à mãe por outros problemas fetais conhecidos ou suspeitados,Assistência prestada à mãe por problema fetal não especificado
O40,Polihidrâmnio,Polihidrâmnio
O41.0,Outros transtornos das membranas e do líquido amniótico,Oligohidrâmnio
O41.1,Outros transtornos das membranas e do líquido amniótico,Infecção do saco amniótico e das membranas
O41.8,Outros transtornos das membranas e do líquido amniótico,Outros transtornos especificados do líquido amniótico e das membranas
O41.9,Outros transtornos das membranas e do líquido amniótico,Transtornos do líquido amniótico e das membranas não especificados
O42.0,Ruptura prematura de membranas,Ruptura prematura de membranas
O42.1,Ruptura prematura de membranas,Ruptura prematura de membranas
O42.2,Ruptura prematura de membranas,Ruptura prematura de membranas
O42.9,Ruptura prematura de membranas,Ruptura prematura de membranas
O43.0,Transtornos da placenta,Síndromes de transfusão placentária
O43.1,Transtornos da placenta,Malformação da placenta
O43.8,Transtornos da placenta,Outros transtornos da placenta
O43.9,Transtornos da placenta,Transtorno da placenta
O44.0,Placenta prévia,Placenta prévia especificada como sem hemorragia
O44.1,Placenta prévia,Placenta prévia com hemorragia
O45.0,Descolamento prematuro da placenta [abruptio placentae],Descolamento prematuro da placenta com deficiência de coagulação
O45.8,Descolamento prematuro da placenta [abruptio placentae],Outro descolamento prematuro da placenta
O45.9,Descolamento prematuro da placenta [abruptio placentae],Descolamento prematuro da placenta
O46.0,Hemorragia anteparto não classificada em outra parte,Hemorragia anteparto com deficiência de coagulação
O46.8,Hemorragia anteparto não classificada em outra parte,Outra forma de hemorragia anteparto
O46.9,Hemorragia anteparto não classificada em outra parte,Hemorragia anteparto
O47.0,Falso trabalho de parto,Falso trabalho de parto antes de se completarem 37 semanas de gestação
O47.1,Falso trabalho de parto,Falso trabalho de parto na 37ª semana completa ou depois dela
O47.9,Falso trabalho de parto,Falso trabalho de parto
O48,Gravidez prolongada,Gravidez prolongada
O60.0,Trabalho de parto pré-termo,Trabalho de parto pré-termo sem parto
O60.1,Trabalho de parto pré-termo,Trabalho de parto pré-termo com parto pré-termo
O60.2,Trabalho de parto pré-termo,Trabalho de parto pré-termo com parto a termo
O61.0,Falha na indução do trabalho de parto,Falha na indução médica do trabalho de parto
O61.1,Falha na indução do trabalho de parto,Falha na indução instrumental do trabalho de parto
O61.8,Falha na indução do trabalho de parto,Outras formas de falha na indução do trabalho de parto
O61.9,Falha na indução do trabalho de parto,Falha na indução do trabalho de parto
O62.0,Anormalidades da contração uterina,Contrações iniciais inadequadas
O62.1,Anormalidades da contração uterina,Inércia uterina secundária
O62.2,Anormalidades da contração uterina,Outras formas de inércia uterina
O62.3,Anormalidades da contração uterina,Trabalho de parto precipitado
O62.4,Anormalidades da contração uterina,Contrações uterinas hipertônicas
O62.8,Anormalidades da contração uterina,Outras anormalidades da contração uterina
O62.9,Anormalidades da contração uterina,Anormalidades da contração uterina
O63.0,Trabalho de parto prolongado,Prolongamento do primeiro período (dilatação)
O63.1,Trabalho de parto prolongado,Prolongamento do segundo período (expulsão)
O63.2,Trabalho de parto prolongado,Parto retardado do segundo gêmeo
O63.9,Trabalho de parto prolongado,Trabalho de parto prolongado
O64.0,Obstrução do trabalho de parto devida à má-posição ou má-apresentação do feto,Obstrução do trabalho de parto devida à rotação incompleta do polo cefálico fetal
O64.1,Obstrução do trabalho de parto devida à má-posição ou má-apresentação do feto,Obstrução do trabalho de parto devida à apresentação pélvica
O64.2,Obstrução do trabalho de parto devida à má-posição ou má-apresentação do feto,Obstrução do trabalho de parto devida à apresentação de face
O64.3,Obstrução do trabalho de parto devida à má-posição ou má-apresentação do feto,Obstrução do trabalho de parto devida à apresentação de fronte
O64.4,Obstrução do trabalho de parto devida à má-posição ou má-apresentação do feto,Obstrução do trabalho de parto devida à apresentação de ombro
O64.5,Obstrução do trabalho de parto devida à má-posição ou má-apresentação do feto,Obstrução do trabalho de parto devida à apresentação complexa
O64.8,Obstrução do trabalho de parto devida à má-posição ou má-apresentação do feto,Obstrução do trabalho de parto devida a outras formas de má-apresentação e má-posição
O64.9,Obstrução do trabalho de parto devida à má-posição ou má-apresentação do feto,Obstrução do trabalho de parto devida a má-posição ou má-apresentação
O65.0,Obstrução do trabalho de parto devida a anormalidade pélvica da mãe,Obstrução do trabalho de parto devida a deformidade pélvica
O65.1,Obstrução do trabalho de parto devida a anormalidade pélvica da mãe,Obstrução do trabalho de parto devida à contração geral da pelve
O65.2,Obstrução do trabalho de parto devida a anormalidade pélvica da mãe,Obstrução do trabalho de parto devida à contração do estreito superior
O65.3,Obstrução do trabalho de parto devida a anormalidade pélvica da mãe,Obstrução do trabalho de parto devida à contração do estreito inferior ou da cavidade mediana
O65.4,Obstrução do trabalho de parto devida a anormalidade pélvica da mãe,Obstrução do trabalho de parto devida a desproporção feto-pélvica
O65.5,Obstrução do trabalho de parto devida a anormalidade pélvica da mãe,Obstrução do trabalho de parto devida a anormalidade dos órgãos pélvicos maternos
O65.8,Obstrução do trabalho de parto devida a anormalidade pélvica da mãe,Obstrução do trabalho de parto devida a outras anormalidades pélvicas maternas
O65.9,Obstrução do trabalho de parto devida a anormalidade pélvica da mãe,Obstrução do trabalho de parto devida a anormalidades pélvicas maternas não especificadas
O66.0,Outras formas de obstrução do trabalho de parto,Obstrução do trabalho de parto devido a distócia de ombro
O66.1,Outras formas de obstrução do trabalho de parto,Obstrução do trabalho de parto por colisão de gêmeos
O66.2,Outras formas de obstrução do trabalho de parto,Obstrução do trabalho de parto por feto excepcionalmente grande
O66.3,Outras formas de obstrução do trabalho de parto,Obstrução do trabalho de parto devido a outras anormalidades do feto
O66.4,Outras formas de obstrução do trabalho de parto,Falha de tentativa de trabalho de parto
O66.5,Outras formas de obstrução do trabalho de parto,Falha de aplicação de fórceps e vácuo-extrator
O66.8,Outras formas de obstrução do trabalho de parto,Outras formas de obstrução do trabalho de parto
O66.9,Outras formas de obstrução do trabalho de parto,Obstrução do trabalho de parto
O67.0,Trabalho de parto e parto complicados por hemorragia intraparto não classificados em outra parte,Hemorragia intraparto com deficiência de coagulação
O67.8,Trabalho de parto e parto complicados por hemorragia intraparto não classificados em outra parte,Outras hemorragias intraparto
O67.9,Trabalho de parto e parto complicados por hemorragia intraparto não classificados em outra parte,Hemorragia intraparto não especificada
O68.0,Trabalho de parto e parto complicados por sofrimento fetal,Trabalho de parto e parto complicados por anormalidade da freqüência cardíaca fetal
O68.1,Trabalho de parto e parto complicados por sofrimento fetal,Trabalho de parto e parto complicados por mecônio no líquido amniótico
O68.2,Trabalho de parto e parto complicados por sofrimento fetal,Trabalho de parto e parto complicados por anormalidade na freqüência cardíaca fetal com mecônio no líquido amniótico
O68.3,Trabalho de parto e parto complicados por sofrimento fetal,Trabalho de parto e parto complicados por evidências bioquímicas de sofrimento fetal
O68.8,Trabalho de parto e parto complicados por sofrimento fetal,Trabalho de parto e parto complicados por outras evidências de sofrimento fetal
O68.9,Trabalho de parto e parto complicados por sofrimento fetal,Trabalho de parto e parto complicados por sofrimento fetal
O69.0,Trabalho de parto e parto complicados por anormalidade do cordão umbilical,Trabalho de parto e parto complicados por prolapso do cordão
O69.1,Trabalho de parto e parto complicados por anormalidade do cordão umbilical,Trabalho de parto e parto complicados por circular de cordão
O69.2,Trabalho de parto e parto complicados por anormalidade do cordão umbilical,Trabalho de parto e parto complicados por outros enovelamentos do cordão
O69.3,Trabalho de parto e parto complicados por anormalidade do cordão umbilical,Trabalho de parto e parto complicados por cordão curto
O69.4,Trabalho de parto e parto complicados por anormalidade do cordão umbilical,Trabalho de parto e parto complicados por vasa praevia
O69.5,Trabalho de parto e parto complicados por anormalidade do cordão umbilical,Trabalho de parto e parto complicados por lesão vascular do cordão
O69.8,Trabalho de parto e parto complicados por anormalidade do cordão umbilical,Trabalho de parto e parto complicados por outras complicações do cordão
O69.9,Trabalho de parto e parto complicados por anormalidade do cordão umbilical,Trabalho de parto e parto complicados por complicações do cordão
O70.0,Laceração do períneo durante o parto,Laceração de períneo de primeiro grau durante o parto
O70.1,Laceração do períneo durante o parto,Laceração de períneo de segundo grau durante o parto
O70.2,Laceração do períneo durante o parto,Laceração de períneo de terceiro grau durante o parto
O70.3,Laceração do períneo durante o parto,Laceração de períneo de quarto grau durante o parto
O70.9,Laceração do períneo durante o parto,Laceração de períneo durante o parto
O71.0,Outros traumatismos obstétricos,Ruptura do útero antes do início do trabalho de parto
O71.1,Outros traumatismos obstétricos,Ruptura do útero durante o trabalho de parto
O71.2,Outros traumatismos obstétricos,Inversão do útero pós-parto
O71.3,Outros traumatismos obstétricos,Laceração obstétrica do colo do útero
O71.4,Outros traumatismos obstétricos,Laceração vaginal alta isolada
O71.5,Outros traumatismos obstétricos,Outras lesões obstétricas aos órgãos pélvicos
O71.6,Outros traumatismos obstétricos,Lesão obstétrica das articulações e dos ligamentos pélvicos
O71.7,Outros traumatismos obstétricos,Hematoma obstétrico da pelve
O71.8,Outros traumatismos obstétricos,Outros traumatismos obstétricos especificados
O71.9,Outros traumatismos obstétricos,Traumatismo obstétrico
O72.0,Hemorragia pós-parto,Hemorragia do terceiro estágio
O72.1,Hemorragia pós-parto,Outras hemorragias do pós-parto imediato
O72.2,Hemorragia pós-parto,Hemorragias pós-parto
O72.3,Hemorragia pós-parto,Deficiências de coagulação pós-parto
O73.0,Retenção da placenta e das membranas,Retenção da placenta sem hemorragia
O73.1,Retenção da placenta e das membranas,Retenção de partes da placenta ou das membranas
O74.0,Complicações de anestesia durante o trabalho de parto e o parto,Pneumonite aspirativa devida a anestesia durante o trabalho de parto e o parto
O74.1,Complicações de anestesia durante o trabalho de parto e o parto,Outras complicações pulmonares devidas a anestesia durante o trabalho de parto e no parto
O74.2,Complicações de anestesia durante o trabalho de parto e o parto,Complicações cardíacas devidas a anestesia durante o trabalho de parto e no parto
O74.3,Complicações de anestesia durante o trabalho de parto e o parto,Complicações do sistema nervoso central devidas a anestesia durante o trabalho de parto e no parto
O74.4,Complicações de anestesia durante o trabalho de parto e o parto,Reação tóxica a anestesia local durante trabalho de parto e o parto
O74.5,Complicações de anestesia durante o trabalho de parto e o parto,Cefaléia pós-anestesia raquidiana e peridural
O74.6,Complicações de anestesia durante o trabalho de parto e o parto,Outras complicações de anestesia raquidiana ou peridural
O74.7,Complicações de anestesia durante o trabalho de parto e o parto,Falha ou dificuldade de entubação durante o trabalho de parto e parto
O74.8,Complicações de anestesia durante o trabalho de parto e o parto,Outras complicações de anestesia durante o trabalho de parto e parto
O74.9,Complicações de anestesia durante o trabalho de parto e o parto,Complicações de anestesia durante o trabalho de parto e parto
O75.0,Outras complicações do trabalho de parto e do parto não classificadas em outra parte,Sofrimento materno durante o trabalho de parto e o parto
O75.1,Outras complicações do trabalho de parto e do parto não classificadas em outra parte,Choque durante ou subseqüente ao trabalho de parto e o parto
O75.2,Outras complicações do trabalho de parto e do parto não classificadas em outra parte,Febre durante o trabalho de parto não classificada em outra parte
O75.3,Outras complicações do trabalho de parto e do parto não classificadas em outra parte,Outras infecções durante o trabalho de parto
O75.4,Outras complicações do trabalho de parto e do parto não classificadas em outra parte,Outras complicações de procedimentos ou de cirurgia obstétrica
O75.5,Outras complicações do trabalho de parto e do parto não classificadas em outra parte,Demora do parto após ruptura artificial das membranas
O75.6,Outras complicações do trabalho de parto e do parto não classificadas em outra parte,Demora do parto após ruptura espontânea ou não especificada das membranas
O75.7,Outras complicações do trabalho de parto e do parto não classificadas em outra parte,Parto vaginal subseqüente a cesariana anterior
O75.8,Outras complicações do trabalho de parto e do parto não classificadas em outra parte,Outras complicações especificadas do trabalho de parto e do parto
O75.9,Outras complicações do trabalho de parto e do parto não classificadas em outra parte,Complicações do trabalho de parto e do parto
O80.0,Parto único espontâneo,Parto espontâneo cefálico
O80.1,Parto único espontâneo,Parto espontâneo pélvico
O80.8,Parto único espontâneo,Outros tipos de parto único espontâneo
O80.9,Parto único espontâneo,Parto único espontâneo
O81.0,Parto único por fórceps ou vácuo-extrator,Parto por fórceps baixo
O81.1,Parto único por fórceps ou vácuo-extrator,Parto por fórceps da cavidade mediana
O81.2,Parto único por fórceps ou vácuo-extrator,Fórceps da cavidade mediana com rotação
O81.3,Parto único por fórceps ou vácuo-extrator,Outros tipos de parto por fórceps e os não especificados
O81.4,Parto único por fórceps ou vácuo-extrator,Parto por vácuo-extrator
O81.5,Parto único por fórceps ou vácuo-extrator,Parto por combinação de fórceps e vácuo-extrator
O82.0,Parto único por cesariana,Parto por cesariana eletiva
O82.1,Parto único por cesariana,Parto por cesariana de emergência
O82.2,Parto único por cesariana,Parto por cesariana para histerectomia
O82.8,Parto único por cesariana,Outros tipos de parto único por cesariana
O82.9,Parto único por cesariana,Parto por cesariana
O83.0,Outros tipos de parto único assistido,Extração pélvica
O83.1,Outros tipos de parto único assistido,Outros tipos de parto pélvico assistido
O83.2,Outros tipos de parto único assistido,Outras formas de parto com o auxílio de manipulação
O83.3,Outros tipos de parto único assistido,Parto de gravidez intra-abdominal com feto viável
O83.4,Outros tipos de parto único assistido,Cirurgia destrutiva para facilitar o parto
O83.8,Outros tipos de parto único assistido,Outros tipos especificados de parto único assistido
O83.9,Outros tipos de parto único assistido,Parto único assistido
O84.0,Parto múltiplo,Parto múltiplo
O84.1,Parto múltiplo,Parto múltiplo
O84.2,Parto múltiplo,Parto múltiplo
O84.8,Parto múltiplo,Outro tipo de parto múltiplo
O84.9,Parto múltiplo,Parto múltiplo
O85,Infecção puerperal,Infecção puerperal
O86.0,Outras infecções puerperais,Infecção da incisão cirúrgica de origem obstétrica
O86.1,Outras infecções puerperais,Outras infecções dos órgãos genitais subseqüentes ao parto
O86.2,Outras infecções puerperais,Infecção das vias urinárias subseqüentes ao parto
O86.3,Outras infecções puerperais,Outras infecções das vias genitourinárias subseqüentes ao parto
O86.4,Outras infecções puerperais,Febre de origem desconhecida subseqüente ao parto
O86.8,Outras infecções puerperais,Outras infecções puerperais especificadas
O87.0,Complicações venosas no puerpério,Tromboflebite superficial no puerpério
O87.1,Complicações venosas no puerpério,Tromboflebite profunda no puerpério
O87.2,Complicações venosas no puerpério,Hemorróidas no puerpério
O87.3,Complicações venosas no puerpério,Trombose venosa cerebral no puerpério
O87.8,Complicações venosas no puerpério,Outras complicações venosas no puerpério
O87.9,Complicações venosas no puerpério,Complicações venosas no puerpério
O88.0,Embolia de origem obstétrica,Embolia gasosa de origem obstétrica
O88.1,Embolia de origem obstétrica,Embolia amniótica
O88.2,Embolia de origem obstétrica,Embolia obstétrica por coágulo de sangue
O88.3,Embolia de origem obstétrica,Embolia séptica ou piêmica de origem obstétrica
O88.8,Embolia de origem obstétrica,Outras embolias de origem obstétrica
O89.0,Complicações da anestesia administrada durante o puerpério,Complicações pulmonares da anestesia durante o puerpério
O89.1,Complicações da anestesia administrada durante o puerpério,Complicações cardíacas devidas a anestesia durante o puerpério
O89.2,Complicações da anestesia administrada durante o puerpério,Complicações relativas ao sistema nervoso central devidas a anestesia durante o puerpério
O89.3,Complicações da anestesia administrada durante o puerpério,Reação tóxica a uma anestesia local durante o puerpério
O89.4,Complicações da anestesia administrada durante o puerpério,Cefaléia provocada por uma anestesia raquidiana ou peridural
O89.5,Complicações da anestesia administrada durante o puerpério,Outras complicações de anestesia raquidiana ou peridural
O89.6,Complicações da anestesia administrada durante o puerpério,Falha na ou dificuldade de entubação
O89.8,Complicações da anestesia administrada durante o puerpério,Outras complicações da anestesia durante o puerpério
O89.9,Complicações da anestesia administrada durante o puerpério,Complicação devida a anestesia
O90.0,Complicações do puerpério não classificadas em outra parte,Ruptura da incisão de cesariana
O90.1,Complicações do puerpério não classificadas em outra parte,Ruptura da incisão obstétrica
O90.2,Complicações do puerpério não classificadas em outra parte,Hematoma da incisão obstétrica
O90.3,Complicações do puerpério não classificadas em outra parte,Cardiomiopatia no puerpério
O90.4,Complicações do puerpério não classificadas em outra parte,Insuficiência renal aguda do pós-parto
O90.5,Complicações do puerpério não classificadas em outra parte,Tireoidite do pós-parto
O90.8,Complicações do puerpério não classificadas em outra parte,Outras complicações do puerpério
O90.9,Complicações do puerpério não classificadas em outra parte,Complicação do puerpério não especificada
O91.0,Infecções mamárias associadas ao parto,Infecção do mamilo associada ao parto
O91.1,Infecções mamárias associadas ao parto,Abscesso da mama associada ao parto
O91.2,Infecções mamárias associadas ao parto,Mastite não purulenta associada ao parto
O92.0,Outras afecções da mama e da lactação associadas ao parto,Mamilo retraído associado ao parto
O92.1,Outras afecções da mama e da lactação associadas ao parto,Fissuras do mamilo associadas ao parto
O92.2,Outras afecções da mama e da lactação associadas ao parto,Outras afecções da mama
O92.3,Outras afecções da mama e da lactação associadas ao parto,Agalactia
O92.4,Outras afecções da mama e da lactação associadas ao parto,Hipogalactia
O92.5,Outras afecções da mama e da lactação associadas ao parto,Suspensão da lactação
O92.6,Outras afecções da mama e da lactação associadas ao parto,Galactorréia
O92.7,Outras afecções da mama e da lactação associadas ao parto,Outros distúrbios da lactação e os não especificados
O94,Seqüelas de complicações da gravidez,Seqüelas de complicações da gravidez
O95,Morte obstétrica de causa não especificada,Morte obstétrica de causa não especificada
O96,Morte,Morte
O97,Morte por seqüelas de causas obstétricas diretas,Morte por seqüelas de causas obstétricas diretas
O98.0,Doenças infecciosas e parasitárias maternas classificáveis em outra parte mas que compliquem a gravidez,Tuberculose complicando a gravidez
O98.1,Doenças infecciosas e parasitárias maternas classificáveis em outra parte mas que compliquem a gravidez,Sífilis complicando a gravidez
O98.2,Doenças infecciosas e parasitárias maternas classificáveis em outra parte mas que compliquem a gravidez,Gonorréia complicando a gravidez
O98.3,Doenças infecciosas e parasitárias maternas classificáveis em outra parte mas que compliquem a gravidez,Outras infecções em que a via de transmissão é predominantemente sexual
O98.4,Doenças infecciosas e parasitárias maternas classificáveis em outra parte mas que compliquem a gravidez,Hepatite viral complicando a gravidez
O98.5,Doenças infecciosas e parasitárias maternas classificáveis em outra parte mas que compliquem a gravidez,Outras doenças virais complicando a gravidez
O98.6,Doenças infecciosas e parasitárias maternas classificáveis em outra parte mas que compliquem a gravidez,Doenças causadas por protozoários complicando a gravidez
O98.8,Doenças infecciosas e parasitárias maternas classificáveis em outra parte mas que compliquem a gravidez,Outras doenças infecciosas e parasitárias maternas complicando a gravidez
O98.9,Doenças infecciosas e parasitárias maternas classificáveis em outra parte mas que compliquem a gravidez,Doenças infecciosas e parasitárias maternas
O99.0,Outras doenças da mãe,Anemia complicando a gravidez
O99.1,Outras doenças da mãe,Outras doenças do sangue e dos órgãos hematopoéticos e alguns transtornos que comprometem o sistema imunológico
O99.2,Outras doenças da mãe,Doenças endócrinas
O99.3,Outras doenças da mãe,Transtornos mentais e doenças do sistema nervoso complicando a gravidez
O99.4,Outras doenças da mãe,Doenças do aparelho circulatório complicando a gravidez
O99.5,Outras doenças da mãe,Doenças do aparelho respiratório complicando a gravidez
O99.6,Outras doenças da mãe,Doenças do aparelho digestivo complicando a gravidez
O99.7,Outras doenças da mãe,Doenças da pele e do tecido subcutâneo complicando a gravidez
O99.8,Outras doenças da mãe,Outras doenças e afecções especificadas complicando a gravidez
P00.0,Feto e recém-nascido afetados por afecções maternas,Feto e recém-nascido afetados por transtornos maternos hipertensivos
P00.1,Feto e recém-nascido afetados por afecções maternas,Feto e recém-nascido afetados por doenças maternas renais e das vias urinárias
P00.2,Feto e recém-nascido afetados por afecções maternas,Feto e recém-nascido afetados por doenças infecciosas e parasitárias da mãe
P00.3,Feto e recém-nascido afetados por afecções maternas,Feto e recém-nascido afetados por outras doenças circulatórias e respiratórias maternas
P00.4,Feto e recém-nascido afetados por afecções maternas,Feto e recém-nascido afetados por transtornos nutricionais maternos
P00.5,Feto e recém-nascido afetados por afecções maternas,Feto e recém-nascido afetados por traumatismo materno
P00.6,Feto e recém-nascido afetados por afecções maternas,Feto e recém-nascido afetados por intervenção cirúrgica na mãe
P00.7,Feto e recém-nascido afetados por afecções maternas,Feto e recém-nascido afetados por outros procedimentos médicos na mãe
P00.8,Feto e recém-nascido afetados por afecções maternas,Feto e recém-nascido afetados por outras afecções maternas
P00.9,Feto e recém-nascido afetados por afecções maternas,Feto e recém-nascido afetados por afecção materna não especificada
P01.0,Feto e recém-nascido afetados por complicações maternas da gravidez,Feto e recém-nascido afetados por incompetência do colo uterino
P01.1,Feto e recém-nascido afetados por complicações maternas da gravidez,Feto e recém-nascido afetados por ruptura prematura das membranas
P01.2,Feto e recém-nascido afetados por complicações maternas da gravidez,Feto e recém-nascido afetados por oligohidrâmnio
P01.3,Feto e recém-nascido afetados por complicações maternas da gravidez,Feto e recém-nascido afetados por polihidrâmnio
P01.4,Feto e recém-nascido afetados por complicações maternas da gravidez,Feto e recém-nascido afetados por gravidez ectópica
P01.5,Feto e recém-nascido afetados por complicações maternas da gravidez,Feto e recém-nascido afetados por gravidez múltipla
P01.6,Feto e recém-nascido afetados por complicações maternas da gravidez,Feto e recém-nascido afetados por morte materna
P01.7,Feto e recém-nascido afetados por complicações maternas da gravidez,Feto e recém-nascido afetados por apresentação anormal antes do trabalho de parto
P01.8,Feto e recém-nascido afetados por complicações maternas da gravidez,Feto e recém-nascido afetados por outras complicações maternas da gravidez
P01.9,Feto e recém-nascido afetados por complicações maternas da gravidez,Feto e recém-nascido afetados por afecções maternas da gravidez
P02.0,Feto e recém-nascido afetados por complicações da placenta,Feto e recém-nascido afetados por placenta prévia
P02.1,Feto e recém-nascido afetados por complicações da placenta,Feto e recém-nascido afetados por outras formas de descolamento da placenta e hemorragia
P02.2,Feto e recém-nascido afetados por complicações da placenta,Feto e recém-nascido afetados por outras anormalidades morfológicas e funcionais da placenta e as não especificadas
P02.3,Feto e recém-nascido afetados por complicações da placenta,Feto e recém-nascido afetados por síndromes de transfusão placentária
P02.4,Feto e recém-nascido afetados por complicações da placenta,Feto e recém-nascido afetados por prolapso de cordão umbilical
P02.5,Feto e recém-nascido afetados por complicações da placenta,Feto e recém-nascido afetados por outras compressões do cordão umbilical
P02.6,Feto e recém-nascido afetados por complicações da placenta,Feto e recém-nascido afetados por outras afecções do cordão umbilical e as não especificadas
P02.7,Feto e recém-nascido afetados por complicações da placenta,Feto e recém-nascido afetados por corioamnionite
P02.8,Feto e recém-nascido afetados por complicações da placenta,Feto e recém-nascido afetados por outras anormalidades das membranas
P02.9,Feto e recém-nascido afetados por complicações da placenta,Feto e recém-nascido afetados por anormalidade não especificada das membranas
P03.0,Feto e recém-nascido afetados por outras complicações do trabalho de parto e do parto,Feto e recém-nascido afetados por parto e extração pélvicas
P03.1,Feto e recém-nascido afetados por outras complicações do trabalho de parto e do parto,Feto e recém-nascido afetados por outras apresentações anormais
P03.2,Feto e recém-nascido afetados por outras complicações do trabalho de parto e do parto,Feto e recém-nascido afetados por parto por fórceps
P03.3,Feto e recém-nascido afetados por outras complicações do trabalho de parto e do parto,Feto e recém-nascido afetados por parto por vácuo-extrator [ventosa]
P03.4,Feto e recém-nascido afetados por outras complicações do trabalho de parto e do parto,Feto e recém-nascido afetados por parto por cesariana
P03.5,Feto e recém-nascido afetados por outras complicações do trabalho de parto e do parto,Feto e recém-nascido afetados por parto precipitado
P03.6,Feto e recém-nascido afetados por outras complicações do trabalho de parto e do parto,Feto e recém-nascido afetados por contrações uterinas anormais
P03.8,Feto e recém-nascido afetados por outras complicações do trabalho de parto e do parto,Feto e recém-nascido afetados por outras complicações especificadas do trabalho de parto e do parto
P03.9,Feto e recém-nascido afetados por outras complicações do trabalho de parto e do parto,Feto e recém-nascido afetados por complicações não especificadas do trabalho de parto e do parto
P04.0,Feto e recém-nascido afetados por influências nocivas transmitidas ao feto via placenta ou leite materno,Feto e recém-nascido afetados por anestesia e analgesia materna durante a gravidez
P04.1,Feto e recém-nascido afetados por influências nocivas transmitidas ao feto via placenta ou leite materno,Feto e recém-nascido afetados por outros medicamentos utilizados pela mãe
P04.2,Feto e recém-nascido afetados por influências nocivas transmitidas ao feto via placenta ou leite materno,Feto e recém-nascido afetados pelo uso de fumo pela mãe
P04.3,Feto e recém-nascido afetados por influências nocivas transmitidas ao feto via placenta ou leite materno,Feto e recém-nascido afetados pelo uso de álcool pela mãe
P04.4,Feto e recém-nascido afetados por influências nocivas transmitidas ao feto via placenta ou leite materno,Feto e recém-nascido afetados pelo uso de drogas que causam dependência pela mãe
P04.5,Feto e recém-nascido afetados por influências nocivas transmitidas ao feto via placenta ou leite materno,Feto e recém-nascido afetados por uso materno de substâncias químicas dos alimentos
P04.6,Feto e recém-nascido afetados por influências nocivas transmitidas ao feto via placenta ou leite materno,Feto e recém-nascido afetados pela exposição da mãe a substâncias químicas do meio ambiente
P04.8,Feto e recém-nascido afetados por influências nocivas transmitidas ao feto via placenta ou leite materno,Feto e recém-nascido afetados por outras influências nocivas maternas
P04.9,Feto e recém-nascido afetados por influências nocivas transmitidas ao feto via placenta ou leite materno,Feto e recém-nascido afetados por influências nocivas maternas não especificadas
P05.0,Crescimento fetal retardado e desnutrição fetal,Recém-nascido de baixo peso para a idade gestacional
P05.1,Crescimento fetal retardado e desnutrição fetal,Pequeno para a idade gestacional
P05.2,Crescimento fetal retardado e desnutrição fetal,Desnutrição fetal sem menção de peso e comprimento baixos para a idade gestacional
P05.9,Crescimento fetal retardado e desnutrição fetal,Retardo não especificado do crescimento fetal
P07.0,Transtornos relacionados com a gestação de curta duração e peso baixo ao nascer não classificados em outra parte,Recém-nascido com peso muito baixo
P07.1,Transtornos relacionados com a gestação de curta duração e peso baixo ao nascer não classificados em outra parte,Outros recém-nascidos de peso baixo
P07.2,Transtornos relacionados com a gestação de curta duração e peso baixo ao nascer não classificados em outra parte,Imaturidade extrema
P07.3,Transtornos relacionados com a gestação de curta duração e peso baixo ao nascer não classificados em outra parte,Outros recém-nascidos de pré-termo
P08.0,Transtornos relacionados com a gestação prolongada e peso elevado ao nascer,Recém-nascido de tamanho excessivamente grande
P08.1,Transtornos relacionados com a gestação prolongada e peso elevado ao nascer,Outros recém-nascidos grandes para a idade gestacional
P08.2,Transtornos relacionados com a gestação prolongada e peso elevado ao nascer,Recém-nascido pós-termo
P10.0,Laceração intracraniana e hemorragia devidas a traumatismo de parto,Hemorragia subdural devida a traumatismo de parto
P10.1,Laceração intracraniana e hemorragia devidas a traumatismo de parto,Hemorragia cerebral devida a traumatismo de parto
P10.2,Laceração intracraniana e hemorragia devidas a traumatismo de parto,Hemorragia intraventricular devida a traumatismo de parto
P10.3,Laceração intracraniana e hemorragia devidas a traumatismo de parto,Hemorragia subaracnoídea devida a traumatismo de parto
P10.4,Laceração intracraniana e hemorragia devidas a traumatismo de parto,Ruptura tentorial devida a traumatismo de parto
P10.8,Laceração intracraniana e hemorragia devidas a traumatismo de parto,Outras lacerações e hemorragias intracranianas devidas a traumatismo de parto
P10.9,Laceração intracraniana e hemorragia devidas a traumatismo de parto,Laceração e hemorragia intracranianas não especificadas devidas a traumatismo de parto
P11.0,Outros traumatismos de parto do sistema nervoso central,Edema cerebral devido a traumatismo de parto
P11.1,Outros traumatismos de parto do sistema nervoso central,Outras lesões cerebrais especificadas devidas a traumatismo de parto
P11.2,Outros traumatismos de parto do sistema nervoso central,Lesão cerebral não especificada devida a traumatismo de parto
P11.3,Outros traumatismos de parto do sistema nervoso central,Traumatismo de parto do nervo facial
P11.4,Outros traumatismos de parto do sistema nervoso central,Traumatismo de parto de outros nervos cranianos
P11.5,Outros traumatismos de parto do sistema nervoso central,Traumatismo de parto da coluna e da medula espinhal
P11.9,Outros traumatismos de parto do sistema nervoso central,Traumatismo de parto não especificado do sistema nervoso central
P12.0,Lesão do couro cabeludo devida a traumatismo de parto,Céfalo-hematoma devido a traumatismo de parto
P12.1,Lesão do couro cabeludo devida a traumatismo de parto,Chignon devido a traumatismo de parto
P12.2,Lesão do couro cabeludo devida a traumatismo de parto,Hemorragia subaponeurótica epicraniana devida a traumatismo de parto
P12.3,Lesão do couro cabeludo devida a traumatismo de parto,Esmagamento do couro cabeludo devido a traumatismo de parto
P12.4,Lesão do couro cabeludo devida a traumatismo de parto,Lesão por monitorização do couro cabeludo do recém-nascido
P12.8,Lesão do couro cabeludo devida a traumatismo de parto,Outras lesões do couro cabeludo devidas a traumatismo de parto
P12.9,Lesão do couro cabeludo devida a traumatismo de parto,Lesão não especificada do couro cabeludo devida a traumatismo de parto
P13.0,Lesões do esqueleto devidas a traumatismo de parto,Fratura de crânio devida a traumatismo de parto
P13.1,Lesões do esqueleto devidas a traumatismo de parto,Outras lesões cranianas devidas a traumatismo de parto
P13.2,Lesões do esqueleto devidas a traumatismo de parto,Lesão do fêmur devida a traumatismo de parto
P13.3,Lesões do esqueleto devidas a traumatismo de parto,Lesão de outros ossos longos devida a traumatismo de parto
P13.4,Lesões do esqueleto devidas a traumatismo de parto,Fratura da clavícula devida a traumatismo de parto
P13.8,Lesões do esqueleto devidas a traumatismo de parto,Lesões de outras partes do esqueleto devidas a traumatismo de parto
P13.9,Lesões do esqueleto devidas a traumatismo de parto,Lesões não especificadas do esqueleto devidas a traumatismo de parto
P14.0,Lesões ao nascer do sistema nervoso periférico,Paralisia de Erb devida a traumatismo de parto
P14.1,Lesões ao nascer do sistema nervoso periférico,Paralisia de Klumpke devida a traumatismo de parto
P14.2,Lesões ao nascer do sistema nervoso periférico,Paralisia do nervo frênico devida a traumatismo de parto
P14.3,Lesões ao nascer do sistema nervoso periférico,Outras lesões do plexo braquial devidas a traumatismo de parto
P14.8,Lesões ao nascer do sistema nervoso periférico,Outras lesões de outras partes do sistema nervoso periférico devidas a traumatismo de parto
P14.9,Lesões ao nascer do sistema nervoso periférico,Lesão não especificada do sistema nervoso periférico devida a traumatismo de parto
P15.0,Outros traumatismos de parto,Lesão do fígado devida a traumatismo de parto
P15.1,Outros traumatismos de parto,Lesão do baço devida a traumatismo de parto
P15.2,Outros traumatismos de parto,Lesão do esternomastóide devida a traumatismo de parto
P15.3,Outros traumatismos de parto,Lesão dos olhos devida a traumatismo de parto
P15.4,Outros traumatismos de parto,Lesão da face ao nascer
P15.5,Outros traumatismos de parto,Lesão dos órgãos genitais externos devida a traumatismo de parto
P15.6,Outros traumatismos de parto,Necrose de gordura subcutânea devida a traumatismo de parto
P15.8,Outros traumatismos de parto,Outros traumatismos de parto especificados
P15.9,Outros traumatismos de parto,Traumatismo de parto não especificado
P20.0,Hipóxia intra-uterina,Hipóxia intra-uterina diagnosticada antes do início do trabalho de parto
P20.1,Hipóxia intra-uterina,Hipóxia intra-uterina diagnosticada durante o trabalho de parto e o parto
P20.9,Hipóxia intra-uterina,Hipóxia intra-uterina não especificada
P21.0,Asfixia ao nascer,Asfixia grave ao nascer
P21.1,Asfixia ao nascer,Asfixia leve ou moderada ao nascer
P21.9,Asfixia ao nascer,Asfixia ao nascer não especificada
P22.0,Desconforto (angústia) respiratório(a) do recém-nascido,Síndrome da angústia respiratória do recém-nascido
P22.1,Desconforto (angústia) respiratório(a) do recém-nascido,Taquipnéia transitória do recém-nascido
P22.8,Desconforto (angústia) respiratório(a) do recém-nascido,Outros desconfortos respiratórios do recém-nascido
P22.9,Desconforto (angústia) respiratório(a) do recém-nascido,Desconforto respiratório não especificado do recém-nascido
P23.0,Pneumonia congênita,Pneumonia congênita devida a agente viral
P23.1,Pneumonia congênita,Pneumonia congênita devida a Clamídia
P23.2,Pneumonia congênita,Pneumonia congênita devida a estafilococo
P23.3,Pneumonia congênita,Pneumonia congênita devida a estreptococo do grupo B
P23.4,Pneumonia congênita,Pneumonia congênita devida a Escherichia coli
P23.5,Pneumonia congênita,Pneumonia congênita devida a Pseudomonas
P23.6,Pneumonia congênita,Pneumonia congênita devida a outros agentes bacterianos
P23.8,Pneumonia congênita,Pneumonia congênita devida a outros organismos
P23.9,Pneumonia congênita,Pneumonia congênita não especificada
P24.0,Síndrome de aspiração neonatal,Aspiração neonatal de mecônio
P24.1,Síndrome de aspiração neonatal,Aspiração neonatal de líquido amniótico e muco
P24.2,Síndrome de aspiração neonatal,Aspiração neonatal de sangue
P24.3,Síndrome de aspiração neonatal,Aspiração neonatal de leite e alimento regurgitados
P24.8,Síndrome de aspiração neonatal,Outras síndromes de aspiração neonatais
P24.9,Síndrome de aspiração neonatal,Síndrome de aspiração neonatal não especificada
P25.0,Enfisema intersticial e afecções correlatas originadas no período perinatal,Enfisema intersticial originado no período perinatal
P25.1,Enfisema intersticial e afecções correlatas originadas no período perinatal,Pneumotórax originado no período perinatal
P25.2,Enfisema intersticial e afecções correlatas originadas no período perinatal,Pneumomediastino originado no período perinatal
P25.3,Enfisema intersticial e afecções correlatas originadas no período perinatal,Pneumopericárdio originado no período perinatal
P25.8,Enfisema intersticial e afecções correlatas originadas no período perinatal,Outras afecções relacionadas com o enfisema intersticial originadas no período perinatal
P26.0,Hemorragia pulmonar originada no período perinatal,Hemorragia traqueobrônquica originada no período perinatal
P26.1,Hemorragia pulmonar originada no período perinatal,Hemorragia pulmonar maciça originada no período perinatal
P26.8,Hemorragia pulmonar originada no período perinatal,Outras hemorragias pulmonares originadas no período perinatal
P26.9,Hemorragia pulmonar originada no período perinatal,Hemorragia pulmonar não especificada originada no período perinatal
P27.0,Doença respiratória crônica originada no período perinatal,Síndrome de Wilson-Mikity
P27.1,Doença respiratória crônica originada no período perinatal,Displasia broncopulmonar originada no período perinatal
P27.8,Doença respiratória crônica originada no período perinatal,Outras doenças respiratórias crônicas originadas no período perinatal
P27.9,Doença respiratória crônica originada no período perinatal,Doença respiratória crônica não especificada originada no período perinatal
P28.0,Outras afecções respiratórias originadas no período perinatal,Atelectasia primária do recém-nascido
P28.1,Outras afecções respiratórias originadas no período perinatal,Outras atelectasias do recém-nascido e as não especificadas
P28.2,Outras afecções respiratórias originadas no período perinatal,Crises cianóticas do recém-nascido
P28.3,Outras afecções respiratórias originadas no período perinatal,Apnéia primária do sono do recém-nascido
P28.4,Outras afecções respiratórias originadas no período perinatal,Outras apnéias do recém-nascido
P28.5,Outras afecções respiratórias originadas no período perinatal,Insuficiência respiratória do recém-nascido
P28.8,Outras afecções respiratórias originadas no período perinatal,Outras afecções respiratórias especificadas do recém-nascido
P28.9,Outras afecções respiratórias originadas no período perinatal,Afecção respiratória do recém-nascido não especificada
P29.0,Transtornos cardiovasculares originados no período perinatal,Insuficiência cardíaca neonatal
P29.1,Transtornos cardiovasculares originados no período perinatal,Disritmia cardíaca neonatal
P29.2,Transtornos cardiovasculares originados no período perinatal,Hipertensão neonatal
P29.3,Transtornos cardiovasculares originados no período perinatal,Persistência da circulação fetal
P29.4,Transtornos cardiovasculares originados no período perinatal,Isquemia miocárdica transitória do recém-nascido
P29.8,Transtornos cardiovasculares originados no período perinatal,Outros transtornos cardiovasculares originados no período perinatal
P29.9,Transtornos cardiovasculares originados no período perinatal,Transtornos cardiovasculares não especificados originados no período perinatal
P35.0,Doenças virais congênitas,Síndrome da rubéola congênita
P35.1,Doenças virais congênitas,Infecção congênita por citomegalovirus
P35.2,Doenças virais congênitas,Infecção congênita por vírus do herpes [simples]
P35.3,Doenças virais congênitas,Hepatite viral congênita
P35.8,Doenças virais congênitas,Outras doenças virais congênitas
P35.9,Doenças virais congênitas,Doença viral congênita não especificada
P36.0,Septicemia bacteriana do recém-nascido,Septicemia do recém-nascido devida a estreptococo do grupo B
P36.1,Septicemia bacteriana do recém-nascido,Septicemia do recém-nascido devida a outros estreptococos e aos não especificados
P36.2,Septicemia bacteriana do recém-nascido,Septicemia do recém-nascido devida ao Stafilococcus aureus
P36.3,Septicemia bacteriana do recém-nascido,Septicemia do recém-nascido devida a outros estafilococos e aos não especificados
P36.4,Septicemia bacteriana do recém-nascido,Septicemia do recém-nascido devida a Escherichia coli
P36.5,Septicemia bacteriana do recém-nascido,Septicemia do recém-nascido devida a anaeróbios
P36.8,Septicemia bacteriana do recém-nascido,Outras septicemias bacterianas do recém-nascido
P36.9,Septicemia bacteriana do recém-nascido,Septicemia bacteriana não especificada do recém-nascido
P37.0,Outras doenças infecciosas e parasitárias congênitas,Tuberculose congênita
P37.1,Outras doenças infecciosas e parasitárias congênitas,Toxoplasmose congênita
P37.2,Outras doenças infecciosas e parasitárias congênitas,Listeriose neonatal (disseminada)
P37.3,Outras doenças infecciosas e parasitárias congênitas,Malária falciparum congênita
P37.4,Outras doenças infecciosas e parasitárias congênitas,Outras malárias congênitas
P37.5,Outras doenças infecciosas e parasitárias congênitas,Candidíase neonatal
P37.8,Outras doenças infecciosas e parasitárias congênitas,Outras doenças infecciosas e parasitárias congênitas especificadas
P37.9,Outras doenças infecciosas e parasitárias congênitas,Doença infecciosa ou parasitária congênita não especificada
P38,Onfalite do recém-nascido com ou sem hemorragia leve,Onfalite do recém-nascido com ou sem hemorragia leve
P39.0,Outras infecções específicas do período perinatal,Mastite infecciosa neonatal
P39.1,Outras infecções específicas do período perinatal,Conjuntivite e dacriocistite neonatais
P39.2,Outras infecções específicas do período perinatal,Infecção intra-amniótica do feto não classificada em outra parte
P39.3,Outras infecções específicas do período perinatal,Infecção neonatal do trato urinário
P39.4,Outras infecções específicas do período perinatal,Infecção neonatal da pele
P39.8,Outras infecções específicas do período perinatal,Outras infecções especificadas próprias do período perinatal
P39.9,Outras infecções específicas do período perinatal,Infecção própria do período perinatal não especificada
P50.0,Perda sangüínea fetal,Perda sangüínea fetal devida a vasa prévia
P50.1,Perda sangüínea fetal,Perda sangüínea fetal por ruptura do cordão
P50.2,Perda sangüínea fetal,Perda sangüínea fetal originada da placenta
P50.3,Perda sangüínea fetal,Hemorragia para a circulação do outro gêmeo
P50.4,Perda sangüínea fetal,Hemorragia para a circulação materna
P50.5,Perda sangüínea fetal,Perda sangüínea devido a secção do cordão umbilical do outro gemelar
P50.8,Perda sangüínea fetal,Outras perdas sangüíneas fetais
P50.9,Perda sangüínea fetal,Perda sangüínea fetal não especificada
P51.0,Hemorragia umbilical do recém-nascido,Hemorragia umbilical maciça do recém-nascido
P51.8,Hemorragia umbilical do recém-nascido,Outras hemorragias umbilicais do recém-nascido
P51.9,Hemorragia umbilical do recém-nascido,Hemorragia umbilical do recém-nascido não especificada
P52.0,Hemorragia intracraniana não-traumática do feto e do recém-nascido,Hemorragia intraventricular (não-traumática) grau 1 do feto e do recém-nascido
P52.1,Hemorragia intracraniana não-traumática do feto e do recém-nascido,Hemorragia intraventricular (não-traumática) grau 2 do feto e do recém-nascido
P52.2,Hemorragia intracraniana não-traumática do feto e do recém-nascido,Hemorragia intraventricular (não-traumática) grau 3 do feto e do recém-nascido
P52.3,Hemorragia intracraniana não-traumática do feto e do recém-nascido,Hemorragia intraventricular (não-traumática) não especificada do feto ou do recém-nascido
P52.4,Hemorragia intracraniana não-traumática do feto e do recém-nascido,Hemorragia intracerebral (não-traumática) do feto e do recém-nascido
P52.5,Hemorragia intracraniana não-traumática do feto e do recém-nascido,Hemorragia subaracnoídea (não-traumática) do feto e do recém-nascido
P52.6,Hemorragia intracraniana não-traumática do feto e do recém-nascido,Hemorragia cerebelar (não-traumática) e da fossa posterior do feto ou recém-nascido
P52.8,Hemorragia intracraniana não-traumática do feto e do recém-nascido,Outras hemorragias intracranianas (não-traumáticas) do feto e do recém-nascido
P52.9,Hemorragia intracraniana não-traumática do feto e do recém-nascido,Hemorragia intracraniana (não-traumática) do feto e do recém-nascido não especificada
P53,Doença hemorrágica do feto e do recém-nascido,Doença hemorrágica do feto e do recém-nascido
P54.0,Outras hemorragias neonatais,Hematêmese neonatal
P54.1,Outras hemorragias neonatais,Melena neonatal
P54.2,Outras hemorragias neonatais,Hemorragia retal neonatal
P54.3,Outras hemorragias neonatais,Outras hemorragias gastrointestinais do período neonatal
P54.4,Outras hemorragias neonatais,Hemorragia supra-renal neonatal
P54.5,Outras hemorragias neonatais,Hemorragia cutânea neonatal
P54.6,Outras hemorragias neonatais,Hemorragia vaginal neonatal
P54.8,Outras hemorragias neonatais,Outras hemorragias fetais e neonatais especificadas
P54.9,Outras hemorragias neonatais,Hemorragia fetal e neonatal não especificada
P55.0,Doença hemolítica do feto e do recém-nascido,Isoimunização Rh do feto e do recém-nascido
P55.1,Doença hemolítica do feto e do recém-nascido,Isoimunização ABO do feto e do recém-nascido
P55.8,Doença hemolítica do feto e do recém-nascido,Outras doenças hemolíticas do feto e do recém-nascido
P55.9,Doença hemolítica do feto e do recém-nascido,Doença hemolítica não especificada do feto e do recém-nascido
P56.0,Hidropsia fetal devida a doença hemolítica,Hidropsia fetal devida à isoimunização
P56.9,Hidropsia fetal devida a doença hemolítica,Hidropsia fetal devida a outras doenças hemolíticas e às não especificadas
P57.0,Kernicterus,Kernicterus devido à isoimunização
P57.8,Kernicterus,Outros kernicterus especificados
P57.9,Kernicterus,Kernicterus não especificado
P58.0,Icterícia neonatal devida a outras hemólises excessivas,Icterícia neonatal devida a contusões
P58.1,Icterícia neonatal devida a outras hemólises excessivas,Icterícia neonatal devida a sangramento
P58.2,Icterícia neonatal devida a outras hemólises excessivas,Icterícia neonatal devida a infecção
P58.3,Icterícia neonatal devida a outras hemólises excessivas,Icterícia neonatal devida a policitemia
P58.4,Icterícia neonatal devida a outras hemólises excessivas,Icterícia neonatal devida a drogas ou toxinas transmitidas pela mãe ou administradas ao recém-nascido
P58.5,Icterícia neonatal devida a outras hemólises excessivas,Icterícia neonatal devida à deglutação de sangue materno
P58.8,Icterícia neonatal devida a outras hemólises excessivas,Icterícia neonatal devida a outras hemólises excessivas especificadas
P58.9,Icterícia neonatal devida a outras hemólises excessivas,Icterícia neonatal devida a hemólise excessiva não especificada
P59.0,Icterícia neonatal devida a outras causas e às não especificadas,Icterícia neonatal associada ao parto prematuro
P59.1,Icterícia neonatal devida a outras causas e às não especificadas,Síndrome da bile espessa
P59.2,Icterícia neonatal devida a outras causas e às não especificadas,Icterícia neonatal de outras lesões hepatocelulares e das não especificadas
P59.3,Icterícia neonatal devida a outras causas e às não especificadas,Icterícia neonatal devida a inibidores do leite materno
P59.8,Icterícia neonatal devida a outras causas e às não especificadas,Icterícia neonatal devida a outras causas especificadas
P59.9,Icterícia neonatal devida a outras causas e às não especificadas,Icterícia neonatal não especificada
P60,Coagulação intravascular disseminada do feto e do recém-nascido,Coagulação intravascular disseminada do feto e do recém-nascido
P61.0,Outros transtornos hematológicos perinatais,Trombocitopenia transitória neonatal
P61.1,Outros transtornos hematológicos perinatais,Policitemia neonatal
P61.2,Outros transtornos hematológicos perinatais,Anemia da prematuridade
P61.3,Outros transtornos hematológicos perinatais,Anemia congênita por perda sangüínea fetal
P61.4,Outros transtornos hematológicos perinatais,Outras anemias congênitas não classificada em outra parte
P61.5,Outros transtornos hematológicos perinatais,Neutropenia transitória neonatal
P61.6,Outros transtornos hematológicos perinatais,Outros transtornos transitórios de coagulação do período neonatal
P61.8,Outros transtornos hematológicos perinatais,Outros transtornos hematológicos perinatais especificados
P61.9,Outros transtornos hematológicos perinatais,Transtorno hematológico perinatal não especificado
P70.0,Transtornos transitórios do metabolismo dos carboidratos específicos do feto e do recém-nascido,Síndrome do filho de mãe com diabetes gestacional
P70.1,Transtornos transitórios do metabolismo dos carboidratos específicos do feto e do recém-nascido,Síndrome do filho de mãe diabética
P70.2,Transtornos transitórios do metabolismo dos carboidratos específicos do feto e do recém-nascido,Diabetes mellitus neonatal
P70.3,Transtornos transitórios do metabolismo dos carboidratos específicos do feto e do recém-nascido,Hipoglicemia neonatal iatrogênica
P70.4,Transtornos transitórios do metabolismo dos carboidratos específicos do feto e do recém-nascido,Outras hipoglicemias neonatais
P70.8,Transtornos transitórios do metabolismo dos carboidratos específicos do feto e do recém-nascido,Outros transtornos transitórios do metabolismo dos carboidratos do feto e do recém-nascido
P70.9,Transtornos transitórios do metabolismo dos carboidratos específicos do feto e do recém-nascido,Transtorno transitório não especificado do metabolismo dos carboidratos do feto e do recém-nascido
P71.0,Transtornos transitórios do metabolismo do cálcio e do magnésio do período neonatal,Hipocalcemia do recém-nascido pelo uso de leite de vaca
P71.1,Transtornos transitórios do metabolismo do cálcio e do magnésio do período neonatal,Outras hipocalcemias neonatais
P71.2,Transtornos transitórios do metabolismo do cálcio e do magnésio do período neonatal,Hipomagnesemia neonatal
P71.3,Transtornos transitórios do metabolismo do cálcio e do magnésio do período neonatal,Tetania neonatal sem deficiência de cálcio ou magnésio
P71.4,Transtornos transitórios do metabolismo do cálcio e do magnésio do período neonatal,Hipoparatiroidismo neonatal transitório
P71.8,Transtornos transitórios do metabolismo do cálcio e do magnésio do período neonatal,Outros transtornos transitórios do metabolismo do cálcio e do magnésio do período neonatal
P71.9,Transtornos transitórios do metabolismo do cálcio e do magnésio do período neonatal,Transtornos transitórios não especificados do metabolismo do cálcio e do magnésio do período neonatal
P72.0,Outros transtornos endócrinos transitórios do período neonatal,Bócio neonatal não classificado em outra parte
P72.1,Outros transtornos endócrinos transitórios do período neonatal,Hipotireoidismo neonatal transitório
P72.2,Outros transtornos endócrinos transitórios do período neonatal,Outros transtornos transitórios da função de tireóide não classificados em outra parte
P72.8,Outros transtornos endócrinos transitórios do período neonatal,Outros transtornos endócrinos transitórios e especificados do período neonatal
P72.9,Outros transtornos endócrinos transitórios do período neonatal,Transtorno endócrino neonatal transitório não especificado
P74.0,Outros distúrbios eletrolíticos e metabólicos transitórios do período neonatal,Acidose metabólica tardia do recém-nascido
P74.1,Outros distúrbios eletrolíticos e metabólicos transitórios do período neonatal,Desidratação do recém-nascido
P74.2,Outros distúrbios eletrolíticos e metabólicos transitórios do período neonatal,Distúrbios do equilíbrio de sódio do recém-nascido
P74.3,Outros distúrbios eletrolíticos e metabólicos transitórios do período neonatal,Distúrbios do equilíbrio de potássio do recém-nascido
P74.4,Outros distúrbios eletrolíticos e metabólicos transitórios do período neonatal,Outros distúrbios eletrolíticos transitórios do recém-nascido
P74.5,Outros distúrbios eletrolíticos e metabólicos transitórios do período neonatal,Tirosinemia transitória do recém-nascido
P74.8,Outros distúrbios eletrolíticos e metabólicos transitórios do período neonatal,Outros distúrbios metabólicos transitórios do recém-nascido
P74.9,Outros distúrbios eletrolíticos e metabólicos transitórios do período neonatal,Distúrbio metabólico transitório não especificado do recém-nascido
P75,Íleo meconial,Íleo meconial
P76.0,Outras obstruções intestinais do recém-nascido,Síndrome da rolha de mecônio
P76.1,Outras obstruções intestinais do recém-nascido,Íleo transitório do recém-nascido
P76.2,Outras obstruções intestinais do recém-nascido,Obstrução intestinal devido a leite espesso
P76.8,Outras obstruções intestinais do recém-nascido,Outras obstruções intestinais especificadas do recém-nascido
P76.9,Outras obstruções intestinais do recém-nascido,Obstrução intestinal não especificada do recém-nascido
P77,Enterocolite necrotizante do feto e do recém-nascido,Enterocolite necrotizante do feto e do recém-nascido
P78.0,Outros transtornos do aparelho digestivo do período perinatal,Perfuração intestinal no período perinatal
P78.1,Outros transtornos do aparelho digestivo do período perinatal,Outras peritonites neonatais
P78.2,Outros transtornos do aparelho digestivo do período perinatal,Hematemese e melena devidas a deglutição de sangue materno
P78.3,Outros transtornos do aparelho digestivo do período perinatal,Diarréia neonatal não-infecciosa
P78.8,Outros transtornos do aparelho digestivo do período perinatal,Outros transtornos perinatais especificados do aparelho digestivo
P78.9,Outros transtornos do aparelho digestivo do período perinatal,Transtorno perinatal não especificado do aparelho digestivo
P80.0,Hipotermia do recém-nascido,Síndrome de lesão pelo frio
P80.8,Hipotermia do recém-nascido,Outras hipotermias do recém-nascido
P80.9,Hipotermia do recém-nascido,Hipotermia não especificada do recém-nascido
P81.0,Outros distúrbios da regulação térmica do recém-nascido,Hipertermia ambiental do recém-nascido
P81.8,Outros distúrbios da regulação térmica do recém-nascido,Outros distúrbios especificados da regulação térmica do recém-nascido
P81.9,Outros distúrbios da regulação térmica do recém-nascido,Distúrbio não especificado da regulação térmica do recém-nascido
P83.0,Outras afecções comprometendo o tegumento específicas do feto e do recém-nascido,Esclerema neonatal
P83.1,Outras afecções comprometendo o tegumento específicas do feto e do recém-nascido,Eritema tóxico neonatal
P83.2,Outras afecções comprometendo o tegumento específicas do feto e do recém-nascido,Hidropsia fetal não-devida à doença hemolítica
P83.3,Outras afecções comprometendo o tegumento específicas do feto e do recém-nascido,Outros edemas e os não especificados próprios do feto e do recém-nascido
P83.4,Outras afecções comprometendo o tegumento específicas do feto e do recém-nascido,Intumescimento mamário do recém-nascido
P83.5,Outras afecções comprometendo o tegumento específicas do feto e do recém-nascido,Hidrocele congênita
P83.6,Outras afecções comprometendo o tegumento específicas do feto e do recém-nascido,Pólipo umbilical do recém-nascido
P83.8,Outras afecções comprometendo o tegumento específicas do feto e do recém-nascido,Outras afecções especificadas do tegumento próprias do feto e do recém-nascido
P83.9,Outras afecções comprometendo o tegumento específicas do feto e do recém-nascido,Afecção não especificada do tegumento própria do feto e do recém-nascido
P90,Convulsões do recém-nascido,Convulsões do recém-nascido
P91.0,Outros distúrbios da função cerebral do recém-nascido,Isquemia cerebral neonatal
P91.1,Outros distúrbios da função cerebral do recém-nascido,Cistos periventriculares adquiridos do recém-nascido
P91.2,Outros distúrbios da função cerebral do recém-nascido,Leucomalácia cerebral neonatal
P91.3,Outros distúrbios da função cerebral do recém-nascido,Irritabilidade cerebral neonatal
P91.4,Outros distúrbios da função cerebral do recém-nascido,Depressão cerebral neonatal
P91.5,Outros distúrbios da função cerebral do recém-nascido,Coma neonatal
P91.6,Outros distúrbios da função cerebral do recém-nascido,Encefalopatia hipóxico-isquêmica do recém-nascido
P91.8,Outros distúrbios da função cerebral do recém-nascido,Outros distúrbios especificados da função cerebral do recém-nascido
P91.9,Outros distúrbios da função cerebral do recém-nascido,Distúrbio não especificado da função cerebral do recém-nascido
P92.0,Problemas de alimentação do recém-nascido,Vômitos no recém-nascido
P92.1,Problemas de alimentação do recém-nascido,Regurgitação e ruminação no recém-nascido
P92.2,Problemas de alimentação do recém-nascido,Alimentação vagarosa do recém-nascido
P92.3,Problemas de alimentação do recém-nascido,Subalimentação do recém-nascido
P92.4,Problemas de alimentação do recém-nascido,Hiperalimentação do recém-nascido
P92.5,Problemas de alimentação do recém-nascido,Dificuldade neonatal na amamentação no peito
P92.8,Problemas de alimentação do recém-nascido,Outros problemas de alimentação do recém-nascido
P92.9,Problemas de alimentação do recém-nascido,Problema não especificado de alimentação do recém-nascido
P93,Reações e intoxicações devidas a drogas administradas ao feto e ao recém-nascido,Reações e intoxicações devidas a drogas administradas ao feto e ao recém-nascido
P94.0,Transtornos do tônus muscular do recém-nascido,Miastenia grave neonatal transitória
P94.1,Transtornos do tônus muscular do recém-nascido,Hipertonia congênita
P94.2,Transtornos do tônus muscular do recém-nascido,Hipotonia congênita
P94.8,Transtornos do tônus muscular do recém-nascido,Outros transtornos do tônus muscular do recém-nascido
P94.9,Transtornos do tônus muscular do recém-nascido,Transtorno não especificado do tônus muscular do recém-nascido
P95,Morte fetal de causa não especificada,Morte fetal de causa não especificada
P96.0,Outras afecções originadas no período perinatal,Insuficiência renal congênita
P96.1,Outras afecções originadas no período perinatal,Sintomas de abstinência neonatal de drogas utilizadas pela mãe
P96.2,Outras afecções originadas no período perinatal,Sintomas de abstinência do uso de drogas terapêuticas no recém-nascido
P96.3,Outras afecções originadas no período perinatal,Suturas cranianas amplas no recém-nascido
P96.4,Outras afecções originadas no período perinatal,Interrupção de gravidez
P96.5,Outras afecções originadas no período perinatal,Complicações de procedimentos intra-uterinos não classificados em outra parte
P96.8,Outras afecções originadas no período perinatal,Outras afecções especificadas originadas no período perinatal
P96.9,Outras afecções originadas no período perinatal,Afecções originadas no período perinatal não especificadas
Q00.0,Anencefalia e malformações similares,Anencefalia
Q00.1,Anencefalia e malformações similares,Craniorraquisquise
Q00.2,Anencefalia e malformações similares,Iniencefalia
Q01.0,Encefalocele,Encefalocele frontal
Q01.1,Encefalocele,Encefalocele nasofrontal
Q01.2,Encefalocele,Encefalocele occipital
Q01.8,Encefalocele,Encefalocele de outras localizações
Q01.9,Encefalocele,Encefalocele não especificada
Q02,Microcefalia,Microcefalia
Q03.0,Hidrocefalia congênita,Malformações do aqueduto de Sylvius
Q03.1,Hidrocefalia congênita,Atresia das fendas de Luschka e do forâmen de Magendie
Q03.8,Hidrocefalia congênita,Outra hidrocefalia congênita
Q03.9,Hidrocefalia congênita,Hidrocefalia congênita não especificada
Q04.0,Outras malformações congênitas do cérebro,Malformações congênitas do corpo caloso
Q04.1,Outras malformações congênitas do cérebro,Arrinencefalia
Q04.2,Outras malformações congênitas do cérebro,Holoprosencefalia
Q04.3,Outras malformações congênitas do cérebro,Outras deformidades por redução do encéfalo
Q04.4,Outras malformações congênitas do cérebro,Displasia do septo e das vias ópticas
Q04.5,Outras malformações congênitas do cérebro,Megalencefalia
Q04.6,Outras malformações congênitas do cérebro,Cistos cerebrais congênitos
Q04.8,Outras malformações congênitas do cérebro,Outras malformações congênitas especificadas do encéfalo
Q04.9,Outras malformações congênitas do cérebro,Malformação congênita não especificada do encéfalo
Q05.0,Espinha bífida,Espinha bífida cervical com hidrocefalia
Q05.1,Espinha bífida,Espinha bífida torácica com hidrocefalia
Q05.2,Espinha bífida,Espinha bífida lombar com hidrocefalia
Q05.3,Espinha bífida,Espinha bífida sacra com hidrocefalia
Q05.4,Espinha bífida,Espinha bífida não especificada
Q05.5,Espinha bífida,Espinha bífida cervical
Q05.6,Espinha bífida,Espinha bífida torácica
Q05.7,Espinha bífida,Espinha bífida lombar
Q05.8,Espinha bífida,Espinha bífida sacra
Q05.9,Espinha bífida,Espinha bífida não especificada
Q06.0,Outras malformações congênitas da medula espinhal,Amielia
Q06.1,Outras malformações congênitas da medula espinhal,Hipoplasia e displasia da medula espinal
Q06.2,Outras malformações congênitas da medula espinhal,Diastematomielia
Q06.3,Outras malformações congênitas da medula espinhal,Outras malformações congênitas da cauda eqüina
Q06.4,Outras malformações congênitas da medula espinhal,Hidromielia
Q06.8,Outras malformações congênitas da medula espinhal,Outras malformações congênitas especificadas da medula espinal
Q06.9,Outras malformações congênitas da medula espinhal,Malformação congênita não especificada da medula espinal
Q07.0,Outras malformações congênitas do sistema nervoso,Síndrome de Arnold-Chiari
Q07.8,Outras malformações congênitas do sistema nervoso,Outras malformações congênitas especificadas do sistema nervoso
Q07.9,Outras malformações congênitas do sistema nervoso,Malformação congênita não especificada do sistema nervoso
Q10.0,Malformações congênitas das pálpebras,Ptose congênita
Q10.1,Malformações congênitas das pálpebras,Ectrópio congênito
Q10.2,Malformações congênitas das pálpebras,Entrópio congênito
Q10.3,Malformações congênitas das pálpebras,Outras malformações congênitas das pálpebras
Q10.4,Malformações congênitas das pálpebras,Ausência ou agenesia do aparelho lacrimal
Q10.5,Malformações congênitas das pálpebras,Estenose ou estreitamento congênito do canal lacrimal
Q10.6,Malformações congênitas das pálpebras,Outras malformações congênitas do aparelho lacrimal
Q10.7,Malformações congênitas das pálpebras,Malformação congênita da órbita
Q11.0,Anoftalmia,Olho cístico
Q11.1,Anoftalmia,Outras formas de anoftalmia
Q11.2,Anoftalmia,Microftalmia
Q11.3,Anoftalmia,Macroftalmia
Q12.0,Malformações congênitas do cristalino,Catarata congênita
Q12.1,Malformações congênitas do cristalino,Luxação congênita do cristalino
Q12.2,Malformações congênitas do cristalino,Coloboma do cristalino
Q12.3,Malformações congênitas do cristalino,Afaquia congênita
Q12.4,Malformações congênitas do cristalino,Esferofaquia
Q12.8,Malformações congênitas do cristalino,Outras malformações congênitas do cristalino
Q12.9,Malformações congênitas do cristalino,Malformação congênita não especificada do cristalino
Q13.0,Malformações congênitas da câmara anterior do olho,Coloboma da íris
Q13.1,Malformações congênitas da câmara anterior do olho,Ausência de íris
Q13.2,Malformações congênitas da câmara anterior do olho,Outras malformações congênitas da íris
Q13.3,Malformações congênitas da câmara anterior do olho,Opacidade congênita da córnea
Q13.4,Malformações congênitas da câmara anterior do olho,Outras malformações congênitas da córnea
Q13.5,Malformações congênitas da câmara anterior do olho,Esclerótica azul
Q13.8,Malformações congênitas da câmara anterior do olho,Outras malformações congênitas da câmara anterior do olho
Q13.9,Malformações congênitas da câmara anterior do olho,Malformação congênita não especificada da câmara anterior do olho
Q14.0,Malformações congênitas da câmara posterior do olho,Malformação congênita do humor vítreo
Q14.1,Malformações congênitas da câmara posterior do olho,Malformação congênita da retina
Q14.2,Malformações congênitas da câmara posterior do olho,Malformação congênita do disco óptico
Q14.3,Malformações congênitas da câmara posterior do olho,Malformação congênita da coróide
Q14.8,Malformações congênitas da câmara posterior do olho,Outras malformações congênitas da câmara posterior do olho
Q14.9,Malformações congênitas da câmara posterior do olho,Malformação congênita não especificada da câmara posterior do olho
Q15.0,Outras malformações congênitas do olho,Glaucoma congênito
Q15.8,Outras malformações congênitas do olho,Outras malformações congênitas especificadas do olho
Q15.9,Outras malformações congênitas do olho,Malformação congênita não especificada do olho
Q16.0,Malformações congênitas do ouvido causando comprometimento da audição,Ausência congênita do pavilhão auricular [orelha]
Q16.1,Malformações congênitas do ouvido causando comprometimento da audição,Ausência
Q16.2,Malformações congênitas do ouvido causando comprometimento da audição,Ausência da trompa de Eustáquio
Q16.3,Malformações congênitas do ouvido causando comprometimento da audição,Malformação congênita dos ossículos do ouvido
Q16.4,Malformações congênitas do ouvido causando comprometimento da audição,Outras malformações congênitas do ouvido médio
Q16.5,Malformações congênitas do ouvido causando comprometimento da audição,Malformação congênita do ouvido interno
Q16.9,Malformações congênitas do ouvido causando comprometimento da audição,Malformação congênita do ouvido não especificada causando comprometimento da audição
Q17.0,Outras malformações congênitas da orelha,Pavilhão supranumerário
Q17.1,Outras malformações congênitas da orelha,Macrotia
Q17.2,Outras malformações congênitas da orelha,Microtia
Q17.3,Outras malformações congênitas da orelha,Outras deformidades da orelha
Q17.4,Outras malformações congênitas da orelha,Anomalia de posição da orelha
Q17.5,Outras malformações congênitas da orelha,Orelhas proeminentes
Q17.8,Outras malformações congênitas da orelha,Outras malformações congênitas especificadas da orelha
Q17.9,Outras malformações congênitas da orelha,Malformação congênita não especificada da orelha
Q18.0,Outras malformações congênitas da face e do pescoço,Seio
Q18.1,Outras malformações congênitas da face e do pescoço,Seio
Q18.2,Outras malformações congênitas da face e do pescoço,Outras malformações da fenda branquial
Q18.3,Outras malformações congênitas da face e do pescoço,Pescoço alado
Q18.4,Outras malformações congênitas da face e do pescoço,Macrostomia
Q18.5,Outras malformações congênitas da face e do pescoço,Microstomia
Q18.6,Outras malformações congênitas da face e do pescoço,Macroqueilia
Q18.7,Outras malformações congênitas da face e do pescoço,Microqueilia
Q18.8,Outras malformações congênitas da face e do pescoço,Outras malformações congênitas especificadas da face e do pescoço
Q18.9,Outras malformações congênitas da face e do pescoço,Malformação congênita não especificada da face e do pescoço
Q20.0,Malformações congênitas das câmaras e das comunicações cardíacas,Tronco arterial comum
Q20.1,Malformações congênitas das câmaras e das comunicações cardíacas,Ventrículo direito com dupla via de saída
Q20.2,Malformações congênitas das câmaras e das comunicações cardíacas,Ventrículo esquerdo com dupla via de saída
Q20.3,Malformações congênitas das câmaras e das comunicações cardíacas,Comunicação ventrículo-atrial discordante
Q20.4,Malformações congênitas das câmaras e das comunicações cardíacas,Ventrículo com dupla via de entrada
Q20.5,Malformações congênitas das câmaras e das comunicações cardíacas,Comunicação átrio-ventricular discordante
Q20.6,Malformações congênitas das câmaras e das comunicações cardíacas,Isomerismo dos apêndices atriais
Q20.8,Malformações congênitas das câmaras e das comunicações cardíacas,Outras malformações congênitas das câmaras e das comunicações cardíacas
Q20.9,Malformações congênitas das câmaras e das comunicações cardíacas,Malformação congênita não especificada das câmaras e das comunicações cardíacas
Q21.0,Malformações congênitas dos septos cardíacos,Comunicação interventricular
Q21.1,Malformações congênitas dos septos cardíacos,Comunicação interatrial
Q21.2,Malformações congênitas dos septos cardíacos,Comunicação atrioventricular
Q21.3,Malformações congênitas dos septos cardíacos,Tetralogia de Fallot
Q21.4,Malformações congênitas dos septos cardíacos,Comunicação aortopulmonar
Q21.8,Malformações congênitas dos septos cardíacos,Outras malformações congênitas dos septos cardíacos
Q21.9,Malformações congênitas dos septos cardíacos,Malformação congênita não especificada de septo cardíaco
Q22.0,Malformações congênitas das valvas pulmonar e tricúspide,Atresia da valva pulmonar
Q22.1,Malformações congênitas das valvas pulmonar e tricúspide,Estenose congênita da valva pulmonar
Q22.2,Malformações congênitas das valvas pulmonar e tricúspide,Insuficiência congênita da valva pulmonar
Q22.3,Malformações congênitas das valvas pulmonar e tricúspide,Outras malformações congênitas da valva pulmonar
Q22.4,Malformações congênitas das valvas pulmonar e tricúspide,Estenose congênita da valva tricúspide
Q22.5,Malformações congênitas das valvas pulmonar e tricúspide,Anomalia de Ebstein
Q22.6,Malformações congênitas das valvas pulmonar e tricúspide,Síndrome do coração direito hipoplásico
Q22.8,Malformações congênitas das valvas pulmonar e tricúspide,Outras malformações congênitas da valva tricúspide
Q22.9,Malformações congênitas das valvas pulmonar e tricúspide,Malformação congênita não especificada da valva tricúspide
Q23.0,Malformações congênitas das valvas aórtica e mitral,Estenose congênita da valva aórtica
Q23.1,Malformações congênitas das valvas aórtica e mitral,Insuficiência congênita da valva aórtica
Q23.2,Malformações congênitas das valvas aórtica e mitral,Estenose mitral congênita
Q23.3,Malformações congênitas das valvas aórtica e mitral,Insuficiência mitral congênita
Q23.4,Malformações congênitas das valvas aórtica e mitral,Síndrome do coração esquerdo hipoplásico
Q23.8,Malformações congênitas das valvas aórtica e mitral,Outras malformações congênitas das valvas aórtica e mitral
Q23.9,Malformações congênitas das valvas aórtica e mitral,Malformação congênita não especificada das valvas aórtica e mitral
Q24.0,Outras malformações congênitas do coração,Dextrocardia
Q24.1,Outras malformações congênitas do coração,Levocardia
Q24.2,Outras malformações congênitas do coração,Cor triatriatum
Q24.3,Outras malformações congênitas do coração,Estenose do infundíbulo pulmonar
Q24.4,Outras malformações congênitas do coração,Estenose subaórtica congênita
Q24.5,Outras malformações congênitas do coração,Malformações dos vasos coronários
Q24.6,Outras malformações congênitas do coração,Bloqueio congênito do coração
Q24.8,Outras malformações congênitas do coração,Outras malformações congênitas especificadas do coração
Q24.9,Outras malformações congênitas do coração,Malformação não especificada do coração
Q25.0,Malformações congênitas das grandes artérias,Permeabilidade do canal arterial
Q25.1,Malformações congênitas das grandes artérias,Coartação da aorta
Q25.2,Malformações congênitas das grandes artérias,Atresia da aorta
Q25.3,Malformações congênitas das grandes artérias,Estenose da aorta
Q25.4,Malformações congênitas das grandes artérias,Outras malformações congênitas da aorta
Q25.5,Malformações congênitas das grandes artérias,Atresia da artéria pulmonar
Q25.6,Malformações congênitas das grandes artérias,Estenose da artéria pulmonar
Q25.7,Malformações congênitas das grandes artérias,Outras malformações congênitas da artéria pulmonar
Q25.8,Malformações congênitas das grandes artérias,Outras malformações congênitas das grandes artérias
Q25.9,Malformações congênitas das grandes artérias,Malformação congênita não especificada das grandes artérias
Q26.0,Malformações congênitas das grandes veias,Estenose congênita da veia cava
Q26.1,Malformações congênitas das grandes veias,Persistência da veia cava superior esquerda
Q26.2,Malformações congênitas das grandes veias,Comunicação venosa pulmonar anormal total
Q26.3,Malformações congênitas das grandes veias,Comunicação venosa pulmonar anormal parcial
Q26.4,Malformações congênitas das grandes veias,Comunicação venosa pulmonar anormal não especificado
Q26.5,Malformações congênitas das grandes veias,Comunicação venosa portal anormal
Q26.6,Malformações congênitas das grandes veias,Fístula entre a veia porta e a artéria hepática
Q26.8,Malformações congênitas das grandes veias,Outras malformações congênitas das grandes veias
Q26.9,Malformações congênitas das grandes veias,Malformação congênita não especificada de grande veia
Q27.0,Outras malformações congênitas do sistema vascular periférico,Ausência congênita e hipoplasia da artéria umbilical
Q27.1,Outras malformações congênitas do sistema vascular periférico,Estenose congênita da artéria renal
Q27.2,Outras malformações congênitas do sistema vascular periférico,Outras malformações congênitas da artéria renal
Q27.3,Outras malformações congênitas do sistema vascular periférico,Malformação artério-venosa periférica
Q27.4,Outras malformações congênitas do sistema vascular periférico,Ectasia venosa (flebectasia) congênita
Q27.8,Outras malformações congênitas do sistema vascular periférico,Outras malformações congênitas especificadas do sistema vascular periférico
Q27.9,Outras malformações congênitas do sistema vascular periférico,Malformação congênita não especificada do sistema vascular periférico
Q28.0,Outras malformações congênitas do aparelho circulatório,Malformação arteriovenosa de vasos pré-cerebrais
Q28.1,Outras malformações congênitas do aparelho circulatório,Outras malformações dos vasos pré-cerebrais
Q28.2,Outras malformações congênitas do aparelho circulatório,Malformação arteriovenosa dos vasos cerebrais
Q28.3,Outras malformações congênitas do aparelho circulatório,Outras malformações dos vasos cerebrais
Q28.8,Outras malformações congênitas do aparelho circulatório,Outras malformações congênitas especificadas do aparelho circulatório
Q28.9,Outras malformações congênitas do aparelho circulatório,Malformação congênita não especificada do aparelho circulatório
Q30.0,Malformação congênita do nariz,Atresia das coanas
Q30.1,Malformação congênita do nariz,Agenesia ou hipoplasia do nariz
Q30.2,Malformação congênita do nariz,Fissura
Q30.3,Malformação congênita do nariz,Perfuração congênita do septo nasal
Q30.8,Malformação congênita do nariz,Outras malformações congênitas do nariz
Q30.9,Malformação congênita do nariz,Malformação congênita não especificada do nariz
Q31.0,Malformações congênitas da laringe,Pterígio da laringe
Q31.1,Malformações congênitas da laringe,Estenose subglótica congênita
Q31.2,Malformações congênitas da laringe,Hipoplasia da laringe
Q31.3,Malformações congênitas da laringe,Laringocele
Q31.5,Malformações congênitas da laringe,Laringomalácia congênita
Q31.8,Malformações congênitas da laringe,Outras malformações congênitas da laringe
Q31.9,Malformações congênitas da laringe,Malformação congênita não especificada da laringe
Q32.0,Malformações congênitas da traquéia e dos brônquios,Traqueomalácia congênita
Q32.1,Malformações congênitas da traquéia e dos brônquios,Outras malformações congênitas da traquéia
Q32.2,Malformações congênitas da traquéia e dos brônquios,Broncomalácia congênita
Q32.3,Malformações congênitas da traquéia e dos brônquios,Estenose congênita dos brônquios
Q32.4,Malformações congênitas da traquéia e dos brônquios,Outras malformações congênitas dos brônquios
Q33.0,Malformações congênitas do pulmão,Pulmão cístico congênito
Q33.1,Malformações congênitas do pulmão,Lobo pulmonar supranumerário
Q33.2,Malformações congênitas do pulmão,Seqüestro pulmonar
Q33.3,Malformações congênitas do pulmão,Agenesia do pulmão
Q33.4,Malformações congênitas do pulmão,Bronquectasia congênita
Q33.5,Malformações congênitas do pulmão,Tecido ectópico intrapulmonar
Q33.6,Malformações congênitas do pulmão,Hipoplasia e displasia do pulmão
Q33.8,Malformações congênitas do pulmão,Outras malformações congênitas do pulmão
Q33.9,Malformações congênitas do pulmão,Malformação congênita não especificada do pulmão
Q34.0,Outras malformações congênitas do aparelho respiratório,Anomalia da pleura
Q34.1,Outras malformações congênitas do aparelho respiratório,Cisto congênito do mediastino
Q34.8,Outras malformações congênitas do aparelho respiratório,Outras malformações congênitas especificadas do aparelho respiratório
Q34.9,Outras malformações congênitas do aparelho respiratório,Malformação congênita não especificada do aparelho respiratório
Q35.1,Fenda palatina,Fenda do palato duro
Q35.3,Fenda palatina,Fenda do palato mole
Q35.5,Fenda palatina,Fenda do palato duro com fenda do palato mole
Q35.7,Fenda palatina,Fenda da úvula
Q35.9,Fenda palatina,Fenda palatina não especificada
Q36.0,Fenda labial,Fenda labial bilateral
Q36.1,Fenda labial,Fenda labial mediana
Q36.9,Fenda labial,Fenda labial unilateral
Q37.0,Fenda labial com fenda palatina,Fenda do palato duro com fenda labial bilateral
Q37.1,Fenda labial com fenda palatina,Fenda do palato duro com fenda labial unilateral
Q37.2,Fenda labial com fenda palatina,Fenda do palato mole com fenda labial bilateral
Q37.3,Fenda labial com fenda palatina,Fenda do palato mole com fenda labial unilateral
Q37.4,Fenda labial com fenda palatina,Fenda dos palatos duro e mole com fenda labial bilateral
Q37.5,Fenda labial com fenda palatina,Fenda dos palatos duro e mole com fenda labial unilateral
Q37.8,Fenda labial com fenda palatina,Fenda do palato com fenda labial bilateral
Q37.9,Fenda labial com fenda palatina,Fenda do palato com fenda labial unilateral
Q38.0,Outras malformações congênitas da língua,Malformações congênitas dos lábios
Q38.1,Outras malformações congênitas da língua,Anquiloglossia
Q38.2,Outras malformações congênitas da língua,Macroglossia
Q38.3,Outras malformações congênitas da língua,Outras malformações congênitas da língua
Q38.4,Outras malformações congênitas da língua,Malformações congênitas das glândulas e dutos salivares
Q38.5,Outras malformações congênitas da língua,Malformações congênitas do palato não classificadas em outra parte
Q38.6,Outras malformações congênitas da língua,Outras malformações congênitas da boca
Q38.7,Outras malformações congênitas da língua,Bolsa faríngea
Q38.8,Outras malformações congênitas da língua,Outras malformações congênitas da faringe
Q39.0,Malformações congênitas do esôfago,Atresia de esôfago
Q39.1,Malformações congênitas do esôfago,Atresia de esôfago
Q39.2,Malformações congênitas do esôfago,Fístula traqueoesofágica congênita
Q39.3,Malformações congênitas do esôfago,Estenose congênita e estreitamento congênito do esôfago
Q39.4,Malformações congênitas do esôfago,Pterígio do esôfago
Q39.5,Malformações congênitas do esôfago,Dilatação congênita do esôfago
Q39.6,Malformações congênitas do esôfago,Divertículo do esôfago
Q39.8,Malformações congênitas do esôfago,Outras malformações congênitas do esôfago
Q39.9,Malformações congênitas do esôfago,Malformação congênita não especificada do esôfago
Q40.0,Outras malformações congênitas do trato digestivo superior,Estenose hipertrófica congênita do piloro
Q40.1,Outras malformações congênitas do trato digestivo superior,Hérnia congênita de hiato
Q40.2,Outras malformações congênitas do trato digestivo superior,Outras malformações congênitas especificadas do estômago
Q40.3,Outras malformações congênitas do trato digestivo superior,Malformação congênita não especificada do estômago
Q40.8,Outras malformações congênitas do trato digestivo superior,Outras malformações congênitas especificadas do trato digestivo superior
Q40.9,Outras malformações congênitas do trato digestivo superior,Malformação congênita não especificada do trato digestivo superior
Q41.0,Ausência,Ausência
Q41.1,Ausência,Ausência
Q41.2,Ausência,Ausência
Q41.8,Ausência,Ausência
Q41.9,Ausência,Ausência
Q42.0,Ausência,Ausência
Q42.1,Ausência,Ausência
Q42.2,Ausência,Ausência
Q42.3,Ausência,Ausência
Q42.8,Ausência,Ausência
Q42.9,Ausência,Ausência
Q43.0,Outras malformações congênitas do intestino,Divertículo de Meckel
Q43.1,Outras malformações congênitas do intestino,Doença de Hirschsprung
Q43.2,Outras malformações congênitas do intestino,Outros transtornos funcionais congênitos do cólon
Q43.3,Outras malformações congênitas do intestino,Malformações congênitas da fixação do intestino
Q43.4,Outras malformações congênitas do intestino,Duplicação do intestino
Q43.5,Outras malformações congênitas do intestino,Ânus ectópico
Q43.6,Outras malformações congênitas do intestino,Fístula congênita do reto e do ânus
Q43.7,Outras malformações congênitas do intestino,Persistência de cloaca
Q43.8,Outras malformações congênitas do intestino,Outras malformações congênitas especificadas do intestino
Q43.9,Outras malformações congênitas do intestino,Malformação congênita não especificada do intestino
Q44.0,Malformações congênitas da vesícula biliar,Agenesia
Q44.1,Malformações congênitas da vesícula biliar,Outras malformações congênitas da vesícula biliar
Q44.2,Malformações congênitas da vesícula biliar,Atresia das vias biliares
Q44.3,Malformações congênitas da vesícula biliar,Estenose e estreitamento congênitos das vias biliares
Q44.4,Malformações congênitas da vesícula biliar,Cisto do colédoco
Q44.5,Malformações congênitas da vesícula biliar,Outras malformações congênitas das vias biliares
Q44.6,Malformações congênitas da vesícula biliar,Doença cística do fígado
Q44.7,Malformações congênitas da vesícula biliar,Outras malformações congênitas do fígado
Q45.0,Outras malformações congênitas do aparelho digestivo,Agenesia
Q45.1,Outras malformações congênitas do aparelho digestivo,Pâncreas anular
Q45.2,Outras malformações congênitas do aparelho digestivo,Cisto pancreático congênito
Q45.3,Outras malformações congênitas do aparelho digestivo,Outras malformações congênitas do pâncreas e do duto pancreático
Q45.8,Outras malformações congênitas do aparelho digestivo,Outras malformações congênitas especificadas do aparelho digestivo
Q45.9,Outras malformações congênitas do aparelho digestivo,Malformação congênita não especificada do aparelho digestivo
Q50.0,Malformações congênitas dos ovários,Ausência congênita dos ovários
Q50.1,Malformações congênitas dos ovários,Cisto ovariano de desenvolvimento
Q50.2,Malformações congênitas dos ovários,Torsão congênita do ovário
Q50.3,Malformações congênitas dos ovários,Outras malformações congênitas do ovário
Q50.4,Malformações congênitas dos ovários,Cisto embrionário da trompa de Falópio
Q50.5,Malformações congênitas dos ovários,Cisto embrionário do ligamento largo
Q50.6,Malformações congênitas dos ovários,Outras malformações congênitas das trompas de Falópio e dos ligamentos largos
Q51.0,Malformações congênitas do útero e do colo do útero,Agenesia e aplasia do útero
Q51.1,Malformações congênitas do útero e do colo do útero,Útero duplo com duplicação do colo uterino e da vagina
Q51.2,Malformações congênitas do útero e do colo do útero,Outra duplicação do útero
Q51.3,Malformações congênitas do útero e do colo do útero,Útero bicórneo
Q51.4,Malformações congênitas do útero e do colo do útero,Útero unicórneo
Q51.5,Malformações congênitas do útero e do colo do útero,Agenesia e aplasia do colo do útero
Q51.6,Malformações congênitas do útero e do colo do útero,Cisto embrionário do colo do útero
Q51.7,Malformações congênitas do útero e do colo do útero,Fístula congênita útero-digestiva ou útero-urinária
Q51.8,Malformações congênitas do útero e do colo do útero,Outras malformações congênitas do útero e do colo do útero
Q51.9,Malformações congênitas do útero e do colo do útero,Malformação congênita não especificada do útero e do colo do útero SOE
Q52.0,Outras malformações congênitas dos órgãos genitais femininos,Ausência congênita da vagina
Q52.1,Outras malformações congênitas dos órgãos genitais femininos,Duplicação da vagina
Q52.2,Outras malformações congênitas dos órgãos genitais femininos,Fístula reto-vaginal congênita
Q52.3,Outras malformações congênitas dos órgãos genitais femininos,Imperfuração do hímen
Q52.4,Outras malformações congênitas dos órgãos genitais femininos,Outras malformações congênitas da vagina
Q52.5,Outras malformações congênitas dos órgãos genitais femininos,Fusão dos lábios vulvares
Q52.6,Outras malformações congênitas dos órgãos genitais femininos,Malformação congênita do clitóris
Q52.7,Outras malformações congênitas dos órgãos genitais femininos,Outras malformações congênitas da vulva
Q52.8,Outras malformações congênitas dos órgãos genitais femininos,Outras malformações congênitas especificadas dos órgãos genitais femininos
Q52.9,Outras malformações congênitas dos órgãos genitais femininos,Malformação congênita não especificada dos órgãos genitais femininos
Q53.0,Testículo não-descido,Testículo ectópico
Q53.1,Testículo não-descido,Testículo não-descido
Q53.2,Testículo não-descido,Testículo não-descido
Q53.9,Testículo não-descido,Testículo não-descido
Q54.0,Hipospádias,Hipospádia balânica
Q54.1,Hipospádias,Hipospádia peniana
Q54.2,Hipospádias,Hipospádia penoscrotal
Q54.3,Hipospádias,Hipospádia perineal
Q54.4,Hipospádias,Corda venérea congênita
Q54.8,Hipospádias,Outras hipospádias
Q54.9,Hipospádias,Hipospádia não especificada
Q55.0,Outras malformações congênitas dos órgãos genitais masculinos,Ausência e aplasia do testículo
Q55.1,Outras malformações congênitas dos órgãos genitais masculinos,Hipoplasia do(s) testículo(s) e do escroto
Q55.2,Outras malformações congênitas dos órgãos genitais masculinos,Outras malformações congênitas do(s) testículo(s) e do escroto
Q55.3,Outras malformações congênitas dos órgãos genitais masculinos,Atresia do canal deferente
Q55.4,Outras malformações congênitas dos órgãos genitais masculinos,Outras malformações congênitas do canal deferente
Q55.5,Outras malformações congênitas dos órgãos genitais masculinos,Ausência e aplasia congênitas do pênis
Q55.6,Outras malformações congênitas dos órgãos genitais masculinos,Outras malformações congênitas do pênis
Q55.8,Outras malformações congênitas dos órgãos genitais masculinos,Outras malformações congênitas especificadas dos órgãos genitais masculinos
Q55.9,Outras malformações congênitas dos órgãos genitais masculinos,Malformação congênita não especificada dos órgãos genitais masculinos
Q56.0,Sexo indeterminado e pseudo-hermafroditismo,Hermafroditismo não classificado em outra parte
Q56.1,Sexo indeterminado e pseudo-hermafroditismo,Pseudo-hermafroditismo masculino
Q56.2,Sexo indeterminado e pseudo-hermafroditismo,Pseudo-hermafroditismo feminino
Q56.3,Sexo indeterminado e pseudo-hermafroditismo,Pseudo-hermafroditismo não especificado
Q56.4,Sexo indeterminado e pseudo-hermafroditismo,Sexo indeterminado
Q60.0,Agenesia renal e outros defeitos de redução do rim,Agenesia unilateral do rim
Q60.1,Agenesia renal e outros defeitos de redução do rim,Agenesia bilateral do rim
Q60.2,Agenesia renal e outros defeitos de redução do rim,Agenesia renal não especificada
Q60.3,Agenesia renal e outros defeitos de redução do rim,Hipoplasia renal unilateral
Q60.4,Agenesia renal e outros defeitos de redução do rim,Hipoplasia renal bilateral
Q60.5,Agenesia renal e outros defeitos de redução do rim,Hipoplasia renal não especificada
Q60.6,Agenesia renal e outros defeitos de redução do rim,Síndrome de Potter
Q61.0,Doenças císticas do rim,Cisto congênito único do rim
Q61.1,Doenças císticas do rim,Rim policístico
Q61.2,Doenças císticas do rim,Rim policístico
Q61.3,Doenças císticas do rim,Rim policístico não especificado
Q61.4,Doenças císticas do rim,Displasia renal
Q61.5,Doenças císticas do rim,Cisto medular do rim
Q61.8,Doenças císticas do rim,Outras doenças císticas do rim
Q61.9,Doenças císticas do rim,Doença cística não especificada do rim
Q62.0,Anomalias congênitas obstrutivas da pelve renal e malformações congênitas do ureter,Hidronefrose congênita
Q62.1,Anomalias congênitas obstrutivas da pelve renal e malformações congênitas do ureter,Atresia e estenose do ureter
Q62.2,Anomalias congênitas obstrutivas da pelve renal e malformações congênitas do ureter,Megaureter congênito
Q62.3,Anomalias congênitas obstrutivas da pelve renal e malformações congênitas do ureter,Outras anomalias obstrutivas da pelve renal e do ureter
Q62.4,Anomalias congênitas obstrutivas da pelve renal e malformações congênitas do ureter,Agenesia do ureter
Q62.5,Anomalias congênitas obstrutivas da pelve renal e malformações congênitas do ureter,Duplicação do ureter
Q62.6,Anomalias congênitas obstrutivas da pelve renal e malformações congênitas do ureter,Má-posição do ureter
Q62.7,Anomalias congênitas obstrutivas da pelve renal e malformações congênitas do ureter,Refluxo vésico-uretero-renal congênito
Q62.8,Anomalias congênitas obstrutivas da pelve renal e malformações congênitas do ureter,Outras malformações congênitas do ureter
Q63.0,Outras malformações congênitas do rim,Rim supranumerário
Q63.1,Outras malformações congênitas do rim,Rim lobulado
Q63.2,Outras malformações congênitas do rim,Rim ectópico
Q63.3,Outras malformações congênitas do rim,Rim hiperplásico e gigante
Q63.8,Outras malformações congênitas do rim,Outras malformações congênitas especificadas do rim
Q63.9,Outras malformações congênitas do rim,Malformação congênita não especificada do rim
Q64.0,Outras malformações congênitas do aparelho urinário,Epispádias
Q64.1,Outras malformações congênitas do aparelho urinário,Extrofia vesical
Q64.2,Outras malformações congênitas do aparelho urinário,Válvulas uretrais posteriores congênitas
Q64.3,Outras malformações congênitas do aparelho urinário,Outras formas de atresia e de estenose de uretra e do colo da bexiga
Q64.4,Outras malformações congênitas do aparelho urinário,Malformação do úraco
Q64.5,Outras malformações congênitas do aparelho urinário,Ausência congênita da bexiga e da uretra
Q64.6,Outras malformações congênitas do aparelho urinário,Divertículo congênito da bexiga
Q64.7,Outras malformações congênitas do aparelho urinário,Outras malformações congênitas da bexiga e da uretra
Q64.8,Outras malformações congênitas do aparelho urinário,Outras malformações congênitas especificadas do aparelho urinário
Q64.9,Outras malformações congênitas do aparelho urinário,Malformação congênita não especificada do aparelho urinário
Q65.0,Malformações congênitas do quadril,Luxação congênita unilateral do quadril
Q65.1,Malformações congênitas do quadril,Luxação congênita bilateral do quadril
Q65.2,Malformações congênitas do quadril,Luxação congênita não especificada do quadril
Q65.3,Malformações congênitas do quadril,Subluxação congênita unilateral do quadril
Q65.4,Malformações congênitas do quadril,Subluxação congênita bilateral do quadril
Q65.5,Malformações congênitas do quadril,Subluxação congênita não especificada do quadril
Q65.6,Malformações congênitas do quadril,Quadril instável
Q65.8,Malformações congênitas do quadril,Outras deformidades congênitas do quadril
Q65.9,Malformações congênitas do quadril,Deformidade congênita não especificada do quadril
Q66.0,Deformidades congênitas do pé,Pé torto eqüinovaro
Q66.1,Deformidades congênitas do pé,Pé torto calcaneovaro
Q66.2,Deformidades congênitas do pé,Metatarso varo
Q66.3,Deformidades congênitas do pé,Outras deformidades congênitas dos pés em varo
Q66.4,Deformidades congênitas do pé,Pé torto calcaneovalgo
Q66.5,Deformidades congênitas do pé,Pé chato congênito
Q66.6,Deformidades congênitas do pé,Outras deformidades congênitas dos pés em valgo
Q66.7,Deformidades congênitas do pé,Pé cavo
Q66.8,Deformidades congênitas do pé,Outras deformidades congênitas do pé
Q66.9,Deformidades congênitas do pé,Deformidade congênita não especificada do pé
Q67.0,Deformidades osteomusculares congênitas da cabeça,Assimetria facial
Q67.1,Deformidades osteomusculares congênitas da cabeça,Deformidade facial por compressão
Q67.2,Deformidades osteomusculares congênitas da cabeça,Dolicocefalia
Q67.3,Deformidades osteomusculares congênitas da cabeça,Plagiocefalia
Q67.4,Deformidades osteomusculares congênitas da cabeça,Outras deformidades congênitas do crânio
Q67.5,Deformidades osteomusculares congênitas da cabeça,Deformidades congênitas da coluna vertebral
Q67.6,Deformidades osteomusculares congênitas da cabeça,Tórax escavado
Q67.7,Deformidades osteomusculares congênitas da cabeça,Tórax carinado
Q67.8,Deformidades osteomusculares congênitas da cabeça,Outras deformidades congênitas do tórax
Q68.0,Outras deformidades osteomusculares congênitas,Deformidade congênita do músculo esternocleidomastoideu
Q68.1,Outras deformidades osteomusculares congênitas,Deformidade congênita da mão
Q68.2,Outras deformidades osteomusculares congênitas,Deformidade congênita do joelho
Q68.3,Outras deformidades osteomusculares congênitas,Encurvamento congênito do fêmur
Q68.4,Outras deformidades osteomusculares congênitas,Encurvamento congênito da tíbia e da perônio [fíbula]
Q68.5,Outras deformidades osteomusculares congênitas,Encurvamento congênito de ossos longos não especificados do membro inferior
Q68.8,Outras deformidades osteomusculares congênitas,Outras deformidades osteomusculares congênitas
Q69.0,Polidactilia,Dedo(s) da mão supranumerário(s)
Q69.1,Polidactilia,Polegar(es) supranumerário(s)
Q69.2,Polidactilia,Artelho(s) supranumerário(s)
Q69.9,Polidactilia,Polidactilia não especificada
Q70.0,Sindactilia,Coalescência dos dedos (dedos da mão fundidos)
Q70.1,Sindactilia,Dedos palmados
Q70.2,Sindactilia,Coalescência dos artelhos (artelhos fundidos)
Q70.3,Sindactilia,Artelhos palmados
Q70.4,Sindactilia,Polissindactilia
Q70.9,Sindactilia,Sindactilia não especificada
Q71.0,Defeitos,Ausência congênita completa do(s) membro(s) superior(es)
Q71.1,Defeitos,Ausência congênita do braço e do antebraço
Q71.2,Defeitos,Ausência congênita do antebraço e da mão
Q71.3,Defeitos,Ausência congênita da mão e de dedo(s)
Q71.4,Defeitos,Defeito de redução longitudinal do rádio
Q71.5,Defeitos,Defeito de redução longitudinal do cúbito [ulna]
Q71.6,Defeitos,Mão em garra de lagosta
Q71.8,Defeitos,Outros defeitos de redução do membro superior
Q71.9,Defeitos,Defeito por redução do membro superior
Q72.0,Defeitos,Ausência congênita completa do(s) membro(s) inferior(es)
Q72.1,Defeitos,Ausência congênita da coxa e da perna com pé presente
Q72.2,Defeitos,Ausência congênita da perna e do pé
Q72.3,Defeitos,Ausência congênita do pé e de artelho(s)
Q72.4,Defeitos,Defeito por redução longitudinal da tíbia
Q72.5,Defeitos,Defeito por redução longitudinal da tíbia
Q72.6,Defeitos,Defeito por redução longitudinal do perônio [fíbula]
Q72.7,Defeitos,Pé bífido
Q72.8,Defeitos,Outros defeitos por redução do(s) membro(s) inferior(es)
Q72.9,Defeitos,Defeito não especificado por redução do membro inferior
Q73.0,Defeitos por redução de membro não especificado,Ausência congênita de membro(s) não especificado(s)
Q73.1,Defeitos por redução de membro não especificado,Focomelia
Q73.8,Defeitos por redução de membro não especificado,Outros defeitos por redução de membro(s) não especificado(s)
Q74.0,Outras malformações congênitas dos membros,Outras malformações congênitas do(s) membro(s) superiores
Q74.1,Outras malformações congênitas dos membros,Malformação congênita do joelho
Q74.2,Outras malformações congênitas dos membros,Outras malformações congênitas do(s) membro(s) inferiores
Q74.3,Outras malformações congênitas dos membros,Artrogripose congênita múltipla
Q74.8,Outras malformações congênitas dos membros,Outras malformações congênitas especificadas de membro(s)
Q74.9,Outras malformações congênitas dos membros,Malformações congênitas não especificadas de membro(s)
Q75.0,Outras malformações congênitas dos ossos do crânio e da face,Craniossinostose
Q75.1,Outras malformações congênitas dos ossos do crânio e da face,Disostose craniofacial
Q75.2,Outras malformações congênitas dos ossos do crânio e da face,Hipertelorismo
Q75.3,Outras malformações congênitas dos ossos do crânio e da face,Macrocefalia
Q75.4,Outras malformações congênitas dos ossos do crânio e da face,Disostose mandíbulo-facial
Q75.5,Outras malformações congênitas dos ossos do crânio e da face,Disostose óculo-mandibular
Q75.8,Outras malformações congênitas dos ossos do crânio e da face,Outras malformações congênitas especificadas dos ossos do crânio e da face
Q75.9,Outras malformações congênitas dos ossos do crânio e da face,Malformação congênita não especificada dos ossos do crânio e da face
Q76.0,Malformações congênitas da coluna vertebral e dos ossos do tórax,Espinha bífida oculta
Q76.1,Malformações congênitas da coluna vertebral e dos ossos do tórax,Síndrome de Klippel-Feil
Q76.2,Malformações congênitas da coluna vertebral e dos ossos do tórax,Espondilolistese congênita
Q76.3,Malformações congênitas da coluna vertebral e dos ossos do tórax,Escoliose congênita devida à malformação óssea congênita
Q76.4,Malformações congênitas da coluna vertebral e dos ossos do tórax,Outras malformações congênitas da coluna vertebral não-associadas com escoliose
Q76.5,Malformações congênitas da coluna vertebral e dos ossos do tórax,Costela cervical
Q76.6,Malformações congênitas da coluna vertebral e dos ossos do tórax,Outras malformações congênitas das costelas
Q76.7,Malformações congênitas da coluna vertebral e dos ossos do tórax,Malformação congênita do esterno
Q76.8,Malformações congênitas da coluna vertebral e dos ossos do tórax,Outras malformações congênitas dos ossos do tórax
Q76.9,Malformações congênitas da coluna vertebral e dos ossos do tórax,Malformação congênita não especificada dos ossos do tórax
Q77.0,Osteocondrodisplasia com anomalias de crescimento dos ossos longos e da coluna vertebral,Acondrogenesia
Q77.1,Osteocondrodisplasia com anomalias de crescimento dos ossos longos e da coluna vertebral,Nanismo tanatofórico
Q77.2,Osteocondrodisplasia com anomalias de crescimento dos ossos longos e da coluna vertebral,Síndrome das costelas curtas
Q77.3,Osteocondrodisplasia com anomalias de crescimento dos ossos longos e da coluna vertebral,Condrodisplasia puntacta
Q77.4,Osteocondrodisplasia com anomalias de crescimento dos ossos longos e da coluna vertebral,Acondroplasia
Q77.5,Osteocondrodisplasia com anomalias de crescimento dos ossos longos e da coluna vertebral,Displasia diastrófica
Q77.6,Osteocondrodisplasia com anomalias de crescimento dos ossos longos e da coluna vertebral,Displasia condroectodérmica
Q77.7,Osteocondrodisplasia com anomalias de crescimento dos ossos longos e da coluna vertebral,Displasia espondiloepifisária
Q77.8,Osteocondrodisplasia com anomalias de crescimento dos ossos longos e da coluna vertebral,Outras osteocondrodisplasias com anomalias do crescimento dos ossos longos e da coluna vertebral
Q77.9,Osteocondrodisplasia com anomalias de crescimento dos ossos longos e da coluna vertebral,Osteocondrodisplasia não especificada com anomalias do crescimento dos ossos longos e da coluna vertebral
Q78.0,Outras osteocondrodisplasias,Osteogênese imperfeita
Q78.1,Outras osteocondrodisplasias,Displasia poliostótica fibrosa
Q78.2,Outras osteocondrodisplasias,Osteopetrose
Q78.3,Outras osteocondrodisplasias,Displasia diafisária progressiva
Q78.4,Outras osteocondrodisplasias,Encondromatose
Q78.5,Outras osteocondrodisplasias,Displasia metafisária
Q78.6,Outras osteocondrodisplasias,Exostoses congênitas múltiplas
Q78.8,Outras osteocondrodisplasias,Outras osteocondrodisplasias especificadas
Q78.9,Outras osteocondrodisplasias,Osteocondrodisplasia não especificada
Q79.0,Malformações congênitas do sistema osteomuscular não classificadas em outra parte,Hérnia diafragmática congênita
Q79.1,Malformações congênitas do sistema osteomuscular não classificadas em outra parte,Outras malformações congênitas do diafragma
Q79.2,Malformações congênitas do sistema osteomuscular não classificadas em outra parte,Exonfalia
Q79.3,Malformações congênitas do sistema osteomuscular não classificadas em outra parte,Gastrosquise
Q79.4,Malformações congênitas do sistema osteomuscular não classificadas em outra parte,Síndrome do abdome em ameixa seca (prune belly syndrome)
Q79.5,Malformações congênitas do sistema osteomuscular não classificadas em outra parte,Outras malformações congênitas da parede abdominal
Q79.6,Malformações congênitas do sistema osteomuscular não classificadas em outra parte,Síndrome de Ehlers-Danlos
Q79.8,Malformações congênitas do sistema osteomuscular não classificadas em outra parte,Outras malformações congênitas do sistema osteomuscular
Q79.9,Malformações congênitas do sistema osteomuscular não classificadas em outra parte,Malformação congênita não especificada do sistema osteomuscular
Q80.0,Ictiose congênita,Ictiose vulgar
Q80.1,Ictiose congênita,Ictiose ligada ao cromossomo X
Q80.2,Ictiose congênita,Ictiose lamelar
Q80.3,Ictiose congênita,Eritrodermia ictiosiforme bulhosa congênita
Q80.4,Ictiose congênita,Feto arlequim
Q80.8,Ictiose congênita,Outras ictioses congênitas
Q80.9,Ictiose congênita,Ictiose congênita não especificada
Q81.0,Epidermólise bolhosa,Epidermólise bolhosa simples
Q81.1,Epidermólise bolhosa,Epidermólise bolhosa letal
Q81.2,Epidermólise bolhosa,Epidermólise bolhosa distrófica
Q81.8,Epidermólise bolhosa,Outras epidermólises bolhosas
Q81.9,Epidermólise bolhosa,Epidermólise bolhosa não especificada
Q82.0,Outras malformações congênitas da pele,Linfedema hereditário
Q82.1,Outras malformações congênitas da pele,Xeroderma pigmentoso
Q82.2,Outras malformações congênitas da pele,Mastocitose
Q82.3,Outras malformações congênitas da pele,Incontinentia pigmenti
Q82.4,Outras malformações congênitas da pele,Displasia ectodérmica (anidrótica)
Q82.5,Outras malformações congênitas da pele,Nevo não-neoplásico congênito
Q82.8,Outras malformações congênitas da pele,Outras malformações congênitas especificadas da pele
Q82.9,Outras malformações congênitas da pele,Malformação congênita não especificada da pele
Q83.0,Malformações congênitas da mama,Ausência congênita da mama com ausência do mamilo
Q83.1,Malformações congênitas da mama,Mama supranumerária
Q83.2,Malformações congênitas da mama,Ausência de mamilo
Q83.3,Malformações congênitas da mama,Mamilo acessório
Q83.8,Malformações congênitas da mama,Outras malformações congênitas da mama
Q83.9,Malformações congênitas da mama,Malformação congênita não especificada da mama
Q84.0,Outras malformações congênitas do tegumento,Alopécia congênita
Q84.1,Outras malformações congênitas do tegumento,Alterações morfológicas congênitas dos cabelos não classificadas em outra parte
Q84.2,Outras malformações congênitas do tegumento,Outras malformações congênitas dos cabelos
Q84.3,Outras malformações congênitas do tegumento,Anoníquia
Q84.4,Outras malformações congênitas do tegumento,Leuconíquia congênita
Q84.5,Outras malformações congênitas do tegumento,Hipertrofia e alargamento das unhas
Q84.6,Outras malformações congênitas do tegumento,Outras malformações congênitas das unhas
Q84.8,Outras malformações congênitas do tegumento,Outras malformações congênitas especificadas do tegumento
Q84.9,Outras malformações congênitas do tegumento,Malformação congênita não especificada do tegumento
Q85.0,Facomatoses não classificadas em outra parte,Neurofibromatose (não-maligna)
Q85.1,Facomatoses não classificadas em outra parte,Esclerose tuberosa
Q85.8,Facomatoses não classificadas em outra parte,Outras facomatoses não classificadas em outra parte
Q85.9,Facomatoses não classificadas em outra parte,Facomatose não especificada
Q86.0,Síndromes com malformações congênitas devidas a causas exógenas conhecidas,Síndrome fetal alcoólico (dismórfico)
Q86.1,Síndromes com malformações congênitas devidas a causas exógenas conhecidas,Síndrome fetal devida à hidantoína
Q86.2,Síndromes com malformações congênitas devidas a causas exógenas conhecidas,Dismorfismo devido ao Warfarin
Q86.8,Síndromes com malformações congênitas devidas a causas exógenas conhecidas,Outras síndromes com malformações congênitas devidas a causas exógenas conhecidas
Q87.0,Outras síndromes com malformações congênitas que acometem múltiplos sistemas,Síndromes com malformações congênitas afetando predominantemente o aspecto da face
Q87.1,Outras síndromes com malformações congênitas que acometem múltiplos sistemas,Síndromes com malformações congênitas associadas predominantemente com nanismo
Q87.2,Outras síndromes com malformações congênitas que acometem múltiplos sistemas,Síndromes com malformações congênitas afetando predominantemente os membros
Q87.3,Outras síndromes com malformações congênitas que acometem múltiplos sistemas,Síndromes com malformações congênitas com hipercrescimento precoce
Q87.4,Outras síndromes com malformações congênitas que acometem múltiplos sistemas,Síndrome de Marfan
Q87.5,Outras síndromes com malformações congênitas que acometem múltiplos sistemas,Outras síndromes com malformações congênitas com outras alterações do esqueleto
Q87.8,Outras síndromes com malformações congênitas que acometem múltiplos sistemas,Outras síndromes com malformações congênitas especificadas
Q89.0,Outras malformações congênitas não classificadas em outra parte,Malformações congênitas do baço
Q89.1,Outras malformações congênitas não classificadas em outra parte,Malformações congênitas das supra-renais
Q89.2,Outras malformações congênitas não classificadas em outra parte,Malformações congênitas de outras glândulas endócrinas
Q89.3,Outras malformações congênitas não classificadas em outra parte,Situs inversus
Q89.4,Outras malformações congênitas não classificadas em outra parte,Reunião de gêmeos
Q89.7,Outras malformações congênitas não classificadas em outra parte,Malformações congênitas múltiplas
Q89.8,Outras malformações congênitas não classificadas em outra parte,Outras malformações congênitas especificadas
Q89.9,Outras malformações congênitas não classificadas em outra parte,Malformações congênitas não especificadas
Q90.0,Síndrome de Down,Trissomia 21
Q90.1,Síndrome de Down,Trissomia 21
Q90.2,Síndrome de Down,Trissomia 21
Q90.9,Síndrome de Down,Síndrome de Down não especificada
Q91.0,Síndrome de Edwards e síndrome de Patau,Trissomia 18
Q91.1,Síndrome de Edwards e síndrome de Patau,Trissomia 18
Q91.2,Síndrome de Edwards e síndrome de Patau,Trissomia 18
Q91.3,Síndrome de Edwards e síndrome de Patau,Síndrome de Edwards não especificada
Q91.4,Síndrome de Edwards e síndrome de Patau,Trissomia 13
Q91.5,Síndrome de Edwards e síndrome de Patau,Trissomia 13
Q91.6,Síndrome de Edwards e síndrome de Patau,Trissomia 13
Q91.7,Síndrome de Edwards e síndrome de Patau,Síndrome de Patau não especificada
Q92.0,Outras trissomias e trissomias parciais dos autossomos,Trissomia de um cromossomo inteiro
Q92.1,Outras trissomias e trissomias parciais dos autossomos,Trissomia de um cromossomo inteiro
Q92.2,Outras trissomias e trissomias parciais dos autossomos,Trissomia parcial major
Q92.3,Outras trissomias e trissomias parciais dos autossomos,Trissomia parcial minor
Q92.4,Outras trissomias e trissomias parciais dos autossomos,Duplicações vistas somente na prometáfase
Q92.5,Outras trissomias e trissomias parciais dos autossomos,Duplicação com outros rearranjos complexos
Q92.6,Outras trissomias e trissomias parciais dos autossomos,Cromossomos marcadores suplementares
Q92.7,Outras trissomias e trissomias parciais dos autossomos,Triploidia e poliploidia
Q92.8,Outras trissomias e trissomias parciais dos autossomos,Outras trissomias especificadas e trissomias parciais dos autossomos
Q92.9,Outras trissomias e trissomias parciais dos autossomos,Trissomia e trissomia parcial não especificada dos autossomos
Q93.0,Monossomias e deleções dos autossomos,Monossomia de cromossomo inteiro
Q93.1,Monossomias e deleções dos autossomos,Monossomia de cromossomo inteiro
Q93.2,Monossomias e deleções dos autossomos,Cromossomo substituído por anel ou dicêntrico
Q93.3,Monossomias e deleções dos autossomos,Deleção do braço curto do cromossomo 4
Q93.4,Monossomias e deleções dos autossomos,Deleção do braço curto do cromossomo 5
Q93.5,Monossomias e deleções dos autossomos,Outras deleções parciais de cromossomo
Q93.6,Monossomias e deleções dos autossomos,Deleções vistas somente na prometáfase
Q93.7,Monossomias e deleções dos autossomos,Deleções com outros rearranjos complexos
Q93.8,Monossomias e deleções dos autossomos,Outras deleções dos autossomos
Q93.9,Monossomias e deleções dos autossomos,Deleções não especificadas dos autossomos
Q95.0,Rearranjos equilibrados e marcadores estruturais,Translocação ou inserção equilibrada em sujeito normal
Q95.1,Rearranjos equilibrados e marcadores estruturais,Inversão cromossômica em sujeito normal
Q95.2,Rearranjos equilibrados e marcadores estruturais,Rearranjo autossômico equilibrado em sujeito anormal
Q95.3,Rearranjos equilibrados e marcadores estruturais,Rearranjo sexual/autossômico equilibrado em sujeito anormal
Q95.4,Rearranjos equilibrados e marcadores estruturais,Sujeito com marcador de heterocromatina
Q95.5,Rearranjos equilibrados e marcadores estruturais,Sujeito com sítio autossômico frágil
Q95.8,Rearranjos equilibrados e marcadores estruturais,Outros rearranjos e marcadores equilibrados
Q95.9,Rearranjos equilibrados e marcadores estruturais,Rearranjos e marcadores equilibrados não especificados
Q96.0,Síndrome de Turner,Cariótipo 45
Q96.1,Síndrome de Turner,Cariótipo 46
Q96.2,Síndrome de Turner,Cariótipo 46
Q96.3,Síndrome de Turner,Mosaicismo cromossômico
Q96.4,Síndrome de Turner,Mosaicismo cromossômico
Q96.8,Síndrome de Turner,Outras variantes da síndrome de Turner
Q96.9,Síndrome de Turner,Síndrome de Turner não especificada
Q97.0,Outras anomalias dos cromossomos sexuais,Cariótipo 47
Q97.1,Outras anomalias dos cromossomos sexuais,Mulher com mais de três cromossomos X
Q97.2,Outras anomalias dos cromossomos sexuais,Mosaicismo cromossômico
Q97.3,Outras anomalias dos cromossomos sexuais,Mulher com cariótipo 46
Q97.8,Outras anomalias dos cromossomos sexuais,Outras anomalias especificadas dos cromossomos sexuais
Q97.9,Outras anomalias dos cromossomos sexuais,Anomalias não especificadas dos cromossomos sexuais
Q98.0,Outras anomalias dos cromossomos sexuais,Síndrome de Klinefelter
Q98.1,Outras anomalias dos cromossomos sexuais,Síndrome de Klinefelter
Q98.2,Outras anomalias dos cromossomos sexuais,Síndrome de Klinefelter
Q98.3,Outras anomalias dos cromossomos sexuais,Outro homem com cariótipo 46
Q98.4,Outras anomalias dos cromossomos sexuais,Síndrome de Klinefelter não especificada
Q98.5,Outras anomalias dos cromossomos sexuais,Cariótipo 47
Q98.6,Outras anomalias dos cromossomos sexuais,Homem com cromossomos sexuais de estrutura anormal
Q98.7,Outras anomalias dos cromossomos sexuais,Homem com mosaicismo dos cromossomos sexuais
Q98.8,Outras anomalias dos cromossomos sexuais,Outras anomalias especificadas dos cromossomos sexuais
Q98.9,Outras anomalias dos cromossomos sexuais,Anomalias não especificadas dos cromossomos sexuais
Q99.0,Outras anomalias dos cromossomos,Quimera 46
Q99.1,Outras anomalias dos cromossomos,Hermafrodite verdadeiro 46
Q99.2,Outras anomalias dos cromossomos,Cromossomo X frágil
Q99.8,Outras anomalias dos cromossomos,Outras anomalias cromossômicas especificadas
Q99.9,Outras anomalias dos cromossomos,Anomalia cromossômica não especificada
R00.0,Anormalidades do batimento cardíaco,Taquicardia não especificada
R00.1,Anormalidades do batimento cardíaco,Bradicardia não especificada
R00.2,Anormalidades do batimento cardíaco,Palpitações
R00.8,Anormalidades do batimento cardíaco,Outras anormalidades e as não especificadas do batimento cardíaco
R01.0,Sopros e outros ruídos cardíacos,Sopros cardíacos benignos ou inocentes
R01.1,Sopros e outros ruídos cardíacos,Sopro cardíaco
R01.2,Sopros e outros ruídos cardíacos,Outros ruídos cardíacos
R02,Gangrena não classificada em outra parte,Gangrena não classificada em outra parte
R03.0,Valor anormal da pressão arterial sem diagnóstico,Valor elevado da pressão arterial sem o diagnóstico de hipertensão
R03.1,Valor anormal da pressão arterial sem diagnóstico,Valor baixo da pressão arterial não específico
R04.0,Hemorragia das vias respiratórias,Epistaxis
R04.1,Hemorragia das vias respiratórias,Hemorragia da garganta
R04.2,Hemorragia das vias respiratórias,Hemoptise
R04.8,Hemorragia das vias respiratórias,Hemorragia de outras localizações das vias respiratórias
R04.9,Hemorragia das vias respiratórias,Hemorragia não especificada das vias respiratórias
R05,Tosse,Tosse
R06.0,Anormalidades da respiração,Dispnéia
R06.1,Anormalidades da respiração,Estridor
R06.2,Anormalidades da respiração,Respiração ofegante
R06.3,Anormalidades da respiração,Respiração periódica
R06.4,Anormalidades da respiração,Hiperventilação
R06.5,Anormalidades da respiração,Respiração pela boca
R06.6,Anormalidades da respiração,Soluço
R06.7,Anormalidades da respiração,Espirro
R06.8,Anormalidades da respiração,Outras anormalidades e as não especificadas da respiração
R07.0,Dor de garganta e no peito,Dor de garganta
R07.1,Dor de garganta e no peito,Dor torácica ao respirar
R07.2,Dor de garganta e no peito,Dor precordial
R07.3,Dor de garganta e no peito,Outra dor torácica
R07.4,Dor de garganta e no peito,Dor torácica
R09.0,Outros sintomas e sinais relativos aos aparelhos circulatório e respiratório,Asfixia
R09.1,Outros sintomas e sinais relativos aos aparelhos circulatório e respiratório,Pleurisia
R09.2,Outros sintomas e sinais relativos aos aparelhos circulatório e respiratório,Parada respiratória
R09.3,Outros sintomas e sinais relativos aos aparelhos circulatório e respiratório,Escarro anormal
R09.8,Outros sintomas e sinais relativos aos aparelhos circulatório e respiratório,Outros sintomas e sinais especificados relativos aos aparelhos circulatório e respiratório
R10.0,Dor abdominal e pélvica,Abdome agudo
R10.1,Dor abdominal e pélvica,Dor localizada no abdome superior
R10.2,Dor abdominal e pélvica,Dor pélvica e perineal
R10.3,Dor abdominal e pélvica,Dor localizada em outras partes do abdome inferior
R10.4,Dor abdominal e pélvica,Outras dores abdominais e as não especificadas
R11,Náusea e vômitos,Náusea e vômitos
R12,Pirose,Pirose
R13,Disfagia,Disfagia
R14,Flatulência e afecções correlatas,Flatulência e afecções correlatas
R15,Incontinência fecal,Incontinência fecal
R16.0,Hepatomegalia e esplenomegalia não classificadas em outra parte,Hepatomegalia não classificada em outra parte
R16.1,Hepatomegalia e esplenomegalia não classificadas em outra parte,Esplenomegalia não classificada em outra parte
R16.2,Hepatomegalia e esplenomegalia não classificadas em outra parte,Hepatomegalia com esplenomegalia não classificada em outra parte
R17,Icterícia não especificada,Icterícia não especificada
R18,Ascite,Ascite
R19.0,Outros sintomas e sinais relativos ao aparelho digestivo e ao abdome,Massa
R19.1,Outros sintomas e sinais relativos ao aparelho digestivo e ao abdome,Ruídos hidroaéreos anormais
R19.2,Outros sintomas e sinais relativos ao aparelho digestivo e ao abdome,Peristaltismo visível
R19.3,Outros sintomas e sinais relativos ao aparelho digestivo e ao abdome,Rigidez abdominal
R19.4,Outros sintomas e sinais relativos ao aparelho digestivo e ao abdome,Alteração do hábito intestinal
R19.5,Outros sintomas e sinais relativos ao aparelho digestivo e ao abdome,Outras anormalidades fecais
R19.6,Outros sintomas e sinais relativos ao aparelho digestivo e ao abdome,Halitose
R19.8,Outros sintomas e sinais relativos ao aparelho digestivo e ao abdome,Outros sintomas e sinais especificados relativos ao aparelho digestivo e ao abdome
R20.0,Distúrbios da sensibilidade cutânea,Anestesia cutânea
R20.1,Distúrbios da sensibilidade cutânea,Hipoestesia cutânea
R20.2,Distúrbios da sensibilidade cutânea,Parestesias cutâneas
R20.3,Distúrbios da sensibilidade cutânea,Hiperestesia
R20.8,Distúrbios da sensibilidade cutânea,Outros distúrbios e os não especificadas da sensibilidade cutânea
R21,Eritema e outras erupções cutâneas não especificadas,Eritema e outras erupções cutâneas não especificadas
R22.0,Tumefação,Tumefação
R22.1,Tumefação,Tumefação
R22.2,Tumefação,Tumefação
R22.3,Tumefação,Tumefação
R22.4,Tumefação,Tumefação
R22.7,Tumefação,Tumefação
R22.9,Tumefação,Tumefação
R23.0,Outras alterações cutâneas,Cianose
R23.1,Outras alterações cutâneas,Palidez
R23.2,Outras alterações cutâneas,Rubor
R23.3,Outras alterações cutâneas,Equimoses espontâneas
R23.4,Outras alterações cutâneas,Alterações na textura da pele
R23.8,Outras alterações cutâneas,Outras alterações da pele e as não especificadas
R25.0,Movimentos involuntários anormais,Movimentos anormais da cabeça
R25.1,Movimentos involuntários anormais,Tremor não especificado
R25.2,Movimentos involuntários anormais,Cãibras e espasmos
R25.3,Movimentos involuntários anormais,Fasciculação
R25.8,Movimentos involuntários anormais,Outros movimentos involuntários anormais e os não especificados
R26.0,Anormalidades da marcha e da mobilidade,Marcha atáxica
R26.1,Anormalidades da marcha e da mobilidade,Marcha paralítica
R26.2,Anormalidades da marcha e da mobilidade,Dificuldade para andar não classificada em outra parte
R26.8,Anormalidades da marcha e da mobilidade,Outras anormalidades da marcha e da mobilidade e as não especificadas
R27.0,Outros distúrbios da coordenação,Ataxia não especificada
R27.8,Outros distúrbios da coordenação,Outros distúrbios da coordenação e os não especificados
R29.0,Outros sintomas e sinais relativos aos sistemas nervoso e osteomuscular,Tetania
R29.1,Outros sintomas e sinais relativos aos sistemas nervoso e osteomuscular,Meningismo
R29.2,Outros sintomas e sinais relativos aos sistemas nervoso e osteomuscular,Reflexos anormais
R29.3,Outros sintomas e sinais relativos aos sistemas nervoso e osteomuscular,Postura anormal
R29.4,Outros sintomas e sinais relativos aos sistemas nervoso e osteomuscular,Quadril estalante
R29.6,Outros sintomas e sinais relativos aos sistemas nervoso e osteomuscular,Tendência a queda
R29.8,Outros sintomas e sinais relativos aos sistemas nervoso e osteomuscular,Outros sintomas e sinais relativos aos sistemas nervoso e osteomuscular e os não especificados
R30.0,Dor associada à micção,Disúria
R30.1,Dor associada à micção,Tenesmo vesical
R30.9,Dor associada à micção,Micção dolorosa
R31,Hematúria não especificada,Hematúria não especificada
R32,Incontinência urinária não especificada,Incontinência urinária não especificada
R33,Retenção urinária,Retenção urinária
R34,Anúria e oligúria,Anúria e oligúria
R35,Poliúria,Poliúria
R36,Secreção uretral,Secreção uretral
R39.0,Outros sintomas e sinais relativos ao aparelho urinário,Extravasamento de urina
R39.1,Outros sintomas e sinais relativos ao aparelho urinário,Outras dificuldades à micção
R39.2,Outros sintomas e sinais relativos ao aparelho urinário,Uremia extra-renal
R39.8,Outros sintomas e sinais relativos ao aparelho urinário,Outros sintomas e sinais relativos ao aparelho urinário e os não especificados
R40.0,Sonolência,Sonolência
R40.1,Sonolência,Estupor
R40.2,Sonolência,Coma não especificado
R41.0,Outros sintomas e sinais relativos à função cognitiva e à consciência,Desorientação não especificada
R41.1,Outros sintomas e sinais relativos à função cognitiva e à consciência,Amnésia anterógrada
R41.2,Outros sintomas e sinais relativos à função cognitiva e à consciência,Amnésia retrógrada
R41.3,Outros sintomas e sinais relativos à função cognitiva e à consciência,Outra amnésia
R41.8,Outros sintomas e sinais relativos à função cognitiva e à consciência,Outros sintomas e sinais especificados relativos às funções cognitivas e à consciência
R42,Tontura e instabilidade,Tontura e instabilidade
R43.0,Distúrbios do olfato e do paladar,Anosmia
R43.1,Distúrbios do olfato e do paladar,Parosmia
R43.2,Distúrbios do olfato e do paladar,Parageusia
R43.8,Distúrbios do olfato e do paladar,Outros distúrbios do olfato e do paladar e os não especificados
R44.0,Outros sintomas e sinais relativos às sensações e às percepções gerais,Alucinações auditivas
R44.1,Outros sintomas e sinais relativos às sensações e às percepções gerais,Alucinações visuais
R44.2,Outros sintomas e sinais relativos às sensações e às percepções gerais,Outras alucinações
R44.3,Outros sintomas e sinais relativos às sensações e às percepções gerais,Alucinações não especificadas
R44.8,Outros sintomas e sinais relativos às sensações e às percepções gerais,Outros sintomas e sinais especificados relativos às sensações e percepções gerais
R45.0,Sintomas e sinais relativos ao estado emocional,Nervosismo
R45.1,Sintomas e sinais relativos ao estado emocional,Agitação e inquietação
R45.2,Sintomas e sinais relativos ao estado emocional,Tristeza
R45.3,Sintomas e sinais relativos ao estado emocional,Apatia e desinteresse
R45.4,Sintomas e sinais relativos ao estado emocional,Irritabilidade e mau humor
R45.5,Sintomas e sinais relativos ao estado emocional,Hostilidade
R45.6,Sintomas e sinais relativos ao estado emocional,Violência física
R45.7,Sintomas e sinais relativos ao estado emocional,Estado de choque emocional e tensão
R45.8,Sintomas e sinais relativos ao estado emocional,Outros sintomas e sinais relativos ao estado emocional
R46.0,Sintomas e sinais relativos à aparência e ao comportamento,Baixo nível de higiene pessoal
R46.1,Sintomas e sinais relativos à aparência e ao comportamento,Aparência pessoal bizarra
R46.2,Sintomas e sinais relativos à aparência e ao comportamento,Comportamento estranho e inexplicável
R46.3,Sintomas e sinais relativos à aparência e ao comportamento,Hiperatividade
R46.4,Sintomas e sinais relativos à aparência e ao comportamento,Lentidão e baixa reatividade
R46.5,Sintomas e sinais relativos à aparência e ao comportamento,Personalidade suspeita e evasiva
R46.6,Sintomas e sinais relativos à aparência e ao comportamento,Inquietação e preocupação exageradas com acontecimentos estressantes
R46.7,Sintomas e sinais relativos à aparência e ao comportamento,Verborragia e pormenores circunstanciais mascarando o motivo da consulta
R46.8,Sintomas e sinais relativos à aparência e ao comportamento,Outros sintomas e sinais relativos à aparência e ao comportamento
R47.0,Distúrbios da fala não classificados em outra parte,Disfasia e afasia
R47.1,Distúrbios da fala não classificados em outra parte,Disartria e anartria
R47.8,Distúrbios da fala não classificados em outra parte,Outros distúrbios da fala e os não especificados
R48.0,Dislexia e outras disfunções simbólicas,Dislexia e alexia
R48.1,Dislexia e outras disfunções simbólicas,Agnosia
R48.2,Dislexia e outras disfunções simbólicas,Apraxia
R48.8,Dislexia e outras disfunções simbólicas,Outras disfunções simbólicas e as não especificadas
R49.0,Distúrbios da voz,Disfonia
R49.1,Distúrbios da voz,Afonia
R49.2,Distúrbios da voz,Hipernasalidade e hiponasalidade
R49.8,Distúrbios da voz,Outros distúrbios da voz e os não especificados
R50.2,Febre de origem desconhecida e de outras origens,Febre induzida por drogas
R50.8,Febre de origem desconhecida e de outras origens,Outra febre especificada
R50.9,Febre de origem desconhecida e de outras origens,Febre não especificada
R51,Cefaléia,Cefaléia
R52.0,Dor não classificada em outra parte,Dor aguda
R52.1,Dor não classificada em outra parte,Dor crônica intratável
R52.2,Dor não classificada em outra parte,Outra dor crônica
R52.9,Dor não classificada em outra parte,Dor não especificada
R53,Mal estar,Mal estar
R54,Senilidade,Senilidade
R55,Síncope e colapso,Síncope e colapso
R56.0,Convulsões,Convulsões febris
R56.8,Convulsões,Outras convulsões e as não especificadas
R57.0,Choque não classificado em outra parte,Choque cardiogênico
R57.1,Choque não classificado em outra parte,Choque hipovolêmico
R57.8,Choque não classificado em outra parte,Outras formas de choque
R57.9,Choque não classificado em outra parte,Choque não especificado
R58,Hemorragia não classificada em outra parte,Hemorragia não classificada em outra parte
R59.0,Aumento de volume dos gânglios linfáticos,Aumento de volume localizado de gânglios linfáticos
R59.1,Aumento de volume dos gânglios linfáticos,Aumento de volume generalizado de gânglios linfáticos
R59.9,Aumento de volume dos gânglios linfáticos,Adenomegalia ou aumento de volume dos gânglios linfáticos
R60.0,Edema não classificado em outra parte,Edema localizado
R60.1,Edema não classificado em outra parte,Edema generalizado
R60.9,Edema não classificado em outra parte,Edema não especificado
R61.0,Hiperidrose,Hiperidrose localizada
R61.1,Hiperidrose,Hiperidrose generalizada
R61.9,Hiperidrose,Hiperidrose não especificada
R62.0,Retardo do desenvolvimento fisiológico normal,Retardo de maturação
R62.8,Retardo do desenvolvimento fisiológico normal,Outras formas de retardo do desenvolvimento fisiológico normal
R62.9,Retardo do desenvolvimento fisiológico normal,Retardo do desenvolvimento fisiológico normal
R63.0,Sintomas e sinais relativos à ingestão de alimentos e líquidos,Anorexia
R63.1,Sintomas e sinais relativos à ingestão de alimentos e líquidos,Polidipsia
R63.2,Sintomas e sinais relativos à ingestão de alimentos e líquidos,Polifagia
R63.3,Sintomas e sinais relativos à ingestão de alimentos e líquidos,Dificuldades de alimentação e erros na administração de alimentos
R63.4,Sintomas e sinais relativos à ingestão de alimentos e líquidos,Perda de peso anormal
R63.5,Sintomas e sinais relativos à ingestão de alimentos e líquidos,Ganho de peso anormal
R63.8,Sintomas e sinais relativos à ingestão de alimentos e líquidos,Outros sintomas e sinais relativos a ingestão de alimentos e de líquidos
R64,Caquexia,Caquexia
R68.0,Outros sintomas e sinais gerais,Hipotermia não associada à baixa temperatura ambiental
R68.1,Outros sintomas e sinais gerais,Sintomas não específicos peculiares à infância
R68.2,Outros sintomas e sinais gerais,Boca seca
R68.3,Outros sintomas e sinais gerais,Baqueteamento dos dedos
R68.8,Outros sintomas e sinais gerais,Outros sintomas e sinais gerais especificados
R69,Causas desconhecidas e não especificadas de morbidade,Causas desconhecidas e não especificadas de morbidade
R70.0,Velocidade de hemossedimentação elevada e outras anormalidades da viscosidade plasmática,Velocidade de hemossedimentação elevada
R70.1,Velocidade de hemossedimentação elevada e outras anormalidades da viscosidade plasmática,Viscosidade plasmática anormal
R71,Anormalidade das hemácias,Anormalidade das hemácias
R72,Anormalidade dos leucócitos não classificada em outra parte,Anormalidade dos leucócitos não classificada em outra parte
R73.0,Aumento da glicemia,Teste de tolerância a glicose anormal
R73.9,Aumento da glicemia,Hiperglicemia não especificada
R74.0,Anormalidades dos níveis de enzimas séricas,Aumento dos níveis de transaminases e da desidrogenase lática (DHL)
R74.8,Anormalidades dos níveis de enzimas séricas,Níveis anormais de outras enzimas séricas
R74.9,Anormalidades dos níveis de enzimas séricas,Anormalidade dos níveis de enzimas séricas
R75,Evidência laboratorial do vírus da imunodeficiência humana [HIV],Evidência laboratorial do vírus da imunodeficiência humana [HIV]
R76.0,Outros achados imunológicos anormais no soro,Título aumentado de anticorpos
R76.1,Outros achados imunológicos anormais no soro,Reação anormal ao teste da tuberculina
R76.2,Outros achados imunológicos anormais no soro,Exame sorológico falso positivo para sífilis
R76.8,Outros achados imunológicos anormais no soro,Outros achados imunológicos especificados anormais no soro
R76.9,Outros achados imunológicos anormais no soro,Achado anormal de exame imunológico sérico
R77.0,Outras anormalidades das proteínas plasmáticas,Anormalidade da albumina
R77.1,Outras anormalidades das proteínas plasmáticas,Anormalidade das globulinas
R77.2,Outras anormalidades das proteínas plasmáticas,Anormalidade da alfafetoproteína
R77.8,Outras anormalidades das proteínas plasmáticas,Outras anormalidades especificadas das proteínas plasmáticas
R77.9,Outras anormalidades das proteínas plasmáticas,Anormalidades de proteína plasmática
R78.0,Presença de drogas e de outras substâncias normalmente não encontradas no sangue,Presença de álcool no sangue
R78.1,Presença de drogas e de outras substâncias normalmente não encontradas no sangue,Presença de opiáceos no sangue
R78.2,Presença de drogas e de outras substâncias normalmente não encontradas no sangue,Presença de cocaína no sangue
R78.3,Presença de drogas e de outras substâncias normalmente não encontradas no sangue,Presença de alucinógeno no sangue
R78.4,Presença de drogas e de outras substâncias normalmente não encontradas no sangue,Presença de outras drogas com potencial de causar dependência
R78.5,Presença de drogas e de outras substâncias normalmente não encontradas no sangue,Presença de droga psicotrópica no sangue
R78.6,Presença de drogas e de outras substâncias normalmente não encontradas no sangue,Presença de agente esteróide no sangue
R78.7,Presença de drogas e de outras substâncias normalmente não encontradas no sangue,Presença de nível anormal de metais pesados no sangue
R78.8,Presença de drogas e de outras substâncias normalmente não encontradas no sangue,Presença de outras substâncias especificadas não normalmente encontradas no sangue
R78.9,Presença de drogas e de outras substâncias normalmente não encontradas no sangue,Presença de substância não especificada normalmente não encontrada no sangue
R79.0,Outros achados anormais de exames químicos do sangue,Anormalidade do nível de elementos minerais no sangue
R79.8,Outros achados anormais de exames químicos do sangue,Outros achados anormais especificados de exames químicos do sangue
R79.9,Outros achados anormais de exames químicos do sangue,Achado anormal de exame químico do sangue
R80,Proteinúria isolada,Proteinúria isolada
R81,Glicosúria,Glicosúria
R82.0,Outros achados anormais na urina,Quilúria
R82.1,Outros achados anormais na urina,Mioglobinúria
R82.2,Outros achados anormais na urina,Biliúria
R82.3,Outros achados anormais na urina,Hemoglobinúria
R82.4,Outros achados anormais na urina,Acetonúria
R82.5,Outros achados anormais na urina,Níveis urinários elevados de drogas
R82.6,Outros achados anormais na urina,Níveis urinários anormais de substâncias cuja origem é essencialmente não-medicinal
R82.7,Outros achados anormais na urina,Achados anormais ao exame microbiológico da urina
R82.8,Outros achados anormais na urina,Achados anormais ao exame citológico e histológico da urina
R82.9,Outros achados anormais na urina,Outros achados anormais na urina e os não especificados
R83.0,Achados anormais no líquido cefalorraquidiano,Achados anormais no líquido cefalorraquidiano - nível enzimático anormal
R83.1,Achados anormais no líquido cefalorraquidiano,Achados anormais no líquido cefalorraquidiano - nível hormonal anormal
R83.2,Achados anormais no líquido cefalorraquidiano,Achados anormais no líquido cefalorraquidiano - nível anormal de outras drogas
R83.3,Achados anormais no líquido cefalorraquidiano,Achados anormais no líquido cefalorraquidiano - nível anormal de substâncias cuja origem é essencialmente não medicinal
R83.4,Achados anormais no líquido cefalorraquidiano,Achados anormais no líquido cefalorraquidiano - achados imunológicos anormais
R83.5,Achados anormais no líquido cefalorraquidiano,Achados anormais no líquido cefalorraquidiano - achados microbiológicos anormais
R83.6,Achados anormais no líquido cefalorraquidiano,Achados anormais no líquido cefalorraquidiano - achados citológicos anormais
R83.7,Achados anormais no líquido cefalorraquidiano,Achados anormais no líquido cefalorraquidiano - achados histológicos anormais
R83.8,Achados anormais no líquido cefalorraquidiano,Achados anormais no líquido cefalorraquidiano - outros achados anormais
R83.9,Achados anormais no líquido cefalorraquidiano,Achados anormais no líquido cefalorraquidiano - achado anormal não especificado
R84.0,Achados anormais de material proveniente dos órgãos respiratórios e do tórax,Achados anormais de material proveniente dos órgãos respiratórios e do tórax - nível enzimático anormal
R84.1,Achados anormais de material proveniente dos órgãos respiratórios e do tórax,Achados anormais de material proveniente dos órgãos respiratórios e do tórax - nível hormonal anormal
R84.2,Achados anormais de material proveniente dos órgãos respiratórios e do tórax,Achados anormais de material proveniente dos órgãos respiratórios e do tórax - nível anormal de outras drogas
R84.3,Achados anormais de material proveniente dos órgãos respiratórios e do tórax,Achados anormais de material proveniente dos órgãos respiratórios e do tórax - nível anormal de substâncias cuja origem é essencialmente não medicinal
R84.4,Achados anormais de material proveniente dos órgãos respiratórios e do tórax,Achados anormais de material proveniente dos órgãos respiratórios e do tórax - achados imunológicos anormais
R84.5,Achados anormais de material proveniente dos órgãos respiratórios e do tórax,Achados anormais de material proveniente dos órgãos respiratórios e do tórax - achados microbiológicos anormais
R84.6,Achados anormais de material proveniente dos órgãos respiratórios e do tórax,Achados anormais de material proveniente dos órgãos respiratórios e do tórax - achados citológicos anormais
R84.7,Achados anormais de material proveniente dos órgãos respiratórios e do tórax,Achados anormais de material proveniente dos órgãos respiratórios e do tórax - achados histológicos anormais
R84.8,Achados anormais de material proveniente dos órgãos respiratórios e do tórax,Achados anormais de material proveniente dos órgãos respiratórios e do tórax - outros achados anormais
R84.9,Achados anormais de material proveniente dos órgãos respiratórios e do tórax,Achados anormais de material proveniente dos órgãos respiratórios e do tórax - achado anormal não especificado
R85.0,Achados anormais de material proveniente dos órgãos digestivos e da cavidade abdominal,Achados anormais de material proveniente dos órgãos digestivos e da cavidade abdominal - nível enzimático anormal
R85.1,Achados anormais de material proveniente dos órgãos digestivos e da cavidade abdominal,Achados anormais de material proveniente dos órgãos digestivos e da cavidade abdominal - nível hormonal anormal
R85.2,Achados anormais de material proveniente dos órgãos digestivos e da cavidade abdominal,Achados anormais de material proveniente dos órgãos digestivos e da cavidade abdominal - nível anormal de outras drogas
R85.3,Achados anormais de material proveniente dos órgãos digestivos e da cavidade abdominal,Achados anormais de material proveniente dos órgãos digestivos e da cavidade abdominal - nível anormal de substâncias cuja origem é essencialmente não medicinal
R85.4,Achados anormais de material proveniente dos órgãos digestivos e da cavidade abdominal,Achados anormais de material proveniente dos órgãos digestivos e da cavidade abdominal - achados imunológicos anormais
R85.5,Achados anormais de material proveniente dos órgãos digestivos e da cavidade abdominal,Achados anormais de material proveniente dos órgãos digestivos e da cavidade abdominal - achados microbiológicos anormais
R85.6,Achados anormais de material proveniente dos órgãos digestivos e da cavidade abdominal,Achados anormais de material proveniente dos órgãos digestivos e da cavidade abdominal - achados citológicos anormais
R85.7,Achados anormais de material proveniente dos órgãos digestivos e da cavidade abdominal,Achados anormais de material proveniente dos órgãos digestivos e da cavidade abdominal - achados histológicos anormais
R85.8,Achados anormais de material proveniente dos órgãos digestivos e da cavidade abdominal,Achados anormais de material proveniente dos órgãos digestivos e da cavidade abdominal - outros achados anormais
R85.9,Achados anormais de material proveniente dos órgãos digestivos e da cavidade abdominal,Achados anormais de material proveniente dos órgãos digestivos e da cavidade abdominal - achado anormal não especificado
R86.0,Achados anormais de material proveniente dos órgãos genitais masculinos,Achados anormais de material proveniente dos órgãos genitais masculinos - nível enzimático anormal
R86.1,Achados anormais de material proveniente dos órgãos genitais masculinos,Achados anormais de material proveniente dos órgãos genitais masculinos - nível hormonal anormal
R86.2,Achados anormais de material proveniente dos órgãos genitais masculinos,Achados anormais de material proveniente dos órgãos genitais masculinos - nível anormal de outras drogas
R86.3,Achados anormais de material proveniente dos órgãos genitais masculinos,Achados anormais de material proveniente dos órgãos genitais masculinos - nível anormal de substâncias cuja origem é essencialmente não medicinal
R86.4,Achados anormais de material proveniente dos órgãos genitais masculinos,Achados anormais de material proveniente dos órgãos genitais masculinos - achados imunológicos anormais
R86.5,Achados anormais de material proveniente dos órgãos genitais masculinos,Achados anormais de material proveniente dos órgãos genitais masculinos - achados microbiológicos anormais
R86.6,Achados anormais de material proveniente dos órgãos genitais masculinos,Achados anormais de material proveniente dos órgãos genitais masculinos - achados citológicos anormais
R86.7,Achados anormais de material proveniente dos órgãos genitais masculinos,Achados anormais de material proveniente dos órgãos genitais masculinos - achados histológicos anormais
R86.8,Achados anormais de material proveniente dos órgãos genitais masculinos,Achados anormais de material proveniente dos órgãos genitais masculinos - outros achados anormais
R86.9,Achados anormais de material proveniente dos órgãos genitais masculinos,Achados anormais de material proveniente dos órgãos genitais masculinos - achado anormal não especificado
R87.0,Achados anormais de material proveniente dos órgãos genitais femininos,Achados anormais de material proveniente dos órgãos genitais femininos - nível enzimático anormal
R87.1,Achados anormais de material proveniente dos órgãos genitais femininos,Achados anormais de material proveniente dos órgãos genitais femininos - nível hormonal anormal
R87.2,Achados anormais de material proveniente dos órgãos genitais femininos,Achados anormais de material proveniente dos órgãos genitais femininos - nível anormal de outras drogas
R87.3,Achados anormais de material proveniente dos órgãos genitais femininos,Achados anormais de material proveniente dos órgãos genitais femininos - nível anormal de substâncias cuja origem é essencialmente não medicinal
R87.4,Achados anormais de material proveniente dos órgãos genitais femininos,Achados anormais de material proveniente dos órgãos genitais femininos - achados imunológicos anormais
R87.5,Achados anormais de material proveniente dos órgãos genitais femininos,Achados anormais de material proveniente dos órgãos genitais femininos - achados microbiológicos anormais
R87.6,Achados anormais de material proveniente dos órgãos genitais femininos,Achados anormais de material proveniente dos órgãos genitais femininos - achados citológicos anormais
R87.7,Achados anormais de material proveniente dos órgãos genitais femininos,Achados anormais de material proveniente dos órgãos genitais femininos - achados histológicos anormais
R87.8,Achados anormais de material proveniente dos órgãos genitais femininos,Achados anormais de material proveniente dos órgãos genitais femininos - outros achados anormais
R87.9,Achados anormais de material proveniente dos órgãos genitais femininos,Achados anormais de material proveniente dos órgãos genitais femininos - achado anormal não especificado
R89.0,Achados anormais de material proveniente de outros órgãos,Achados anormais de material proveniente de outros órgãos
R89.1,Achados anormais de material proveniente de outros órgãos,Achados anormais de material proveniente de outros órgãos
R89.2,Achados anormais de material proveniente de outros órgãos,Achados anormais de material proveniente de outros órgãos
R89.3,Achados anormais de material proveniente de outros órgãos,Achados anormais de material proveniente de outros órgãos
R89.4,Achados anormais de material proveniente de outros órgãos,Achados anormais de material proveniente de outros órgãos
R89.5,Achados anormais de material proveniente de outros órgãos,Achados anormais de material proveniente de outros órgãos
R89.6,Achados anormais de material proveniente de outros órgãos,Achados anormais de material proveniente de outros órgãos
R89.7,Achados anormais de material proveniente de outros órgãos,Achados anormais de material proveniente de outros órgãos
R89.8,Achados anormais de material proveniente de outros órgãos,Achados anormais de material proveniente de outros órgãos
R89.9,Achados anormais de material proveniente de outros órgãos,Achados anormais de material proveniente de outros órgãos
R90.0,Resultados anormais de exames para diagnóstico por imagem do sistema nervoso central,Lesão intracraniana ocupando espaço
R90.8,Resultados anormais de exames para diagnóstico por imagem do sistema nervoso central,Outros resultados anormais de exames para diagnóstico por imagem do sistema nervoso central
R91,Achados anormais,Achados anormais
R92,Achados anormais,Achados anormais
R93.0,Achados anormais de exames para diagnóstico por imagem de outras estruturas do corpo,Achados anormais de exames para diagnóstico por imagem do crânio e da cabeça não classificados em outra parte
R93.1,Achados anormais de exames para diagnóstico por imagem de outras estruturas do corpo,Achados anormais de exames para diagnóstico por imagem do coração e da circulação coronariana
R93.2,Achados anormais de exames para diagnóstico por imagem de outras estruturas do corpo,Achados anormais de exames para diagnóstico por imagem do fígado e das vias biliares
R93.3,Achados anormais de exames para diagnóstico por imagem de outras estruturas do corpo,Achados anormais de exames para diagnóstico por imagem de outras partes do tubo digestivo
R93.4,Achados anormais de exames para diagnóstico por imagem de outras estruturas do corpo,Achados anormais de exames para diagnóstico por imagem dos órgãos urinários
R93.5,Achados anormais de exames para diagnóstico por imagem de outras estruturas do corpo,Achados anormais de exames para diagnóstico por imagem de outras regiões do abdome
R93.6,Achados anormais de exames para diagnóstico por imagem de outras estruturas do corpo,Achados anormais de exames para diagnóstico por imagem dos membros
R93.7,Achados anormais de exames para diagnóstico por imagem de outras estruturas do corpo,Achados anormais de exames para diagnóstico por imagem de outras partes do sistema osteomuscular
R93.8,Achados anormais de exames para diagnóstico por imagem de outras estruturas do corpo,Achados anormais de exames diagnósticos por imagem de outras estruturas somáticas especificadas
R94.0,Resultados anormais de estudos de função,Resultados anormais de estudos de função do sistema nervoso central
R94.1,Resultados anormais de estudos de função,Resultados anormais de estudos de função do sistema nervoso periférico e dos órgãos dos sentidos
R94.2,Resultados anormais de estudos de função,Resultados anormais de estudos da função pulmonar
R94.3,Resultados anormais de estudos de função,Resultados anormais de estudos da função cardiovascular
R94.4,Resultados anormais de estudos de função,Resultados anormais de estudos de função renal
R94.5,Resultados anormais de estudos de função,Resultados anormais de estudos de função hepática
R94.6,Resultados anormais de estudos de função,Resultados anormais de estudos de função tireoidiana
R94.7,Resultados anormais de estudos de função,Resultados anormais de estudos de função de outras glândulas endócrinas
R94.8,Resultados anormais de estudos de função,Resultados anormais de estudos de função de outros órgãos
R95,Síndrome da morte súbita na infância,Síndrome da morte súbita na infância
R96.0,Outras mortes súbitas de causa desconhecida,Morte instantânea
R96.1,Outras mortes súbitas de causa desconhecida,Morte que ocorre em menos de 24 horas após o início dos sintomas
R98,Morte sem assistência,Morte sem assistência
R99,Outras causas mal definidas e as não especificadas de mortalidade,Outras causas mal definidas e as não especificadas de mortalidade
S00.0,Traumatismo superficial da cabeça,Traumatismo superficial do couro cabeludo
S00.1,Traumatismo superficial da cabeça,Contusão da pálpebra e da região periocular
S00.2,Traumatismo superficial da cabeça,Outros traumatismos superficiais da pálpebra e da região periocular
S00.3,Traumatismo superficial da cabeça,Traumatismo superficial do nariz
S00.4,Traumatismo superficial da cabeça,Traumatismo superficial do ouvido
S00.5,Traumatismo superficial da cabeça,Traumatismo superficial dos lábios e da cavidade oral
S00.7,Traumatismo superficial da cabeça,Traumatismos superficiais múltiplos da cabeça
S00.8,Traumatismo superficial da cabeça,Traumatismo superficial de outras partes da cabeça
S00.9,Traumatismo superficial da cabeça,Traumatismo superficial da cabeça
S01.0,Ferimento da cabeça,Ferimento do couro cabeludo
S01.1,Ferimento da cabeça,Ferimento da pálpebra e da região periocular
S01.2,Ferimento da cabeça,Ferimento do nariz
S01.3,Ferimento da cabeça,Ferimento do ouvido
S01.4,Ferimento da cabeça,Ferimento da bochecha e região têmporo-mandibular
S01.5,Ferimento da cabeça,Ferimento do lábio e da cavidade oral
S01.7,Ferimento da cabeça,Ferimentos múltiplos da cabeça
S01.8,Ferimento da cabeça,Ferimento na cabeça
S01.9,Ferimento da cabeça,Ferimento na cabeça
S02.0,Fratura do crânio e dos ossos da face,Fratura da abóbada do crânio
S02.1,Fratura do crânio e dos ossos da face,Fratura da base do crânio
S02.2,Fratura do crânio e dos ossos da face,Fratura dos ossos nasais
S02.3,Fratura do crânio e dos ossos da face,Fratura do assoalho orbital
S02.4,Fratura do crânio e dos ossos da face,Fratura dos ossos malares e maxilares
S02.5,Fratura do crânio e dos ossos da face,Fratura de dentes
S02.6,Fratura do crânio e dos ossos da face,Fratura de mandíbula
S02.7,Fratura do crânio e dos ossos da face,Fraturas múltiplas envolvendo os ossos do crânio e da face
S02.8,Fratura do crânio e dos ossos da face,Outras fraturas do crânio e dos ossos da face
S02.9,Fratura do crânio e dos ossos da face,Fratura do crânio ou dos ossos da face
S03.0,Luxação,Luxação do maxilar
S03.1,Luxação,Luxação da cartilagem do septo nasal
S03.2,Luxação,Luxação dentária
S03.3,Luxação,Luxação de outras partes da cabeça e das não especificadas
S03.4,Luxação,Entorse e distensão do maxilar
S03.5,Luxação,Entorse e distensão da articulações e dos ligamentos de outras localizações e de localizações não especificadas da cabeça
S04.0,Traumatismo dos nervos cranianos,Traumatismo do nervo e das vias ópticas
S04.1,Traumatismo dos nervos cranianos,Traumatismo do nervo oculomotor
S04.2,Traumatismo dos nervos cranianos,Traumatismo do nervo troclear
S04.3,Traumatismo dos nervos cranianos,Traumatismo do nervo trigêmeo
S04.4,Traumatismo dos nervos cranianos,Traumatismo do nervo abducente
S04.5,Traumatismo dos nervos cranianos,Traumatismo do nervo facial
S04.6,Traumatismo dos nervos cranianos,Traumatismo do nervo acústico
S04.7,Traumatismo dos nervos cranianos,Traumatismo do nervo acessório
S04.8,Traumatismo dos nervos cranianos,Traumatismo de outros nervos cranianos
S04.9,Traumatismo dos nervos cranianos,Traumatismo de nervo craniano não especificado
S05.0,Traumatismo do olho e da órbita ocular,Traumatismo da conjuntiva e abrasão da córnea sem menção de corpo estranho
S05.1,Traumatismo do olho e da órbita ocular,Contusão do globo ocular e dos tecidos da órbita
S05.2,Traumatismo do olho e da órbita ocular,Laceração e ruptura ocular com prolapso ou perda de tecido intra-ocular
S05.3,Traumatismo do olho e da órbita ocular,Laceração ocular sem prolapso ou perda de tecido intra-ocular
S05.4,Traumatismo do olho e da órbita ocular,Ferimento penetrante da órbita com ou sem corpo estranho
S05.5,Traumatismo do olho e da órbita ocular,Ferimento penetrante do globo ocular com corpo estranho
S05.6,Traumatismo do olho e da órbita ocular,Ferimento penetrante do globo ocular sem corpo estranho
S05.7,Traumatismo do olho e da órbita ocular,Avulsão do olho
S05.8,Traumatismo do olho e da órbita ocular,Outros traumatismos do olho e da órbita
S05.9,Traumatismo do olho e da órbita ocular,Traumatismo do olho e da órbita
S06.0,Traumatismo intracraniano,Concussão cerebral
S06.1,Traumatismo intracraniano,Edema cerebral traumático
S06.2,Traumatismo intracraniano,Traumatismo cerebral difuso
S06.3,Traumatismo intracraniano,Traumatismo cerebral focal
S06.4,Traumatismo intracraniano,Hemorragia epidural
S06.5,Traumatismo intracraniano,Hemorragia subdural devida a traumatismo
S06.6,Traumatismo intracraniano,Hemorragia subaracnóide devida a traumatismo
S06.7,Traumatismo intracraniano,Traumatismo intracraniano com coma prolongado
S06.8,Traumatismo intracraniano,Outros traumatismos intracranianos
S06.9,Traumatismo intracraniano,Traumatismo intracraniano
S07.0,Lesões por esmagamento da cabeça,Lesão por esmagamento da face
S07.1,Lesões por esmagamento da cabeça,Lesão por esmagamento do crânio
S07.8,Lesões por esmagamento da cabeça,Lesão por esmagamento de outras partes da cabeça
S07.9,Lesões por esmagamento da cabeça,Lesão por esmagamento da cabeça
S08.0,Amputação traumática de parte da cabeça,Avulsão do couro cabeludo
S08.1,Amputação traumática de parte da cabeça,Amputação traumática da orelha
S08.8,Amputação traumática de parte da cabeça,Amputação traumática de outras partes da cabeça
S08.9,Amputação traumática de parte da cabeça,Amputação traumática de parte não especificada da cabeça
S09.0,Outros traumatismos da cabeça e os não especificados,Traumatismo dos vasos sangüíneos da cabeça não classificados em outra parte
S09.1,Outros traumatismos da cabeça e os não especificados,Traumatismo dos músculos e dos tendões da cabeça
S09.2,Outros traumatismos da cabeça e os não especificados,Ruptura traumática do tímpano
S09.7,Outros traumatismos da cabeça e os não especificados,Traumatismos múltiplos da cabeça
S09.8,Outros traumatismos da cabeça e os não especificados,Outros traumatismos especificados da cabeça
S09.9,Outros traumatismos da cabeça e os não especificados,Traumatismo não especificado da cabeça
S10.0,Traumatismo superficial do pescoço,Contusão da garganta
S10.1,Traumatismo superficial do pescoço,Outros traumatismos superficiais da garganta e os não especificados
S10.7,Traumatismo superficial do pescoço,Traumatismos superficiais múltiplos do pescoço
S10.8,Traumatismo superficial do pescoço,Traumatismo superficial de outras localizações do pescoço
S10.9,Traumatismo superficial do pescoço,Traumatismo superficial do pescoço
S11.0,Ferimento do pescoço,Ferimento envolvendo a laringe e a traquéia
S11.1,Ferimento do pescoço,Ferimento da glândula tireóide
S11.2,Ferimento do pescoço,Ferimento envolvendo a faringe e o esôfago cervical
S11.7,Ferimento do pescoço,Ferimentos múltiplos do pescoço
S11.8,Ferimento do pescoço,Ferimentos de outras partes do pescoço
S11.9,Ferimento do pescoço,Ferimentos do pescoço
S12.0,Fratura do pescoço,Fratura da primeira vértebra cervical
S12.1,Fratura do pescoço,Fratura da segunda vértebra cervical
S12.2,Fratura do pescoço,Fratura de outras vértebras cervicais especificadas
S12.7,Fratura do pescoço,Fraturas múltiplas da coluna cervical
S12.8,Fratura do pescoço,Fratura de outras partes do pescoço
S12.9,Fratura do pescoço,Fratura do pescoço
S13.0,Luxação,Ruptura traumática de disco intervertebral cervical
S13.1,Luxação,Luxação de vértebra cervical
S13.2,Luxação,Luxação de outras partes do pescoço e das não especificadas
S13.3,Luxação,Luxações múltiplas do pescoço
S13.4,Luxação,Distensão e entorse da coluna cervical
S13.5,Luxação,Distensão e entorse da região tireoidiana
S13.6,Luxação,Distensão e entorse de articulações e de ligamentos de outras localizações e das não especificadas do pescoço
S14.0,Traumatismo de nervos e da medula espinhal ao nível cervical,Concussão e edema da medula cervical
S14.1,Traumatismo de nervos e da medula espinhal ao nível cervical,Outros traumatismos e os não especificados da medula cervical
S14.2,Traumatismo de nervos e da medula espinhal ao nível cervical,Traumatismo da raiz nervosa da coluna cervical
S14.3,Traumatismo de nervos e da medula espinhal ao nível cervical,Traumatismo do plexo braquial
S14.4,Traumatismo de nervos e da medula espinhal ao nível cervical,Traumatismo dos nervos periféricos do pescoço
S14.5,Traumatismo de nervos e da medula espinhal ao nível cervical,Traumatismo dos nervos simpáticos do pescoço
S14.6,Traumatismo de nervos e da medula espinhal ao nível cervical,Traumatismo de outros nervos e dos não especificados do pescoço
S15.0,Traumatismo dos vasos sangüíneos ao nível do pescoço,Traumatismo da artéria carótida
S15.1,Traumatismo dos vasos sangüíneos ao nível do pescoço,Traumatismo da artéria vertebral
S15.2,Traumatismo dos vasos sangüíneos ao nível do pescoço,Traumatismo da veia jugular externa
S15.3,Traumatismo dos vasos sangüíneos ao nível do pescoço,Traumatismo da veia jugular interna
S15.7,Traumatismo dos vasos sangüíneos ao nível do pescoço,Traumatismo de múltiplos vasos sangüíneos ao nível do pescoço
S15.8,Traumatismo dos vasos sangüíneos ao nível do pescoço,Traumatismo de outros vasos sangüíneos ao nível do pescoço
S15.9,Traumatismo dos vasos sangüíneos ao nível do pescoço,Traumatismo de vasos sangüíneos não especificados ao nível do pescoço
S16,Traumatismo de tendões e de músculos do pescoço,Traumatismo de tendões e de músculos do pescoço
S17.0,Lesões por esmagamento do pescoço,Lesão por esmagamento da laringe e da traquéia
S17.8,Lesões por esmagamento do pescoço,Lesão por esmagamento de outras partes do pescoço
S17.9,Lesões por esmagamento do pescoço,Lesão por esmagamento do pescoço
S18,Amputação traumática ao nível do pescoço,Amputação traumática ao nível do pescoço
S19.7,Outros traumatismos do pescoço e os não especificados,Traumatismos múltiplos do pescoço
S19.8,Outros traumatismos do pescoço e os não especificados,Outros traumatismos especificados do pescoço
S19.9,Outros traumatismos do pescoço e os não especificados,Traumatismo não especificado do pescoço
S20.0,Traumatismo superficial do tórax,Contusão da mama
S20.1,Traumatismo superficial do tórax,Outros traumatismos superficiais da mama e os não especificados
S20.2,Traumatismo superficial do tórax,Contusão do tórax
S20.3,Traumatismo superficial do tórax,Outros traumatismos superficiais da parede anterior do tórax
S20.4,Traumatismo superficial do tórax,Outros traumatismos superficiais da parede posterior do tórax
S20.7,Traumatismo superficial do tórax,Traumatismos superficiais múltiplos do tórax
S20.8,Traumatismo superficial do tórax,Traumatismo superficial de outras partes especificadas do tórax e das não especificadas
S21.0,Ferimento do tórax,Ferimento da mama
S21.1,Ferimento do tórax,Ferimento da parede anterior do tórax
S21.2,Ferimento do tórax,Ferimento da parede posterior do tórax
S21.7,Ferimento do tórax,Ferimentos múltiplos da parede torácica
S21.8,Ferimento do tórax,Ferimento de outras partes do tórax
S21.9,Ferimento do tórax,Ferimento do tórax parte não especificada
S22.0,Fratura de costela(s),Fratura de vértebra torácica
S22.1,Fratura de costela(s),Fraturas múltiplas da coluna torácica
S22.2,Fratura de costela(s),Fratura do esterno
S22.3,Fratura de costela(s),Fratura de costela
S22.4,Fratura de costela(s),Fraturas múltiplas de costelas
S22.5,Fratura de costela(s),Tórax fundido (oscilante)
S22.8,Fratura de costela(s),Fraturas de outras partes dos ossos do tórax
S22.9,Fratura de costela(s),Fratura dos ossos do tórax
S23.0,Luxação,Ruptura traumática de disco intervertebral torácico
S23.1,Luxação,Luxação de vértebra torácica
S23.2,Luxação,Luxação de outras partes do tórax e das não especificadas
S23.3,Luxação,Entorse e distensão da coluna torácica
S23.4,Luxação,Entorse e distensão das costelas e do esterno
S23.5,Luxação,Entorse e distensão de outras partes do tórax e de partes não especificadas
S24.0,Traumatismos de nervos e da medula espinhal ao nível do tórax,Concussão e edema da medula espinhal torácica
S24.1,Traumatismos de nervos e da medula espinhal ao nível do tórax,Outros traumatismos da medula espinhal torácica e os não especificados
S24.2,Traumatismos de nervos e da medula espinhal ao nível do tórax,Traumatismo da raiz de nervo da coluna torácica
S24.3,Traumatismos de nervos e da medula espinhal ao nível do tórax,Traumatismo de nervos periféricos do tórax
S24.4,Traumatismos de nervos e da medula espinhal ao nível do tórax,Traumatismo de nervos simpáticos do tórax
S24.5,Traumatismos de nervos e da medula espinhal ao nível do tórax,Traumatismo de outros nervos do tórax
S24.6,Traumatismos de nervos e da medula espinhal ao nível do tórax,Traumatismo de nervo do tórax não especificado
S25.0,Traumatismo de vasos sangüíneos do tórax,Traumatismo da aorta torácica
S25.1,Traumatismo de vasos sangüíneos do tórax,Traumatismo da artéria subclávia ou inominada [braquiocefálica]
S25.2,Traumatismo de vasos sangüíneos do tórax,Traumatismo da veia cava superior
S25.3,Traumatismo de vasos sangüíneos do tórax,Traumatismo da veia subclávia ou inominada [braquiocefálica]
S25.4,Traumatismo de vasos sangüíneos do tórax,Traumatismo de vasos sangüíneos pulmonares
S25.5,Traumatismo de vasos sangüíneos do tórax,Traumatismo de vasos sangüíneos intercostais
S25.7,Traumatismo de vasos sangüíneos do tórax,Traumatismo de múltiplos vasos sangüíneos do tórax
S25.8,Traumatismo de vasos sangüíneos do tórax,Traumatismo de outros vasos sangüíneos do tórax
S25.9,Traumatismo de vasos sangüíneos do tórax,Traumatismo de vaso sangüíneo não especificado do tórax
S26.0,Traumatismo do coração,Traumatismo do coração com hemopericárdio
S26.8,Traumatismo do coração,Outros traumatismos do coração
S26.9,Traumatismo do coração,Traumatismo do coração não especificado
S27.0,Traumatismo de outros órgãos intratorácicos e dos não especificados,Pneumotórax traumático
S27.1,Traumatismo de outros órgãos intratorácicos e dos não especificados,Hemotórax traumático
S27.2,Traumatismo de outros órgãos intratorácicos e dos não especificados,Hemopneumotórax traumático
S27.3,Traumatismo de outros órgãos intratorácicos e dos não especificados,Outros traumatismos do pulmão
S27.4,Traumatismo de outros órgãos intratorácicos e dos não especificados,Traumatismo dos brônquios
S27.5,Traumatismo de outros órgãos intratorácicos e dos não especificados,Traumatismo da traquéia torácica
S27.6,Traumatismo de outros órgãos intratorácicos e dos não especificados,Traumatismo da pleura
S27.7,Traumatismo de outros órgãos intratorácicos e dos não especificados,Traumatismos múltiplos de órgãos intratorácicos
S27.8,Traumatismo de outros órgãos intratorácicos e dos não especificados,Traumatismo de outros órgãos intratorácicos especificados
S27.9,Traumatismo de outros órgãos intratorácicos e dos não especificados,Traumatismo de órgão intratorácico não especificado
S28.0,Lesão por esmagamento do tórax e amputação traumática de parte do tórax,Esmagamento do tórax
S28.1,Lesão por esmagamento do tórax e amputação traumática de parte do tórax,Amputação traumática de parte do tórax
S29.0,Outros traumatismos do tórax e os não especificados,Traumatismo de músculo e de tendão ao nível tóracico
S29.7,Outros traumatismos do tórax e os não especificados,Traumatismos múltiplos do tórax
S29.8,Outros traumatismos do tórax e os não especificados,Outros traumatismos especificados do tórax
S29.9,Outros traumatismos do tórax e os não especificados,Traumatismo não especificado do tórax
S30.0,Traumatismo superficial do abdome,Contusão do dorso e da pelve
S30.1,Traumatismo superficial do abdome,Contusão da parede abdominal
S30.2,Traumatismo superficial do abdome,Contusão dos órgãos genitais externos
S30.7,Traumatismo superficial do abdome,Traumatismos superficiais múltiplos do abdome
S30.8,Traumatismo superficial do abdome,Outros traumatismos superficiais do abdome
S30.9,Traumatismo superficial do abdome,Traumatismo superficial de parte não especificada do abdome
S31.0,Ferimento do abdome,Ferimento do dorso e da pelve
S31.1,Ferimento do abdome,Ferimento da parede abdominal
S31.2,Ferimento do abdome,Ferimento do pênis
S31.3,Ferimento do abdome,Ferimento do escroto e do testículo
S31.4,Ferimento do abdome,Ferimento da vagina e da vulva
S31.5,Ferimento do abdome,Ferimento de outros órgãos genitais externos e os não especificados
S31.7,Ferimento do abdome,Ferimentos múltiplos do abdome
S31.8,Ferimento do abdome,Ferimento de outras partes e de partes não especificadas do abdome
S32.0,Categoria não especificada,Fratura de vértebra lombar
S32.1,Categoria não especificada,Fratura do sacro
S32.2,Categoria não especificada,Fratura do cóccix
S32.3,Categoria não especificada,Fratura do ílio
S32.4,Categoria não especificada,Fratura do acetábulo
S32.5,Categoria não especificada,Fratura do púbis
S32.7,Categoria não especificada,Fraturas múltiplas de coluna lombar e da pelve
S32.8,Categoria não especificada,Fratura de outras partes da coluna lombossacra e da pelve e de partes não especificadas
S33.0,Categoria não especificada,Ruptura traumática do disco intervertebral lombar
S33.1,Categoria não especificada,Luxação da vértebra lombar
S33.2,Categoria não especificada,Luxação das articulações sacroilíaca e sacrococcígea
S33.3,Categoria não especificada,Luxação de outras partes e das não especificadas da coluna lombar e da pelve
S33.4,Categoria não especificada,Ruptura traumática da sínfise púbica
S33.5,Categoria não especificada,Entorse e distensão da coluna lombar
S33.6,Categoria não especificada,Entorse e distensão da articulação sacroilíaca
S33.7,Categoria não especificada,Entorse e distensão de outras partes e das não especificadas da coluna lombar e da pelve
S34.0,Categoria não especificada,Concussão e edema da medula lombar
S34.1,Categoria não especificada,Outro traumatismo da medula lombar
S34.2,Categoria não especificada,Traumatismo de raiz nervosa da medula lombar e sacra
S34.3,Categoria não especificada,Traumatismo de cauda eqüina
S34.4,Categoria não especificada,Traumatismo do plexo lombossacro
S34.5,Categoria não especificada,Traumatismo de nervos simpáticos lombares
S34.6,Categoria não especificada,Traumatismo do(s) nervo(s) periférico(s) do abdome
S34.8,Categoria não especificada,Traumatismo de outros nervos e dos não especificados ao nível do abdome
S35.0,Categoria não especificada,Traumatismo da aorta abdominal
S35.1,Categoria não especificada,Traumatismo da veia cava inferior
S35.2,Categoria não especificada,Traumatismo da artéria celíaca ou mesentérica
S35.3,Categoria não especificada,Traumatismo da veia porta ou esplênica
S35.4,Categoria não especificada,Traumatismo de vaso sangüíneo renal
S35.5,Categoria não especificada,Traumatismo de vaso sangüíneo ilíaco
S35.7,Categoria não especificada,Traumatismo de vasos múltiplos ao nível do abdome
S35.8,Categoria não especificada,Traumatismo de outros vasos sangüíneos ao nível do abdome
S35.9,Categoria não especificada,Traumatismo de vaso sangüíneo não especificado ao nível do abdome
S36.0,Categoria não especificada,Traumatismo do baço
S36.1,Categoria não especificada,Traumatismo do fígado ou da vesícula biliar
S36.2,Categoria não especificada,Traumatismo do pâncreas
S36.3,Categoria não especificada,Traumatismo do estômago
S36.4,Categoria não especificada,Traumatismo do intestino delgado
S36.5,Categoria não especificada,Traumatismo do cólon
S36.6,Categoria não especificada,Traumatismo do reto
S36.7,Categoria não especificada,Traumatismo de múltiplos órgãos intra-abdominais
S36.8,Categoria não especificada,Traumatismo de outros órgãos intra-abdominais
S36.9,Categoria não especificada,Traumatismo de órgão intra-abdominal não especificado
S37.0,Categoria não especificada,Traumatismo do rim
S37.1,Categoria não especificada,Traumatismo do ureter
S37.2,Categoria não especificada,Traumatismo da bexiga
S37.3,Categoria não especificada,Traumatismo da uretra
S37.4,Categoria não especificada,Traumatismo do ovário
S37.5,Categoria não especificada,Traumatismo da trompa de Falópio
S37.6,Categoria não especificada,Traumatismo do útero
S37.7,Categoria não especificada,Traumatismo de múltiplos órgãos pélvicos
S37.8,Categoria não especificada,Traumatismo de outros órgãos pélvicos
S37.9,Categoria não especificada,Traumatismo de órgão pélvico não especificado
S38.0,Categoria não especificada,Lesão por esmagamento dos órgãos genitais externos
S38.1,Categoria não especificada,Lesão por esmagamento de outras partes e de partes não especificadas do abdome
S38.2,Categoria não especificada,Amputação traumática de órgãos genitais externos
S38.3,Categoria não especificada,Amputação traumática de outras partes e de partes não especificadas do abdome
S39.0,Categoria não especificada,Traumatismo de músculo e de tendão do abdome
S39.6,Categoria não especificada,Traumatismo de órgão(s) intra-abdominal(is) com órgão(s) pélvico(s)
S39.7,Categoria não especificada,Outros traumatismos múltiplos do abdome
S39.8,Categoria não especificada,Outros traumatismos especificados do abdome
S39.9,Categoria não especificada,Traumatismo não especificado do abdome
S40.0,Categoria não especificada,Contusão do ombro e do braço
S40.7,Categoria não especificada,Traumatismos superficiais múltiplos do ombro e do braço
S40.8,Categoria não especificada,Outros traumatismos superficiais do ombro e do braço
S40.9,Categoria não especificada,Traumatismo superficial não especificado do ombro e do braço
S41.0,Categoria não especificada,Ferimento do ombro
S41.1,Categoria não especificada,Ferimento do braço
S41.7,Categoria não especificada,Ferimentos múltiplos do ombro e do braço
S41.8,Categoria não especificada,Ferimento de outras partes e de partes não especificadas da cintura escapular
S42.0,Categoria não especificada,Fratura da clavícula
S42.1,Categoria não especificada,Fratura da omoplata [escápula]
S42.2,Categoria não especificada,Fratura da extremidade superior do úmero
S42.3,Categoria não especificada,Fratura da diáfise do úmero
S42.4,Categoria não especificada,Fratura da extremidade inferior do úmero
S42.7,Categoria não especificada,Fraturas múltiplas da clavícula
S42.8,Categoria não especificada,Fratura de outras partes do ombro e do braço
S42.9,Categoria não especificada,Fratura da cintura escapular
S43.0,Categoria não especificada,Luxação da articulação do ombro
S43.1,Categoria não especificada,Luxação da articulação acromioclavicular
S43.2,Categoria não especificada,Luxação da articulação esternoclavicular
S43.3,Categoria não especificada,Luxação de outras partes e das não especificadas da cintura escapular
S43.4,Categoria não especificada,Entorse e distensão de articulação do ombro
S43.5,Categoria não especificada,Entorse e distensão da articulação acromioclavicular
S43.6,Categoria não especificada,Entorse e distensão da articulação esternoclavicular
S43.7,Categoria não especificada,Entorse e distensão de outras partes e de partes não especificadas da cintura escapular
S44.0,Categoria não especificada,Traumatismo do nervo cubital [ulnar] ao nível do braço
S44.1,Categoria não especificada,Traumatismo do nervo mediano ao nível do braço
S44.2,Categoria não especificada,Traumatismo do nervo radial ao nível do braço
S44.3,Categoria não especificada,Traumatismo do nervo axilar
S44.4,Categoria não especificada,Traumatismo do nervo musculocutâneo
S44.5,Categoria não especificada,Traumatismo do nervo sensitivo cutâneo ao nível do ombro e do braço
S44.7,Categoria não especificada,Traumatismo de múltiplos nervos ao nível do ombro e do braço
S44.8,Categoria não especificada,Traumatismo de outros nervos ao nível do ombro e do braço
S44.9,Categoria não especificada,Traumatismo de nervo não especificado ao nível do ombro e do braço
S45.0,Categoria não especificada,Traumatismo da artéria axilar
S45.1,Categoria não especificada,Traumatismo da artéria braquial
S45.2,Categoria não especificada,Traumatismo da veia axilar ou braquial
S45.3,Categoria não especificada,Traumatismo de veia superficial ao nível do ombro e do braço
S45.7,Categoria não especificada,Traumatismo de múltiplos vasos sangüíneos ao nível do ombro e do braço
S45.8,Categoria não especificada,Traumatismo de outros vasos sangüíneos ao nível do ombro e do braço
S45.9,Categoria não especificada,Traumatismo de vaso sangüíneo não especificado ao nível do ombro e do braço
S46.0,Categoria não especificada,Traumatismo do tendão do manguito rotador do ombro
S46.1,Categoria não especificada,Traumatismo do músculo e tendão da cabeça longa do bíceps
S46.2,Categoria não especificada,Traumatismo do músculo e tendão de outras partes do bíceps
S46.3,Categoria não especificada,Traumatismo do músculo e tendão do tríceps
S46.7,Categoria não especificada,Traumatismo de múltiplos músculos e tendões ao nível do ombro e do braço
S46.8,Categoria não especificada,Traumatismo de outros músculos e tendões ao nível do ombro e do braço
S46.9,Categoria não especificada,Traumatismo de músculo e tendão não especificado ao nível do ombro e do braço
S47,Categoria não especificada,Lesão por esmagamento do ombro e do braço
S48.0,Categoria não especificada,Amputação traumática da articulação do ombro
S48.1,Categoria não especificada,Amputação traumática de localização entre o ombro e o cotovelo
S48.9,Categoria não especificada,Amputação traumática do ombro e do braço
S49.7,Categoria não especificada,Traumatismos múltiplos do ombro e do braço
S49.8,Categoria não especificada,Outros traumatismos especificados do ombro e do braço
S49.9,Categoria não especificada,Traumatismo não especificado do ombro e do braço
S50.0,Categoria não especificada,Contusão do cotovelo
S50.1,Categoria não especificada,Contusão de outras partes e de partes não especificadas do antebraço
S50.7,Categoria não especificada,Traumatismos superficiais múltiplos do antebraço
S50.8,Categoria não especificada,Outros traumatismos superficiais do antebraço
S50.9,Categoria não especificada,Traumatismo superficial do antebraço
S51.0,Categoria não especificada,Ferimento do cotovelo
S51.7,Categoria não especificada,Ferimentos múltiplos do antebraço
S51.8,Categoria não especificada,Ferimento de outras partes do antebraço
S51.9,Categoria não especificada,Ferimento do antebraço
S52.0,Categoria não especificada,Fratura da extremidade superior do cúbito [ulna]
S52.1,Categoria não especificada,Fratura da extremidade superior do rádio
S52.2,Categoria não especificada,Fratura da diáfise do cúbito [ulna]
S52.3,Categoria não especificada,Fratura da diáfise do rádio
S52.4,Categoria não especificada,Fratura das diáfises do rádio e do cúbito [ulna]
S52.5,Categoria não especificada,Fratura da extremidade distal do rádio
S52.6,Categoria não especificada,Fratura da extremidade distal do rádio e do cúbito [ulna]
S52.7,Categoria não especificada,Fraturas múltiplas do antebraço
S52.8,Categoria não especificada,Fratura de outras partes do antebraço
S52.9,Categoria não especificada,Fratura do antebraço
S53.0,Categoria não especificada,Luxação da cabeça do rádio
S53.1,Categoria não especificada,Luxação do cotovelo
S53.2,Categoria não especificada,Ruptura traumática do ligamento colateral do rádio
S53.3,Categoria não especificada,Ruptura traumática do ligamento colateral do cúbito [ulna]
S53.4,Categoria não especificada,Entorse e distensão do cotovelo
S54.0,Categoria não especificada,Traumatismo do nervo cubital [ulnar] ao nível do antebraço
S54.1,Categoria não especificada,Traumatismo do nervo mediano ao nível do antebraço
S54.2,Categoria não especificada,Traumatismo do nervo radial ao nível do antebraço
S54.3,Categoria não especificada,Traumatismo do nervo cutâneo sensitivo ao nível do antebraço
S54.7,Categoria não especificada,Traumatismo de múltiplos nervos ao nível do antebraço
S54.8,Categoria não especificada,Traumatismo de outros nervos ao nível do antebraço
S54.9,Categoria não especificada,Traumatismo de nervo não especificado ao nível do antebraço
S55.0,Categoria não especificada,Traumatismo da artéria cubital [ulnar] ao nível do antebraço
S55.1,Categoria não especificada,Traumatismo da artéria radial ao nível do antebraço
S55.2,Categoria não especificada,Traumatismo de veia ao nível do antebraço
S55.7,Categoria não especificada,Traumatismo de múltiplos vasos sangüíneos ao nível do antebraço
S55.8,Categoria não especificada,Traumatismo de outros vasos sangüíneos ao nível do antebraço
S55.9,Categoria não especificada,Traumatismo de vasos sangüíneos não especificados ao nível do antebraço
S56.0,Categoria não especificada,Traumatismo do músculo flexor e tendão do polegar ao nível do antebraço
S56.1,Categoria não especificada,Traumatismo do músculo flexor e tendão de outro(s) dedo(s) ao nível do antebraço
S56.2,Categoria não especificada,Traumatismo de outro músculo flexor e tendão ao nível do antebraço
S56.3,Categoria não especificada,Traumatismo dos músculos extensor ou abdutor e tendões do polegar ao nível do antebraço
S56.4,Categoria não especificada,Traumatismo do músculo extensor e tendão de outro(s) dedo(s) ao nível do antebraço
S56.5,Categoria não especificada,Traumatismo de outros músculos extensores e tendões ao nível do antebraço
S56.7,Categoria não especificada,Traumatismo de músculos e tendões múltiplos ao nível do antebraço
S56.8,Categoria não especificada,Traumatismo de outros músculos e tendões e dos não especificados ao nível do antebraço
S57.0,Categoria não especificada,Lesão por esmagamento do cotovelo
S57.8,Categoria não especificada,Lesão por esmagamento de outras partes do antebraço
S57.9,Categoria não especificada,Lesão por esmagamento de parte não especificada do antebraço
S58.0,Categoria não especificada,Amputação traumática ao nível do cotovelo
S58.1,Categoria não especificada,Amputação traumática do antebraço entre o cotovelo e o punho
S58.9,Categoria não especificada,Amputação traumática do antebraço
S59.7,Categoria não especificada,Traumatismos múltiplos do cotovelo
S59.8,Categoria não especificada,Outros traumatismos especificados do antebraço
S59.9,Categoria não especificada,Traumatismo não especificado do antebraço
S60.0,Categoria não especificada,Contusão de dedo(s) sem lesão da unha
S60.1,Categoria não especificada,Contusão de dedo(s) com lesão da unha
S60.2,Categoria não especificada,Contusão de outras partes do punho e da mão
S60.7,Categoria não especificada,Traumatismos superficiais múltiplos do punho e da mão
S60.8,Categoria não especificada,Outros traumatismos superficiais do punho e da mão
S60.9,Categoria não especificada,Traumatismo superficial não especificado do punho e da mão
S61.0,Categoria não especificada,Ferimento de dedo(s) sem lesão da unha
S61.1,Categoria não especificada,Ferimento de dedo(s) com lesão da unha
S61.7,Categoria não especificada,Ferimentos múltiplos do punho e da mão
S61.8,Categoria não especificada,Ferimento de outras partes do punho e da mão
S61.9,Categoria não especificada,Ferimento do punho e da mão
S62.0,Categoria não especificada,Fratura do osso navicular [escafoíde] da mão
S62.1,Categoria não especificada,Fratura de outro(s) osso(s) do carpo
S62.2,Categoria não especificada,Fratura do primeiro metacarpiano
S62.3,Categoria não especificada,Fratura de outros ossos do metacarpo
S62.4,Categoria não especificada,Fraturas múltiplas de ossos metacarpianos
S62.5,Categoria não especificada,Fratura do polegar
S62.6,Categoria não especificada,Fratura de outros dedos
S62.7,Categoria não especificada,Fraturas múltiplas de dedo(s)
S62.8,Categoria não especificada,Fratura de outras partes e de partes não especificadas do punho e da mão
S63.0,Categoria não especificada,Luxação do punho
S63.1,Categoria não especificada,Luxação do dedo
S63.2,Categoria não especificada,Luxações múltiplas dos dedos
S63.3,Categoria não especificada,Ruptura traumática de ligamento(s) do punho e do carpo
S63.4,Categoria não especificada,Ruptura traumática do ligamento do dedo nas articulações metacarpofalangianas e interfalangianas
S63.5,Categoria não especificada,Entorse e distensão do punho
S63.6,Categoria não especificada,Entorse e distensão do(s) dedo(s)
S63.7,Categoria não especificada,Entorse e distensão de outras partes e das não especificadas da mão
S64.0,Categoria não especificada,Traumatismo do nervo cubital [ulnar] ao nível do punho e da mão
S64.1,Categoria não especificada,Traumatismo do nervo mediano ao nível do punho e da mão
S64.2,Categoria não especificada,Traumatismo do nervo radial ao nível do punho e da mão
S64.3,Categoria não especificada,Traumatismo do nervo digital do polegar
S64.4,Categoria não especificada,Traumatismo do nervo digital de outro dedo
S64.7,Categoria não especificada,Traumatismo de múltiplos nervos ao nível de punho e da mão
S64.8,Categoria não especificada,Traumatismo de outros nervos ao nível do punho e da mão
S64.9,Categoria não especificada,Traumatismo de nervo não especificado ao nível do punho e da mão
S65.0,Categoria não especificada,Traumatismo da artéria cubital [ulnar] ao nível do punho e da mão
S65.1,Categoria não especificada,Traumatismo da artéria radial ao nível do punho e da mão
S65.2,Categoria não especificada,Traumatismo do arco palmar superficial
S65.3,Categoria não especificada,Traumatismo do arco palmar profundo
S65.4,Categoria não especificada,Traumatismo de vaso(s) sangüíneo(s) do polegar
S65.5,Categoria não especificada,Traumatismo de vaso(s) sangüíneo(s) de outro dedo
S65.7,Categoria não especificada,Traumatismo de vasos sangüíneos múltiplos ao nível de punho e da mão
S65.8,Categoria não especificada,Traumatismo de outros vasos sangüíneos ao nível do punho e de mão
S65.9,Categoria não especificada,Traumatismo de vaso sangüíneo não especificado ao nível do punho e da mão
S66.0,Categoria não especificada,Traumatismo do músculo flexor longo e tendão do polegar ao nível do punho e da mão
S66.1,Categoria não especificada,Traumatismo do músculo flexor e tendão de outro dedo ao nível do punho e da mão
S66.2,Categoria não especificada,Traumatismo do músculo extensor e tendão do polegar ao nível do punho e da mão
S66.3,Categoria não especificada,Traumatismo do músculo extensor e tendão de outro dedo ao nível do punho e da mão
S66.4,Categoria não especificada,Traumatismo do músculo intrínseco e tendão do polegar ao nível do punho e da mão
S66.5,Categoria não especificada,Traumatismo do músculo intrínseco e tendão de outro dedo ao nível do punho e da mão
S66.6,Categoria não especificada,Traumatismo de músculos flexores e tendões múltiplos ao nível do punho e da mão
S66.7,Categoria não especificada,Traumatismo de músculos extensores e tendões múltiplos ao nível do punho e da mão
S66.8,Categoria não especificada,Traumatismo de outros músculos e tendões ao nível do punho e da mão
S66.9,Categoria não especificada,Traumatismo de músculo e tendão não especificado ao nível do punho e da mão
S67.0,Categoria não especificada,Lesão por esmagamento do polegar e de outro(s) dedo(s)
S67.8,Categoria não especificada,Lesão por esmagamento de outras partes e das não especificadas do punho e da mão
S68.0,Categoria não especificada,Amputação traumática do polegar (completa) (parcial)
S68.1,Categoria não especificada,Amputação traumática de um outro dedo apenas (completa) (parcial)
S68.2,Categoria não especificada,Amputação traumática de dois ou mais dedos somente (completa) (parcial)
S68.3,Categoria não especificada,Amputação traumática combinada de (partes de) dedo(s) associada a outras partes do punho e da mão
S68.4,Categoria não especificada,Amputação traumática da mão ao nível do punho
S68.8,Categoria não especificada,Amputação traumática de outras partes do punho e da mão
S68.9,Categoria não especificada,Amputação traumática do punho e da mão
S69.7,Categoria não especificada,Traumatismos múltiplos do punho e da mão
S69.8,Categoria não especificada,Outros traumatismos especificados do punho e da mão
S69.9,Categoria não especificada,Traumatismo não especificados do punho e da mão
S70.0,Categoria não especificada,Contusão do quadril
S70.1,Categoria não especificada,Contusão da coxa
S70.7,Categoria não especificada,Traumatismos superficiais múltiplos do quadril e da coxa
S70.8,Categoria não especificada,Outros traumatismos superficiais do quadril e da coxa
S70.9,Categoria não especificada,Traumatismo superficial não especificado do quadril e da coxa
S71.0,Categoria não especificada,Ferimento do quadril
S71.1,Categoria não especificada,Ferimento da coxa
S71.7,Categoria não especificada,Ferimentos múltiplos do quadril e da coxa
S71.8,Categoria não especificada,Ferimentos de outras partes e das não especificadas da cintura pélvica
S72.0,Categoria não especificada,Fratura do colo do fêmur
S72.1,Categoria não especificada,Fratura pertrocantérica
S72.2,Categoria não especificada,Fratura subtrocantérica
S72.3,Categoria não especificada,Fratura da diáfise do fêmur
S72.4,Categoria não especificada,Fratura da extremidade distal do fêmur
S72.7,Categoria não especificada,Fraturas múltiplas do fêmur
S72.8,Categoria não especificada,Fraturas de outras partes do fêmur
S72.9,Categoria não especificada,Fratura do fêmur
S73.0,Categoria não especificada,Luxação da articulação do quadril
S73.1,Categoria não especificada,Entorse e distensão do quadril
S74.0,Categoria não especificada,Traumatismo do nervo ciático ao nível do quadril e da coxa
S74.1,Categoria não especificada,Traumatismo do nervo femural ao nível do quadril e da coxa
S74.2,Categoria não especificada,Traumatismo do nervo sensitivo cutâneo ao nível do quadril e da coxa
S74.7,Categoria não especificada,Traumatismo de nervos múltiplos ao nível do quadril e da coxa
S74.8,Categoria não especificada,Traumatismo de outros nervos ao nível do quadril e da coxa
S74.9,Categoria não especificada,Traumatismo de nervo não especificado ao nível do quadril e da coxa
S75.0,Categoria não especificada,Traumatismo da artéria femural
S75.1,Categoria não especificada,Traumatismo da veia femural ao nível do quadril e da coxa
S75.2,Categoria não especificada,Traumatismo da veia grande safena ao nível do quadril e da coxa
S75.7,Categoria não especificada,Traumatismo de múltiplos vasos sangüíneos ao nível do quadril e da coxa
S75.8,Categoria não especificada,Traumatismo de outros vaso sangüíneos ao nível do quadril e da coxa
S75.9,Categoria não especificada,Traumatismo de vaso sangüíneo não especificado ao nível do quadril e da coxa
S76.0,Categoria não especificada,Traumatismo do músculo e do tendão do quadril
S76.1,Categoria não especificada,Traumatismo do músculo e do tendão do quadríceps
S76.2,Categoria não especificada,Traumatismo do músculo e do tendão do adutor da coxa
S76.3,Categoria não especificada,Traumatismo do músculo e do tendão dos músculos posteriores ao nível da coxa
S76.4,Categoria não especificada,Traumatismo de outros músculos e tendões e os não especificados ao nível da coxa
S76.7,Categoria não especificada,Traumatismo de múltiplos músculos e tendões ao nível do quadril e da coxa
S77.0,Categoria não especificada,Lesão por esmagamento do quadril
S77.1,Categoria não especificada,Lesão por esmagamento da coxa
S77.2,Categoria não especificada,Lesão por esmagamento do quadril e da coxa
S78.0,Categoria não especificada,Amputação traumática na articulação do quadril
S78.1,Categoria não especificada,Amputação traumática localizada entre o joelho e o quadril
S78.9,Categoria não especificada,Amputação traumática do quadril e coxa nível não especificado
S79.7,Categoria não especificada,Traumatismos múltiplos do quadril e da coxa
S79.8,Categoria não especificada,Outros traumatismos especificados do quadril e da coxa
S79.9,Categoria não especificada,Traumatismo não especificado do quadril e da coxa
S80.0,Categoria não especificada,Contusão do joelho
S80.1,Categoria não especificada,Contusão de outras partes e de partes não especificadas da perna
S80.7,Categoria não especificada,Traumatismos superficiais múltiplos da perna
S80.8,Categoria não especificada,Outros traumatismos superficiais da perna
S80.9,Categoria não especificada,Traumatismo superficial não especificado da perna
S81.0,Categoria não especificada,Ferimento do joelho
S81.7,Categoria não especificada,Ferimentos múltiplos da perna
S81.8,Categoria não especificada,Ferimento de outras partes da perna
S81.9,Categoria não especificada,Ferimento da perna
S82.0,Categoria não especificada,Fratura da rótula [patela]
S82.1,Categoria não especificada,Fratura da extremidade proximal da tíbia
S82.2,Categoria não especificada,Fratura da diáfise da tíbia
S82.3,Categoria não especificada,Fratura da extremidade distal da tíbia
S82.4,Categoria não especificada,Fratura do perônio [fíbula]
S82.5,Categoria não especificada,Fratura do maléolo medial
S82.6,Categoria não especificada,Fratura do maléolo lateral
S82.7,Categoria não especificada,Fraturas múltiplas da perna
S82.8,Categoria não especificada,Fratura de outras partes da perna
S82.9,Categoria não especificada,Fratura da perna
S83.0,Categoria não especificada,Luxação da rótula [patela]
S83.1,Categoria não especificada,Luxação do joelho
S83.2,Categoria não especificada,Ruptura do menisco
S83.3,Categoria não especificada,Ruptura atual da cartilagem da articulação do joelho
S83.4,Categoria não especificada,Entorse e distensão envolvendo ligamento colateral (peronial) (tibial) do joelho
S83.5,Categoria não especificada,Entorse e distensão envolvendo ligamento cruzado (anterior) (posterior) do joelho
S83.6,Categoria não especificada,Entorse e distensão de outras partes e das não especificadas do joelho
S83.7,Categoria não especificada,Traumatismo de estruturas múltiplas do joelho
S84.0,Categoria não especificada,Traumatismo do nervo tibial ao nível da perna
S84.1,Categoria não especificada,Traumatismo do nervo peronial ao nível da perna
S84.2,Categoria não especificada,Traumatismo do nervo cutâneo sensitivo ao nível da perna
S84.7,Categoria não especificada,Traumatismo de múltiplos nervos ao nível da perna
S84.8,Categoria não especificada,Traumatismo de outros nervos ao nível da perna
S84.9,Categoria não especificada,Traumatismo de nervo não especificado ao nível da perna
S85.0,Categoria não especificada,Traumatismo da artéria poplítea
S85.1,Categoria não especificada,Traumatismo da artéria tibial (anterior) (posterior)
S85.2,Categoria não especificada,Traumatismo da artéria peronial
S85.3,Categoria não especificada,Traumatismo da veia grande safena ao nível da perna
S85.4,Categoria não especificada,Traumatismo da veia safena menor ao nível da perna
S85.5,Categoria não especificada,Traumatismo da veia poplítea
S85.7,Categoria não especificada,Traumatismo de múltiplos vasos sangüíneos ao nível da perna
S85.8,Categoria não especificada,Traumatismo de outros vasos sangüíneos ao nível da perna
S85.9,Categoria não especificada,Traumatismo de vasos sangüíneos não especificados ao nível da perna
S86.0,Categoria não especificada,Traumatismo do tendão de Aquiles
S86.1,Categoria não especificada,Traumatismo de outro(s) músculo(s) e tendão(ões) do grupo muscular posterior ao nível da perna
S86.2,Categoria não especificada,Traumatismo do(s) músculo(s) e tendão(ões) do grupo muscular anterior ao nível da perna
S86.3,Categoria não especificada,Traumatismo do(s) músculo(s) e tendão(ões) do grupo muscular peronial ao nível da perna
S86.7,Categoria não especificada,Traumatismo de múltiplos músculos e tendões ao nível da perna
S86.8,Categoria não especificada,Traumatismos de outros músculos e tendões ao nível da perna
S86.9,Categoria não especificada,Traumatismo de músculo e de tendão não especificado ao nível da perna
S87.0,Categoria não especificada,Traumatismo por esmagamento do joelho
S87.8,Categoria não especificada,Traumatismo por esmagamento de outra parte e de partes não especificadas da perna
S88.0,Categoria não especificada,Amputação traumática ao nível do joelho
S88.1,Categoria não especificada,Amputação traumática entre o joelho e o tornozelo
S88.9,Categoria não especificada,Amputação traumática da perna ao nível não especificado
S89.0,Categoria não especificada,Traumatismos múltiplos da perna
S89.8,Categoria não especificada,Outros traumatismos especificados da perna
S89.9,Categoria não especificada,Traumatismo não especificado da perna
S90.0,Categoria não especificada,Contusão do tornozelo
S90.1,Categoria não especificada,Contusão de artelho sem lesão da unha
S90.2,Categoria não especificada,Contusão de artelho(s) com lesão da unha
S90.3,Categoria não especificada,Contusão de outras partes e partes não especificadas do pé
S90.7,Categoria não especificada,Traumatismos superficiais múltiplos do tornozelo e do pé
S90.8,Categoria não especificada,Outros traumatismos superficiais do tornozelo e do pé
S90.9,Categoria não especificada,Traumatismo superficial do tornozelo e do pé
S91.0,Categoria não especificada,Ferimento do tornozelo
S91.1,Categoria não especificada,Ferimento do(s) artelho(s) sem lesão da unha
S91.2,Categoria não especificada,Ferimento do(s) artelho(s) com lesão da unha
S91.3,Categoria não especificada,Ferimento de outras partes do pé
S91.7,Categoria não especificada,Ferimentos múltiplos do tornozelo e do pé
S92.0,Categoria não especificada,Fratura do calcâneo
S92.1,Categoria não especificada,Fratura do astrágalo
S92.2,Categoria não especificada,Fratura de outros ossos do tarso
S92.3,Categoria não especificada,Fratura de ossos do metatarso
S92.4,Categoria não especificada,Fratura do hálux
S92.5,Categoria não especificada,Fratura de outro artelho
S92.7,Categoria não especificada,Fraturas múltiplas do pé
S92.9,Categoria não especificada,Fratura do pé não especificada
S93.0,Categoria não especificada,Luxação da articulação do tornozelo
S93.1,Categoria não especificada,Luxação do(s) artelho(s)
S93.2,Categoria não especificada,Ruptura de ligamentos ao nível do tornozelo e do pé
S93.3,Categoria não especificada,Luxação de outras partes e das não especificadas do pé
S93.4,Categoria não especificada,Entorse e distensão do tornozelo
S93.5,Categoria não especificada,Entorse e distensão do(s) artelho(s)
S93.6,Categoria não especificada,Entorse e distensão de outras partes e de partes não especificadas do pé
S94.0,Categoria não especificada,Traumatismo do nervo plantar externo (lateral)
S94.1,Categoria não especificada,Traumatismo do nervo plantar interno (medial)
S94.2,Categoria não especificada,Traumatismo nervo peronial [fibular] profundo ao nível do tornozelo e do pé
S94.3,Categoria não especificada,Traumatismo do nervo sensitivo cutâneo ao nível do tornozelo e do pé
S94.7,Categoria não especificada,Traumatismo de múltiplos nervos ao nível do tornozelo e do pé
S94.8,Categoria não especificada,Traumatismo de outros nervos ao nível do tornozelo e do pé
S94.9,Categoria não especificada,Traumatismo de nervo não especificado
S95.0,Categoria não especificada,Traumatismo da artéria dorsal do pé
S95.1,Categoria não especificada,Traumatismo da artéria plantar do pé
S95.2,Categoria não especificada,Traumatismo da veia dorsal do pé
S95.7,Categoria não especificada,Traumatismo de múltiplos vasos sangüíneos ao nível do tornozelo e do pé
S95.8,Categoria não especificada,Traumatismo de outros vasos sangüíneos ao nível do tornozelo e do pé
S95.9,Categoria não especificada,Traumatismo de vaso sangüíneo não especificado ao nível do tornozelo e do pé
S96.0,Categoria não especificada,Traumatismo do músculo e tendão do músculo flexor longo do(s) artelho(s) ao nível do tornozelo e do pé
S96.1,Categoria não especificada,Traumatismo do músculo e tendão do extensor longo do(s) artelho(s) ao nível do tornozelo e do pé
S96.2,Categoria não especificada,Traumatismo de músculo intrínseco e tendão ao nível do tornozelo e do pé
S96.7,Categoria não especificada,Traumatismo de múltiplos músculos e tendões ao nível do tornozelo e do pé
S96.8,Categoria não especificada,Traumatismo de outros tendões e músculos ao nível do tornozelo e do pé
S96.9,Categoria não especificada,Traumatismo de músculo e tendão não especificados do tornozelo e do pé
S97.0,Categoria não especificada,Lesão por esmagamento do tornozelo
S97.1,Categoria não especificada,Lesão por esmagamento do(s) artelho(s)
S97.8,Categoria não especificada,Lesão por esmagamento de outras partes do tornozelo e do pé
S98.0,Categoria não especificada,Amputação traumática do pé ao nível do tornozelo
S98.1,Categoria não especificada,Amputação traumática de apenas um artelho
S98.2,Categoria não especificada,Amputação traumática de dois ou mais artelhos
S98.3,Categoria não especificada,Amputação traumática de outras partes do pé
S98.4,Categoria não especificada,Amputação traumática do pé ao nível não especificado
S99.7,Categoria não especificada,Traumatismos múltiplos do tornozelo e do pé
S99.8,Categoria não especificada,Outros traumatismos especificados do tornozelo e do pé
S99.9,Categoria não especificada,Traumatismos não especificados do tornozelo e do pé
T00.0,Categoria não especificada,Traumatismos superficiais envolvendo a cabeça com o pescoço
T00.1,Categoria não especificada,Traumatismos superficiais envolvendo o tórax com o abdome
T00.2,Categoria não especificada,Traumatismos superficiais envolvendo regiões múltiplas do(s) membro(s) superior(es)
T00.3,Categoria não especificada,Traumatismos superficiais envolvendo regiões múltiplas do(s) membro(s) inferior(es)
T00.6,Categoria não especificada,Traumatismos superficiais envolvendo regiões múltiplas dos membros superiores com membro(s) inferiores
T00.8,Categoria não especificada,Traumatismos superficiais envolvendo outras combinações de regiões do corpo
T00.9,Categoria não especificada,Traumatismos superficiais múltiplos não especificados
T01.0,Categoria não especificada,Ferimentos envolvendo a cabeça com o pescoço
T01.1,Categoria não especificada,Ferimentos envolvendo o tórax com o abdome
T01.2,Categoria não especificada,Ferimentos envolvendo regiões múltiplas do(s) membro(s) superior(es)
T01.3,Categoria não especificada,Ferimentos envolvendo múltiplas regiões do(s) membro(s) inferior(es)
T01.6,Categoria não especificada,Ferimentos envolvendo regiões múltiplas do(s) membro(s) superior(es) com membro(s) inferior(es)
T01.8,Categoria não especificada,Ferimentos envolvendo outras combinações de regiões do corpo
T01.9,Categoria não especificada,Ferimentos múltiplos não especificados
T02.0,Categoria não especificada,Fraturas envolvendo cabeça com pescoço
T02.1,Categoria não especificada,Fraturas envolvendo tórax com parte inferior do dorso e da pelve
T02.2,Categoria não especificada,Fraturas envolvendo regiões múltiplas de um membro superior
T02.3,Categoria não especificada,Fraturas envolvendo regiões múltiplas de um membro inferior
T02.4,Categoria não especificada,Fraturas envolvendo regiões múltiplas de ambos os membros superiores
T02.5,Categoria não especificada,Fraturas envolvendo regiões múltiplas de ambos os membros inferiores
T02.6,Categoria não especificada,Fraturas envolvendo regiões múltiplas do(s) membro(s) superior(es) com inferior(es)
T02.7,Categoria não especificada,Fraturas envolvendo tórax com parte inferior do dorso e pelve com membro(s)
T02.8,Categoria não especificada,Fraturas envolvendo outras combinações de regiões do corpo
T02.9,Categoria não especificada,Fraturas múltiplas não especificadas
T03.0,Categoria não especificada,"Luxações, entorses e distensões envolvendo a cabeça com o pescoço"
T03.1,Categoria não especificada,"Luxações, entorses e distensões envolvendo tórax com parte inferior do dorso e da pelve"
T03.2,Categoria não especificada,"Luxações, entorses e distensões envolvendo regiões múltiplas de membro(s) superior(es)"
T03.3,Categoria não especificada,"Luxações, entorses e distensões envolvendo regiões múltiplas do(s) membro(s) inferior(es)"
T03.4,Categoria não especificada,"Luxações, entorses e distensões envolvendo regiões múltiplas dos membros superiores com inferiores"
T03.8,Categoria não especificada,"Luxações, entorses e distensões envolvendo outras combinações de regiões do corpo"
T03.9,Categoria não especificada,"Luxações, entorses e distensões múltiplas, não especificadas"
T04.0,Categoria não especificada,Traumatismos por esmagamento envolvendo a cabeça com o pescoço
T04.1,Categoria não especificada,Traumatismos por esmagamento envolvendo tórax com o abdome
T04.2,Categoria não especificada,Traumatismos por esmagamento envolvendo regiões múltiplas do(s) membro(s) superior(es)
T04.3,Categoria não especificada,Traumatismos por esmagamento envolvendo regiões múltiplas do(s) membro(s) inferior(es)
T04.4,Categoria não especificada,Traumatismos por esmagamento envolvendo regiões múltiplas do(s) membro(s) superior(es) com inferior(es)
T04.7,Categoria não especificada,Traumatismo por esmagamento do tórax com abdome
T04.8,Categoria não especificada,Traumatismos por esmagamento envolvendo outras combinações de regiões do corpo
T04.9,Categoria não especificada,Traumatismo múltiplos por esmagamento não especificados
T05.0,Categoria não especificada,Amputação traumática de ambas as mãos
T05.1,Categoria não especificada,Amputação traumática de uma mão e de um outro braço [qualquer nível
T05.2,Categoria não especificada,Amputação traumática de ambos os braços [qualquer nível]
T05.3,Categoria não especificada,Amputação traumática de ambos os pés
T05.4,Categoria não especificada,Amputação traumática de um pé e outra perna [qualquer nível
T05.5,Categoria não especificada,Amputação traumática de ambas as pernas [qualquer nível]
T05.6,Categoria não especificada,Amputação traumática de membros superiores e inferiores
T05.8,Categoria não especificada,Amputações traumáticas envolvendo outras combinações de regiões do corpo
T05.9,Categoria não especificada,Amputações traumáticas múltiplas não especificadas
T06.0,Categoria não especificada,Traumatismos de cérebro e nervos cranianos com traumatismos de nervos e da medula espinhal ao nível do pescoço
T06.1,Categoria não especificada,Traumatismos de nervos e da medula espinhal envolvendo outras regiões múltiplas do corpo
T06.2,Categoria não especificada,Traumatismos de nervos envolvendo regiões múltiplas do corpo
T06.3,Categoria não especificada,Traumatismos de vasos sangüíneos envolvendo regiões múltiplas do corpo
T06.4,Categoria não especificada,Traumatismos de músculos e de tendões envolvendo regiões múltiplas do corpo
T06.5,Categoria não especificada,Traumatismos de órgãos intratorácicos com órgãos intra-abdominais e pélvicos
T06.8,Categoria não especificada,Outros traumatismos especificados envolvendo regiões múltiplas do corpo
T07,Categoria não especificada,Traumatismos múltiplos não especificados
T08,Categoria não especificada,Fratura da coluna
T09.0,Categoria não especificada,Traumatismo superficial do tronco
T09.1,Categoria não especificada,Ferimento do tronco
T09.2,Categoria não especificada,Luxação
T09.3,Categoria não especificada,Traumatismo de medula espinhal
T09.4,Categoria não especificada,Traumatismo de nervos
T09.5,Categoria não especificada,Traumatismo de músculo e tendão não especificados do tronco
T09.6,Categoria não especificada,Amputação traumática do tronco
T09.8,Categoria não especificada,Outros traumatismos especificados do tronco
T09.9,Categoria não especificada,Traumatismo não especificado do tronco
T10,Categoria não especificada,Fratura do membro superior
T11.0,Categoria não especificada,Traumatismo superficial do membro superior
T11.1,Categoria não especificada,Ferimento do membro superior
T11.2,Categoria não especificada,Luxação
T11.3,Categoria não especificada,Traumatismo de nervo não especificado do membro superior
T11.4,Categoria não especificada,Traumatismo de vaso sangüíneo não especificado
T11.5,Categoria não especificada,Traumatismo de músculo e tendão não especificado do membro superior
T11.6,Categoria não especificada,Amputação traumática do membro superior
T11.8,Categoria não especificada,Outros traumatismos especificados do membro superior nível não especificado
T11.9,Categoria não especificada,Traumatismo não especificado do membro superior nível não especificado
T12,Categoria não especificada,Fratura do membro inferior
T13.0,Categoria não especificada,Traumatismo superficial de membro inferior
T13.1,Categoria não especificada,Ferimento de membro inferior
T13.2,Categoria não especificada,Luxação
T13.3,Categoria não especificada,Traumatismo de nervo não especificado de membro inferior
T13.4,Categoria não especificada,Traumatismo de vaso sangüíneo não especificado de membro inferior
T13.5,Categoria não especificada,Traumatismo de músculo e tendão não especificado de membro inferior
T13.6,Categoria não especificada,Amputação traumática de membro inferior
T13.8,Categoria não especificada,Outros traumatismos especificados de membro inferior
T13.9,Categoria não especificada,Traumatismo não especificado do membro inferior
T14.0,Categoria não especificada,Traumatismo superficial de região não especificada do corpo
T14.1,Categoria não especificada,Ferimento de região não especificada do corpo
T14.2,Categoria não especificada,Fratura de região não especificada do corpo
T14.3,Categoria não especificada,Luxação
T14.4,Categoria não especificada,Traumatismo de nervo(s) de região não especificada do corpo
T14.5,Categoria não especificada,Traumatismo de vaso(s) sangüíneo(s) de região não especificada do corpo
T14.6,Categoria não especificada,Traumatismo de músculos e tendões de região não especificada do corpo
T14.7,Categoria não especificada,Traumatismo por esmagamento e amputação traumática de regiões não especificadas do corpo
T14.8,Categoria não especificada,Outros traumatismos de região não especificada do corpo
T14.9,Categoria não especificada,Traumatismo não especificado
T15.0,Categoria não especificada,Corpo estranho na córnea
T15.1,Categoria não especificada,Corpo estranho no saco conjuntival
T15.8,Categoria não especificada,Corpo estranho em outros locais e em locais múltiplos da parte externa do olho
T15.9,Categoria não especificada,Corpo estranho em parte não especificada da região externa do olho
T16,Categoria não especificada,Corpo estranho no ouvido
T17.0,Categoria não especificada,Corpo estranho no seio nasal
T17.1,Categoria não especificada,Corpo estranho na narina
T17.2,Categoria não especificada,Corpo estranho na faringe
T17.3,Categoria não especificada,Corpo estranho na laringe
T17.4,Categoria não especificada,Corpo estranho na traquéia
T17.5,Categoria não especificada,Corpo estranho no brônquio
T17.8,Categoria não especificada,Corpo estranho em outras partes e partes múltiplas do trato respiratório
T17.9,Categoria não especificada,Corpo estranho no trato respiratório
T18.0,Categoria não especificada,Corpo estranho na boca
T18.1,Categoria não especificada,Corpo estranho no esôfago
T18.2,Categoria não especificada,Corpo estranho no estômago
T18.3,Categoria não especificada,Corpo estranho no intestino delgado
T18.4,Categoria não especificada,Corpo estranho no cólon
T18.5,Categoria não especificada,Corpo estranho no ânus e reto
T18.8,Categoria não especificada,Corpo estranho em outras partes e partes múltiplas do aparelho digestivo
T18.9,Categoria não especificada,Corpo estranho em parte não especificada do aparelho digestivo
T19.0,Categoria não especificada,Corpo estranho na uretra
T19.1,Categoria não especificada,Corpo estranho na bexiga
T19.2,Categoria não especificada,Corpo estranho na vulva e vagina
T19.3,Categoria não especificada,Corpo estranho no útero [qualquer parte]
T19.8,Categoria não especificada,Corpo estranho em outras partes e partes múltiplas do trato geniturinário
T19.9,Categoria não especificada,Corpo estranho no trato geniturinário
T20.0,Categoria não especificada,Queimadura da cabeça e do pescoço
T20.1,Categoria não especificada,Queimadura de primeiro grau da cabeça e do pescoço
T20.2,Categoria não especificada,Queimadura de segundo grau da cabeça e do pescoço
T20.3,Categoria não especificada,Queimadura de terceiro grau da cabeça e do pescoço
T20.4,Categoria não especificada,Corrosão da cabeça e do pescoço
T20.5,Categoria não especificada,Corrosão de primeiro grau da cabeça e do pescoço
T20.6,Categoria não especificada,Corrosão de segundo grau da cabeça e do pescoço
T20.7,Categoria não especificada,Corrosão de terceiro grau da cabeça e do pescoço
T21.0,Categoria não especificada,Queimadura do tronco
T21.1,Categoria não especificada,Queimadura de primeiro grau do tronco
T21.2,Categoria não especificada,Queimadura de segundo grau do tronco
T21.3,Categoria não especificada,Queimadura de terceiro grau do tronco
T21.4,Categoria não especificada,Corrosão do tronco
T21.5,Categoria não especificada,Corrosão de primeiro grau do tronco
T21.6,Categoria não especificada,Corrosão de segundo grau do tronco
T21.7,Categoria não especificada,Corrosão de terceiro grau do tronco
T22.0,Categoria não especificada,Queimadura do ombro e do membro superior
T22.1,Categoria não especificada,Queimadura de primeiro grau do ombro e do membro superior
T22.2,Categoria não especificada,Queimadura de segundo grau do ombro e do membro superior
T22.3,Categoria não especificada,Queimadura de terceiro grau do ombro e do membro superior
T22.4,Categoria não especificada,Corrosão do ombro e do membro superior
T22.5,Categoria não especificada,Corrosão de primeiro grau do ombro e do membro superior
T22.6,Categoria não especificada,Corrosão de segundo grau do ombro e do membro superior
T22.7,Categoria não especificada,Corrosão de terceiro grau do ombro e do membro superior
T23.0,Categoria não especificada,Queimadura do punho e da mão
T23.1,Categoria não especificada,Queimadura de primeiro grau do punho e da mão
T23.2,Categoria não especificada,Queimadura de segundo grau do punho e da mão
T23.3,Categoria não especificada,Queimadura de terceiro grau do punho e da mão
T23.4,Categoria não especificada,Corrosão do punho e da mão
T23.5,Categoria não especificada,Corrosão de primeiro grau do punho e da mão
T23.6,Categoria não especificada,Corrosão de segundo grau do punho e da mão
T23.7,Categoria não especificada,Corrosão de terceiro grau do punho e da mão
T24.0,Categoria não especificada,Queimadura do quadril e membro inferior
T24.1,Categoria não especificada,Queimadura de primeiro grau do quadril e do membro inferior
T24.2,Categoria não especificada,Queimadura de segundo grau do quadril e do membro inferior
T24.3,Categoria não especificada,Queimadura de terceiro grau do quadril e do membro inferior
T24.4,Categoria não especificada,Corrosão do quadril e do membro inferior
T24.5,Categoria não especificada,Corrosão de primeiro grau do quadril e do membro inferior
T24.6,Categoria não especificada,Corrosão de segundo grau do quadril e do membro inferior
T24.7,Categoria não especificada,Corrosão de terceiro grau do quadril e do membro inferior
T25.0,Categoria não especificada,Queimadura do tornozelo e do pé
T25.1,Categoria não especificada,Queimadura de primeiro grau do tornozelo e do pé
T25.2,Categoria não especificada,Queimadura de segundo grau do tornozelo e do pé
T25.3,Categoria não especificada,Queimadura de terceiro grau do tornozelo e do pé
T25.4,Categoria não especificada,Corrosão do tornozelo e do pé
T25.5,Categoria não especificada,Corrosão de primeiro grau do tornozelo e do pé
T25.6,Categoria não especificada,Corrosão de segundo grau do tornozelo e do pé
T25.7,Categoria não especificada,Corrosão de terceiro grau do tornozelo e do pé
T26.0,Categoria não especificada,Queimadura da pálpebra e da região periocular
T26.1,Categoria não especificada,Queimadura da córnea e do saco conjuntival
T26.2,Categoria não especificada,Queimadura com resultante ruptura e destruição do globo ocular
T26.3,Categoria não especificada,Queimadura de outras partes do olho e anexos
T26.4,Categoria não especificada,Queimadura do olho e anexos
T26.5,Categoria não especificada,Corrosão da pálpebra e da região periocular
T26.6,Categoria não especificada,Corrosão da córnea e do saco conjuntival
T26.7,Categoria não especificada,Corrosão com resultante ruptura e destruição do globo ocular
T26.8,Categoria não especificada,Corrosão de outras partes do olho e anexos
T26.9,Categoria não especificada,Corrosão do olho e anexos
T27.0,Categoria não especificada,Queimadura da laringe e traquéia
T27.1,Categoria não especificada,Queimadura da laringe
T27.2,Categoria não especificada,Queimadura de outras partes do trato respiratório
T27.3,Categoria não especificada,Queimadura do trato respiratório
T27.4,Categoria não especificada,Corrosão da laringe e traquéia
T27.5,Categoria não especificada,Corrosão da laringe
T27.6,Categoria não especificada,Corrosão de outras partes do trato respiratório
T27.7,Categoria não especificada,Corrosão do trato respiratório
T28.0,Categoria não especificada,Queimadura da boca e da faringe
T28.1,Categoria não especificada,Queimadura do esôfago
T28.2,Categoria não especificada,Queimadura de outras partes do trato alimentar
T28.3,Categoria não especificada,Queimadura dos órgãos geniturinários internos
T28.4,Categoria não especificada,Queimadura de outros órgãos internos e dos não especificados
T28.5,Categoria não especificada,Corrosão da boca e faringe
T28.6,Categoria não especificada,Corrosão do esôfago
T28.7,Categoria não especificada,Corrosão de outras partes do trato alimentar
T28.8,Categoria não especificada,Corrosão de órgãos geniturinários internos
T28.9,Categoria não especificada,Corrosão de outros órgãos internos e dos não especificados
T29.0,Categoria não especificada,Queimaduras múltiplas
T29.1,Categoria não especificada,Queimaduras múltiplas
T29.2,Categoria não especificada,Queimaduras múltiplas
T29.3,Categoria não especificada,Queimaduras múltiplas
T29.4,Categoria não especificada,Corrosões múltiplas
T29.5,Categoria não especificada,Corrosões múltiplas
T29.6,Categoria não especificada,Corrosões múltiplas
T29.7,Categoria não especificada,Corrosões múltiplas
T30.0,Categoria não especificada,Queimadura
T30.1,Categoria não especificada,Queimadura de primeiro grau
T30.2,Categoria não especificada,Queimadura de segundo grau
T30.3,Categoria não especificada,Queimadura de terceiro grau
T30.4,Categoria não especificada,Corrosão
T30.5,Categoria não especificada,Corrosão de primeiro grau
T30.6,Categoria não especificada,Corrosão de segundo grau
T30.7,Categoria não especificada,Corrosão de terceiro grau
T31.0,Categoria não especificada,Queimaduras envolvendo menos de 10% da superfície corporal
T31.1,Categoria não especificada,Queimaduras envolvendo de 10 - 19% da superfície corporal
T31.2,Categoria não especificada,Queimaduras envolvendo de 20 - 29% da superfície corporal
T31.3,Categoria não especificada,Queimaduras envolvendo de 30 - 39% da superfície corporal
T31.4,Categoria não especificada,Queimaduras envolvendo de 40 - 49% da superfície corporal
T31.5,Categoria não especificada,Queimaduras envolvendo de 50 - 59% da superfície corporal
T31.6,Categoria não especificada,Queimaduras envolvendo de 60 - 69% da superfície corporal
T31.7,Categoria não especificada,Queimaduras envolvendo de 70 - 79% da superfície corporal
T31.8,Categoria não especificada,Queimaduras envolvendo de 80 - 89% da superfície corporal
T31.9,Categoria não especificada,Queimaduras envolvendo 90% ou mais da superfície corporal
T32.0,Categoria não especificada,Corrosões envolvendo menos de 10% da superfície corporal
T32.1,Categoria não especificada,Corrosões envolvendo 10 - 19% da superfície corporal
T32.2,Categoria não especificada,Corrosões envolvendo 20 - 29% da superfície corporal
T32.3,Categoria não especificada,Corrosões envolvendo 30 - 39% da superfície corporal
T32.4,Categoria não especificada,Corrosões envolvendo 40 - 49% da superfície corporal
T32.5,Categoria não especificada,Corrosões envolvendo 50 - 59% da superfície corporal
T32.6,Categoria não especificada,Corrosões envolvendo 60 - 69% da superfície corporal
T32.7,Categoria não especificada,Corrosões envolvendo 70 - 79% da superfície corporal
T32.8,Categoria não especificada,Corrosões envolvendo 80 - 89% da superfície corporal
T32.9,Categoria não especificada,Corrosões envolvendo 90% ou mais da superfície corporal
T33.0,Categoria não especificada,Geladura superficial da cabeça
T33.1,Categoria não especificada,Geladura superficial do pescoço
T33.2,Categoria não especificada,Geladura superficial do tórax
T33.3,Categoria não especificada,Geladura superficial da parede abdominal
T33.4,Categoria não especificada,Geladura superficial do braço
T33.5,Categoria não especificada,Geladura superficial do punho e da mão
T33.6,Categoria não especificada,Geladura superficial do quadril e da coxa
T33.7,Categoria não especificada,Geladura superficial do joelho e da perna
T33.8,Categoria não especificada,Geladura superficial do tornozelo e do pé
T33.9,Categoria não especificada,Geladura superficial de outros locais e de locais não especificados
T34.0,Categoria não especificada,"Geladura, com necrose de tecidos, da cabeça"
T34.1,Categoria não especificada,"Geladura, com necrose de tecidos, do pescoço"
T34.2,Categoria não especificada,"Geladura, com necrose de tecidos, do tórax"
T34.3,Categoria não especificada,"Geladura, com necrose de tecidos, da parede abdominal, parte inferior do dorso e da pelve"
T34.4,Categoria não especificada,"Geladura, com necrose de tecidos, do braço"
T34.5,Categoria não especificada,"Geladura, com necrose de tecidos, do punho e da mão"
T34.6,Categoria não especificada,"Geladura, com necrose de tecidos, do quadril e da coxa"
T34.7,Categoria não especificada,"Geladura, com necrose de tecidos, do joelho e da perna"
T34.8,Categoria não especificada,"Geladura, com necrose de tecidos, do tornozelo e do pé"
T34.9,Categoria não especificada,"Geladura, com necrose de tecidos, de localização não especificada"
T35.0,Categoria não especificada,Geladura superficial envolvendo múltiplas partes do corpo
T35.1,Categoria não especificada,"Geladura, com necrose de tecidos, de múltiplas partes do corpo"
T35.2,Categoria não especificada,"Geladura, de grau não especificado, da cabeça e do pescoço"
T35.3,Categoria não especificada,"Geladura, de grau não especificado, do tórax, abdome, parte inferior do dorso e da pelve"
T35.4,Categoria não especificada,"Geladura, de grau não especificado, do membro superior"
T35.5,Categoria não especificada,"Geladura, de grau não especificado, do membro inferior"
T35.6,Categoria não especificada,"Geladura, de grau não especificado, de múltiplas partes do corpo"
T35.7,Categoria não especificada,"Geladura, de grau não especificado, de localização não especificada"
T36.0,Categoria não especificada,Intoxicação por penicilinas
T36.1,Categoria não especificada,Intoxicação por cefalosporinas e outras betalactaminas
T36.2,Categoria não especificada,Intoxicação pelo grupo do cloranfenicol
T36.3,Categoria não especificada,Intoxicação por macrolídios
T36.4,Categoria não especificada,Intoxicação por tetraciclinas
T36.5,Categoria não especificada,Intoxicação por aminoglicosídeos
T36.6,Categoria não especificada,Intoxicação por rifamicinas
T36.7,Categoria não especificada,Intoxicação por antibióticos antifúngicos administrados por via sistêmica
T36.8,Categoria não especificada,Intoxicação por outros antibióticos sistêmicos
T36.9,Categoria não especificada,Intoxicação por antibióticos sistêmicos não especificados
T37.0,Categoria não especificada,Intoxicação por sulfonamidas
T37.1,Categoria não especificada,Intoxicação por drogas antimicobacterianas
T37.2,Categoria não especificada,Intoxicação por antimaláricos e drogas que atuam sobre outros protozoários do sangue
T37.3,Categoria não especificada,Intoxicação por outros medicamentos antiprotozoários
T37.4,Categoria não especificada,Intoxicação por anti-helmínticos
T37.5,Categoria não especificada,Intoxicação por drogas antivirais
T37.8,Categoria não especificada,Intoxicação por outros agentes antiinfecciosos e antiparasitários especificados
T37.9,Categoria não especificada,Intoxicação por agentes antiinfecciosos e antiparasitários sistêmicos não especificados
T38.0,Categoria não especificada,Intoxicação por glicocorticóides e análogos sintéticos
T38.1,Categoria não especificada,Intoxicação por hormônios tireoidianos e seus derivados
T38.2,Categoria não especificada,Intoxicação por medicamentos antitireoidianos
T38.3,Categoria não especificada,Intoxicação por insulina e drogas hipoglicemiantes orais [antidiabéticos]
T38.4,Categoria não especificada,Intoxicação por anticoncepcionais orais
T38.5,Categoria não especificada,Intoxicação por outros estrógenos e progestágenos
T38.6,Categoria não especificada,Intoxicação por antigonadotrofinas
T38.7,Categoria não especificada,Intoxicação por andrógenos e anabolizantes congêneres
T38.8,Categoria não especificada,Intoxicação por outros hormônios e substitutos sintéticos
T38.9,Categoria não especificada,Intoxicação por outros antagonistas hormonais
T39.0,Categoria não especificada,Intoxicação por salicilatos
T39.1,Categoria não especificada,Intoxicação por derivados do 4-aminofenol
T39.2,Categoria não especificada,Intoxicação por derivados pirazolônicos
T39.3,Categoria não especificada,Intoxicação por outros antiinflamatórios não esteróides
T39.4,Categoria não especificada,Intoxicação por anti-reumáticos não classificados em outra parte
T39.8,Categoria não especificada,Intoxicação por outros analgésicos não opiáceos e antipiréticos não classificados em outra parte
T39.9,Categoria não especificada,Intoxicação por analgésico não-opiáceo
T40.0,Categoria não especificada,Intoxicação por ópio
T40.1,Categoria não especificada,Intoxicação por heroína
T40.2,Categoria não especificada,Intoxicação por outros opiáceos
T40.3,Categoria não especificada,Intoxicação por metadona
T40.4,Categoria não especificada,Intoxicação por outros narcóticos sintéticos
T40.5,Categoria não especificada,Intoxicação por cocaína
T40.6,Categoria não especificada,Intoxicação por outros narcóticos e os não especificados
T40.7,Categoria não especificada,Intoxicação por cannabis (derivados)
T40.8,Categoria não especificada,Intoxicação por lisergida [LSD]
T40.9,Categoria não especificada,Intoxicação por outros psicodislépticos e os não especificados [alucinógenos]
T41.0,Categoria não especificada,Intoxicação por anestésicos inalatórios
T41.1,Categoria não especificada,Intoxicação por anestésicos intravenosos
T41.2,Categoria não especificada,Intoxicação por outros anestésicos gerais e os não especificados
T41.3,Categoria não especificada,Intoxicação por anestésicos locais
T41.4,Categoria não especificada,Intoxicação por anestésico não especificado
T41.5,Categoria não especificada,Intoxicação por gases terapêuticos
T42.0,Categoria não especificada,Intoxicação por derivados da hidantoína
T42.1,Categoria não especificada,Intoxicação por iminostilbenos
T42.2,Categoria não especificada,Intoxicação por succinimidas e oxazolidinadionas
T42.3,Categoria não especificada,Intoxicação por barbitúricos
T42.4,Categoria não especificada,Intoxicação por benzodiazepinas
T42.5,Categoria não especificada,Intoxicação por antiepiléticos em associação
T42.6,Categoria não especificada,Intoxicação por outras drogas antiepilépticas e sedativos-hipnóticos
T42.7,Categoria não especificada,Intoxicação por drogas antiepilépticos
T42.8,Categoria não especificada,Intoxicação por drogas antiparkinsonianos e outros depressores centrais do tônus muscular
T43.0,Categoria não especificada,Intoxicação por antidepressivos tricíclicos e tetracíclicos
T43.1,Categoria não especificada,Intoxicação por antidepressivos inibidores da monoaminooxidase (MAO)
T43.2,Categoria não especificada,Intoxicação por outros antidepressivos e os não especificados
T43.3,Categoria não especificada,Intoxicação por antipsicóticos e neurolépticos derivados da fenotiazina
T43.4,Categoria não especificada,Intoxicação por neurolépticos do tipo butirofenona e tioxanteno
T43.5,Categoria não especificada,Intoxicação por outros antipsicóticos e neurolépticos e os não especificados
T43.6,Categoria não especificada,Intoxicação por psicoestimulantes que potencialmente podem provocar dependência
T43.8,Categoria não especificada,Intoxicação por outras drogas psicotrópicas não classificadas em outra parte
T43.9,Categoria não especificada,Intoxicação por droga psicotrópica não especificada
T44.0,Categoria não especificada,Intoxicação por agentes anticolinesterase
T44.1,Categoria não especificada,Intoxicação por outros agentes parassimpaticomiméticos [colinérgicos]
T44.2,Categoria não especificada,Intoxicação por bloqueadores ganglionares não classificados em outra parte
T44.3,Categoria não especificada,Intoxicação por outros parassimpaticolíticos [anticolinérgicos e antimuscarínicos] e espasmolíticos não classificados em outra parte
T44.4,Categoria não especificada,Intoxicação por agonistas principalmente alfa-adrenorreceptores não classificados em outra parte
T44.5,Categoria não especificada,Intoxicação por agonistas principalmente beta-adrenorreceptores não classificados em outra parte
T44.6,Categoria não especificada,Intoxicação por antagonistas alfa-adrenorreceptores não classificados em outra parte
T44.7,Categoria não especificada,Intoxicação por antagonistas beta-adrenorreceptores não classificados em outra parte
T44.8,Categoria não especificada,Intoxicação por bloqueadores neuronais adrenérgicos e de ação central
T44.9,Categoria não especificada,Intoxicação por outras drogas que afetam principalmente o sistema nervoso autônomo e as não especificadas
T45.0,Categoria não especificada,Intoxicação por drogas antialérgicas e antieméticas
T45.1,Categoria não especificada,Intoxicação por drogas antineoplásicas e imunomupressoras
T45.2,Categoria não especificada,Intoxicação por vitaminas
T45.3,Categoria não especificada,Intoxicação por enzimas
T45.4,Categoria não especificada,Intoxicação por ferro e seus compostos
T45.5,Categoria não especificada,Intoxicação por anticoagulantes
T45.6,Categoria não especificada,Intoxicação por drogas que afetam a fibrinólise
T45.7,Categoria não especificada,Intoxicação por antagonistas de anticoagulantes
T45.8,Categoria não especificada,Intoxicação por outras substâncias primariamente sistêmicas e hematológicas
T45.9,Categoria não especificada,Intoxicação por substância essencialmente sistêmica e hematológica não especificada
T46.0,Categoria não especificada,Intoxicação por glicosídeos estimulantes do coração e substâncias de ação semelhante
T46.1,Categoria não especificada,Intoxicação por bloqueadores dos canais de cálcio
T46.2,Categoria não especificada,Intoxicação por outras drogas antidisrítmicas não classificadas em outra parte
T46.3,Categoria não especificada,Intoxicação por vasodilatadores coronarianos
T46.4,Categoria não especificada,Intoxicação por inibidores da enzima de conversão da angiotensina
T46.5,Categoria não especificada,Intoxicação por outras drogas anti-hipertensivas não classificadas em outra parte
T46.6,Categoria não especificada,Intoxicação por drogas antihiperlipêmicas e antiarterioscleróticas
T46.7,Categoria não especificada,Intoxicação por vasodilatadores periféricos
T46.8,Categoria não especificada,Intoxicação por drogas antivaricosas
T46.9,Categoria não especificada,Intoxicação por outras substâncias e as não especificadas que agem essencialmente sobre o aparelho circulatório
T47.0,Categoria não especificada,Intoxicação por antagonistas dos receptores H2 da histamina
T47.1,Categoria não especificada,Intoxicação por outros antiácidos e drogas que inibem a secreção gástrica
T47.2,Categoria não especificada,Intoxicação por laxativos estimulantes
T47.3,Categoria não especificada,Intoxicação por laxativos salinos e osmóticos
T47.4,Categoria não especificada,Intoxicação por outros laxativos
T47.5,Categoria não especificada,Intoxicação por digestivos
T47.6,Categoria não especificada,Intoxicação por drogas antidiarréicas
T47.7,Categoria não especificada,Intoxicação por eméticos
T47.8,Categoria não especificada,Intoxicação por outras substâncias que atuam primariamente sobre o aparelho gastrintestinal
T47.9,Categoria não especificada,Intoxicação por substância não especificada que atua primariamente sobre o aparelho gastrointestinal
T48.0,Categoria não especificada,Intoxicação por drogas ocitócicas
T48.1,Categoria não especificada,Intoxicação por relaxantes musculares esqueléticos [bloqueadores neuromusculares]
T48.2,Categoria não especificada,Intoxicação por outras substâncias e as não especificadas que atuam sobre os músculos
T48.3,Categoria não especificada,Intoxicação por antitussígenos
T48.4,Categoria não especificada,Intoxicação por expectorantes
T48.5,Categoria não especificada,Intoxicação por drogas anti-resfriado
T48.6,Categoria não especificada,Intoxicação por antiasmáticos não classificados em outra parte
T48.7,Categoria não especificada,Intoxicação por outras substâncias e as não especificadas que atuam primariamente sobre o aparelho respiratório
T49.0,Categoria não especificada,Intoxicação por antifúngicos
T49.1,Categoria não especificada,Intoxicação por antipruriginosos
T49.2,Categoria não especificada,Intoxicação por adstringentes e detergentes de uso local
T49.3,Categoria não especificada,Intoxicação por emolientes
T49.4,Categoria não especificada,Intoxicação por ceratolíticos
T49.5,Categoria não especificada,Intoxicação por drogas e preparações de uso oftalmológico
T49.6,Categoria não especificada,Intoxicação por drogas e preparações de uso otorrinolaringológico
T49.7,Categoria não especificada,Intoxicação por drogas dentárias de uso tópico
T49.8,Categoria não especificada,Intoxicação por outras drogas de uso tópico
T49.9,Categoria não especificada,Intoxicação por preparado de uso tópico
T50.0,Categoria não especificada,Intoxicação por mineralocorticóides e seus antagonistas
T50.1,Categoria não especificada,Intoxicação por diuréticos de alça
T50.2,Categoria não especificada,Intoxicação por inibidores da anidrase carbônica
T50.3,Categoria não especificada,Intoxicação por produtos que agem sobre o equilíbrio eletrolítico
T50.4,Categoria não especificada,Intoxicação por drogas que agem sobre o metabolismo do ácido úrico
T50.5,Categoria não especificada,Intoxicação por inibidores do apetite
T50.6,Categoria não especificada,Intoxicação por antídotos e quelantes não classificados em outra parte
T50.7,Categoria não especificada,Intoxicação por analépticos e antagonistas dos receptores de opiáceos
T50.8,Categoria não especificada,Intoxicação por agentes de diagnóstico
T50.9,Categoria não especificada,Intoxicação por outras drogas
T51.0,Categoria não especificada,Efeito tóxico do etanol
T51.1,Categoria não especificada,Efeito tóxico do metanol
T51.2,Categoria não especificada,Efeito tóxico do 2-propanol
T51.3,Categoria não especificada,Efeito tóxico do óleo de fusel
T51.8,Categoria não especificada,Efeito tóxico de outros álcoois
T51.9,Categoria não especificada,Efeito tóxico de álcool não especificado
T52.0,Categoria não especificada,Efeito tóxico de derivados do petróleo
T52.1,Categoria não especificada,Efeito tóxico do benzeno
T52.2,Categoria não especificada,Efeito tóxico de homólogos do benzeno
T52.3,Categoria não especificada,Efeito tóxico de glicóis
T52.4,Categoria não especificada,Efeito tóxico de cetonas
T52.8,Categoria não especificada,Efeito tóxico de outros solventes orgânicos
T52.9,Categoria não especificada,Efeito tóxico de solvente orgânico não especificado
T53.0,Categoria não especificada,Efeito tóxico do tetracloreto de carbono
T53.1,Categoria não especificada,Efeito tóxico do clorofórmio
T53.2,Categoria não especificada,Efeito tóxico do tricloroetileno
T53.3,Categoria não especificada,Efeito tóxico do tetracloroetileno
T53.4,Categoria não especificada,Efeito tóxico do diclorometano
T53.5,Categoria não especificada,Efeito tóxico do clorofluorcarbono
T53.6,Categoria não especificada,Efeito tóxico de outros derivados halogênicos de hidrocarbonetos alifáticos
T53.7,Categoria não especificada,Efeito tóxico de derivados halogênicos de hidrocarbonetos aromáticos
T53.9,Categoria não especificada,Efeito tóxico de derivados halogênicos de hidrocarbonetos alifáticos e aromáticos não especificados
T54.0,Categoria não especificada,Efeito tóxico do fenol e homólogos do fenol
T54.1,Categoria não especificada,Efeito tóxico de outros compostos corrosivos orgânicos
T54.2,Categoria não especificada,Efeito tóxico de ácidos corrosivos e substâncias semelhantes
T54.3,Categoria não especificada,Efeito tóxico de bases (álcalis) cáusticas(os) e substâncias semelhantes
T54.9,Categoria não especificada,Efeito tóxico de substância corrosiva não especificada
T55,Categoria não especificada,Efeito tóxico de sabões e detergentes
T56.0,Categoria não especificada,Efeito tóxico do chumbo e seus compostos
T56.1,Categoria não especificada,Efeito tóxico do mercúrio e seus compostos
T56.2,Categoria não especificada,Efeito tóxico do cromo e seus compostos
T56.3,Categoria não especificada,Efeito tóxico do cádmio e seus compostos
T56.4,Categoria não especificada,Efeito tóxico do cobre e seus compostos
T56.5,Categoria não especificada,Efeito tóxico do zinco e seus compostos
T56.6,Categoria não especificada,Efeito tóxico do estanho e seus compostos
T56.7,Categoria não especificada,Efeito tóxico do berilo e seus compostos
T56.8,Categoria não especificada,Efeito tóxico de outros metais
T56.9,Categoria não especificada,Efeito tóxico de metal
T57.0,Categoria não especificada,Efeito tóxico do arsênico e seus compostos
T57.1,Categoria não especificada,Efeito tóxico do fósforo e seus compostos
T57.2,Categoria não especificada,Efeito tóxico do manganês e seus compostos
T57.3,Categoria não especificada,Efeito tóxico do cianeto de hidrogênio (ácido cianídrico)
T57.8,Categoria não especificada,Efeito tóxico de outras substâncias inorgânicas especificadas
T57.9,Categoria não especificada,Efeito tóxico de substância inorgânica não especificada
T58,Categoria não especificada,Efeito tóxico do monóxido de carbono
T59.0,Categoria não especificada,Efeito tóxico de óxidos de nitrogênio
T59.1,Categoria não especificada,Efeito tóxico do dióxido de enxofre
T59.2,Categoria não especificada,Efeito tóxico de formaldeído
T59.3,Categoria não especificada,Efeito tóxico do gás lacrimogêneo
T59.4,Categoria não especificada,Efeito tóxico do cloro gasoso
T59.5,Categoria não especificada,Efeito tóxico do fluoreto gasoso e ácido fluorídrico
T59.6,Categoria não especificada,Efeito tóxico do ácido sulfídrico
T59.7,Categoria não especificada,Efeito tóxico do dióxido de carbono
T59.8,Categoria não especificada,Efeito tóxico de outros gases
T59.9,Categoria não especificada,Efeito tóxico de gases
T60.0,Categoria não especificada,Efeito tóxico de inseticidas organofosforados e carbamatos
T60.1,Categoria não especificada,Efeito tóxico de inseticidas halogenados
T60.2,Categoria não especificada,Efeito tóxico de outros inseticidas
T60.3,Categoria não especificada,Efeito tóxico de herbicidas e fungicidas
T60.4,Categoria não especificada,Efeito tóxico de rodenticidas
T60.8,Categoria não especificada,Efeito tóxico de outros pesticidas
T60.9,Categoria não especificada,Efeito tóxico de pesticida não especificado
T61.0,Categoria não especificada,Intoxicação pelo peixe ciguatera
T61.1,Categoria não especificada,Intoxicação por peixes escombrídeos
T61.2,Categoria não especificada,Outras intoxicações por peixes e mariscos
T61.8,Categoria não especificada,Efeito tóxico de outros frutos do mar
T61.9,Categoria não especificada,Efeito tóxico de frutos do mar não especificados
T62.0,Categoria não especificada,Efeito tóxico de ingestão de cogumelos
T62.1,Categoria não especificada,Efeito tóxico de ingestão de frutos
T62.2,Categoria não especificada,Efeito tóxico de ingestão de outras (partes de) plantas
T62.8,Categoria não especificada,Efeito tóxico de outras substâncias nocivas ingeridas como alimento
T62.9,Categoria não especificada,Efeito tóxico de substâncias nocivas ingeridas como alimento
T63.0,Categoria não especificada,Efeito tóxico do veneno de serpente
T63.1,Categoria não especificada,Efeito tóxico do veneno de outros répteis
T63.2,Categoria não especificada,Efeito tóxico do veneno de escorpião
T63.3,Categoria não especificada,Efeito tóxico do veneno de aranha
T63.4,Categoria não especificada,Efeito tóxico do veneno de outros artrópodes
T63.5,Categoria não especificada,Efeito tóxico de contato com peixe
T63.6,Categoria não especificada,Efeito tóxico de contato com outros animais marinhos
T63.8,Categoria não especificada,Efeito tóxico de contato com outros animais venenosos
T63.9,Categoria não especificada,Efeito tóxico de contato com animal venenoso não especificado
T64,Categoria não especificada,Efeito tóxico da aflatoxina e de outras micotoxinas contaminantes de alimentos
T65.0,Categoria não especificada,Efeito tóxico de cianetos
T65.1,Categoria não especificada,Efeito tóxico da estricnina e seus sais
T65.2,Categoria não especificada,Efeito tóxico do tabaco e da nicotina
T65.3,Categoria não especificada,Efeito tóxico de nitroderivados e aminoderivados do benzeno e seus homólogos
T65.4,Categoria não especificada,Efeito tóxico do dissulfeto de carbono
T65.5,Categoria não especificada,Efeito tóxico da nitroglicerina e outros ácidos e ésteres nítricos
T65.6,Categoria não especificada,Efeito tóxico de tinturas e corantes
T65.8,Categoria não especificada,Efeito tóxico de outras substâncias especificadas
T65.9,Categoria não especificada,Efeito tóxico de substância não especificada
T66,Categoria não especificada,Efeitos não especificados de radiação
T67.0,Categoria não especificada,Golpe de calor e insolação
T67.1,Categoria não especificada,Síncope devida ao calor
T67.2,Categoria não especificada,Cãibras devidas ao calor
T67.3,Categoria não especificada,Exaustão devida ao calor e à perda hídrica
T67.4,Categoria não especificada,Exaustão devida ao calor e à perda de sal
T67.5,Categoria não especificada,Exaustão devida ao calor
T67.6,Categoria não especificada,Fadiga transitória devida ao calor
T67.7,Categoria não especificada,Edema devido ao calor
T67.8,Categoria não especificada,Outros efeitos do calor e da luz
T67.9,Categoria não especificada,Efeito do calor e da luz não especificado
T68,Categoria não especificada,Hipotermia
T69.0,Categoria não especificada,Mão e pé de imersão
T69.1,Categoria não especificada,Congelamento [chilblains]
T69.8,Categoria não especificada,Outros efeitos especificados de temperatura reduzida
T69.9,Categoria não especificada,Efeito não especificado de temperatura reduzida
T70.0,Categoria não especificada,Otite barotraumática
T70.1,Categoria não especificada,Sinusite barotraumática
T70.2,Categoria não especificada,Outros efeitos das grandes altitude e os não especificados
T70.3,Categoria não especificada,Mal dos caixões [doença de descompressão]
T70.4,Categoria não especificada,Efeito dos fluidos em alta pressão
T70.8,Categoria não especificada,Outros efeitos da pressão atmosférica ou da pressão da água
T70.9,Categoria não especificada,Efeitos não especificados da pressão atmosférica ou da pressão da água
T71,Categoria não especificada,Asfixia
T73.0,Categoria não especificada,Efeitos da fome
T73.1,Categoria não especificada,Efeitos da sede
T73.2,Categoria não especificada,Exaustão devida às intempéries
T73.3,Categoria não especificada,Exaustão devido a um esforço intenso
T73.8,Categoria não especificada,Outros efeitos de privação
T73.9,Categoria não especificada,Efeito não especificado de privação
T74.0,Categoria não especificada,Abandono
T74.1,Categoria não especificada,Sevícias físicas
T74.2,Categoria não especificada,Abuso sexual
T74.3,Categoria não especificada,Abuso psicológico
T74.8,Categoria não especificada,Outras síndromes especificadas de maus tratos
T74.9,Categoria não especificada,Síndrome não especificada de maus tratos
T75.0,Categoria não especificada,Efeitos do raio
T75.1,Categoria não especificada,Afogamento e submersão não mortal
T75.2,Categoria não especificada,Efeitos da vibração
T75.3,Categoria não especificada,Doença causada pelo movimento
T75.4,Categoria não especificada,Efeitos da corrente elétrica
T75.8,Categoria não especificada,Outros efeitos especificados de causas externas
T78.0,Categoria não especificada,Choque anafilático devido à intolerância alimentar
T78.1,Categoria não especificada,Outras reações de intolerância alimentar não classificadas em outra parte
T78.2,Categoria não especificada,Choque anafilático não especificado
T78.3,Categoria não especificada,Edema angioneurótico
T78.4,Categoria não especificada,Alergia não especificada
T78.8,Categoria não especificada,Outros efeitos adversos não classificados em outra parte
T78.9,Categoria não especificada,Efeito adverso não especificado
T79.0,Categoria não especificada,Embolia gasosa (traumática)
T79.1,Categoria não especificada,Embolia gordurosa (traumática)
T79.2,Categoria não especificada,Hemorragia traumática secundária e recidivante
T79.3,Categoria não especificada,Infecção pós-traumática de ferimento não classificada em outra parte
T79.4,Categoria não especificada,Choque traumático
T79.5,Categoria não especificada,Anúria traumática
T79.6,Categoria não especificada,Isquemia muscular traumática
T79.7,Categoria não especificada,Enfisema subcutâneo de origem traumática
T79.8,Categoria não especificada,Outras complicações precoces de traumatismo
T79.9,Categoria não especificada,Complicação precoce não especificada de traumatismo
T80.0,Categoria não especificada,Embolia aérea subseqüentes à infusão
T80.1,Categoria não especificada,Complicações vasculares subseqüentes à infusão
T80.2,Categoria não especificada,Infecções subseqüentes à infusão
T80.3,Categoria não especificada,Reação de incompatibilidade ABO
T80.4,Categoria não especificada,Reação de incompatibilidade Rh
T80.5,Categoria não especificada,Choque anafilático devido a soro
T80.6,Categoria não especificada,Outras reações ao soro
T80.8,Categoria não especificada,Outras complicações subseqüentes à infusão
T80.9,Categoria não especificada,Complicação não especificada subseqüente à infusão
T81.0,Categoria não especificada,Hemorragia e hematoma complicando procedimento não classificado em outra parte
T81.1,Categoria não especificada,Choque durante ou resultante de procedimento não classificado em outra parte
T81.2,Categoria não especificada,Perfuração e laceração acidentais durante um procedimento não classificado em outra parte
T81.3,Categoria não especificada,Deiscência de ferida cirúrgica não classificada em outra parte
T81.4,Categoria não especificada,Infecção subseqüente a procedimento não classificada em outra parte
T81.5,Categoria não especificada,Corpo estranho deixado acidentalmente em cavidade corporal ou em ferida operatória subseqüente a procedimento
T81.6,Categoria não especificada,Reação aguda à substância estranha deixada acidentalmente durante um procedimento
T81.7,Categoria não especificada,Complicações vasculares subseqüentes a um procedimento não classificado em outra parte
T81.8,Categoria não especificada,Outras complicações de procedimentos não classificadas em outra parte
T81.9,Categoria não especificada,Complicação não especificada de procedimento
T82.0,Categoria não especificada,Complicação mecânica de prótese valvular cardíaca
T82.1,Categoria não especificada,Complicação mecânica de dispositivo eletrônico cardíaco
T82.2,Categoria não especificada,Complicação mecânica de enxerto de ponte coronária e implantes de valvas
T82.3,Categoria não especificada,Complicações mecânicas de outros enxertos vasculares
T82.4,Categoria não especificada,Complicação mecânica de cateter vascular de diálise
T82.5,Categoria não especificada,Complicações mecânicas de outros dispositivos e implantes cardiovasculares
T82.6,Categoria não especificada,Infecção e reação inflamatórias devidas à prótese valvular cardíaca
T82.7,Categoria não especificada,Infecção e reação inflamatórias devidas a outros dispositivos
T82.8,Categoria não especificada,Outras complicações de dispositivos protéticos
T82.9,Categoria não especificada,Complicações não especificada de dispositivo protético
T83.0,Categoria não especificada,Complicação mecânica de cateter (de demora) urinário
T83.1,Categoria não especificada,Complicação mecânica de outros dispositivos e implantes urinários
T83.2,Categoria não especificada,Complicação mecânica de enxerto de órgão urinário
T83.3,Categoria não especificada,Complicação mecânica de dispositivo intra-uterino (anticoncepcional)
T83.4,Categoria não especificada,Complicação mecânica de outros dispositivos protéticos
T83.5,Categoria não especificada,Infecção e reação inflamatória devidas à dispositivo protético
T83.6,Categoria não especificada,Infecção e reação inflamatória devidas à dispositivo protético
T83.8,Categoria não especificada,Outras complicações de dispositivos protéticos
T83.9,Categoria não especificada,Complicação não especificada de prótese
T84.0,Categoria não especificada,Complicação mecânica de prótese articular interna
T84.1,Categoria não especificada,Complicação mecânica de dispositivo de fixação interna de ossos dos membros
T84.2,Categoria não especificada,Complicação mecânica de dispositivo de fixação interna de outros ossos
T84.3,Categoria não especificada,Complicação mecânica de outros dispositivos
T84.4,Categoria não especificada,Complicação mecânica de outros dispositivos
T84.5,Categoria não especificada,Infecção e reação inflamatória devidas à prótese articular interna
T84.6,Categoria não especificada,Infecção e reação inflamatória devidas a dispositivo de fixação interna [qualquer local]
T84.7,Categoria não especificada,Infecção e reação inflamatória devidas a outros dispositivos protéticos
T84.8,Categoria não especificada,Outras complicações de dispositivos protéticos
T84.9,Categoria não especificada,Complicação não especificada de dispositivo protético
T85.0,Categoria não especificada,Complicação mecânica de shunt ventricular (comunicação) intracraniano
T85.1,Categoria não especificada,Complicação mecânica de estimulador eletrônico implantado no sistema nervoso
T85.2,Categoria não especificada,Complicação mecânica de lente intraocular
T85.3,Categoria não especificada,Complicações mecânicas de outros dispositivos protéticos
T85.4,Categoria não especificada,Complicação mecânica de prótese e implante mamários
T85.5,Categoria não especificada,Complicação mecânica de dispositivos protéticos
T85.6,Categoria não especificada,Complicação mecânica de outros dispositivos protéticos
T85.7,Categoria não especificada,Infecção e reação inflamatória devida a outros dispositivos protéticos
T85.8,Categoria não especificada,Outras complicações de dispositivos protéticos
T85.9,Categoria não especificada,Complicação não especificada de outros dispositivos protéticos
T86.0,Categoria não especificada,Rejeição a transplante de medula óssea
T86.1,Categoria não especificada,Falência ou rejeição de transplante de rim
T86.2,Categoria não especificada,Falência ou rejeição de transplante de coração
T86.3,Categoria não especificada,Falência ou rejeição de transplante duplo de coração e pulmão
T86.4,Categoria não especificada,Falência ou rejeição de transplante de fígado
T86.8,Categoria não especificada,Outra insuficiência ou rejeição de outros órgãos ou tecidos transplantados
T86.9,Categoria não especificada,Falência e rejeição a transplante de órgão ou tecido não especificado
T87.0,Categoria não especificada,Complicações de reimplante (de parte) de extremidade superior
T87.1,Categoria não especificada,Complicações de reimplante (de parte) de extremidade inferior
T87.2,Categoria não especificada,Complicações de outras partes reimplantadas do corpo
T87.3,Categoria não especificada,Neuroma de coto da amputação
T87.4,Categoria não especificada,Infecção de coto da amputação
T87.5,Categoria não especificada,Necrose do coto da amputação
T87.6,Categoria não especificada,Outras complicações e as não especificadas do coto de amputação
T88.0,Categoria não especificada,Infecção subseqüente à imunização
T88.1,Categoria não especificada,Outras complicações subseqüentes à imunização não classificadas em outra parte
T88.2,Categoria não especificada,Choque devido à anestesia
T88.3,Categoria não especificada,Hipertermia maligna devida à anestesia
T88.4,Categoria não especificada,Entubação falha ou difícil
T88.5,Categoria não especificada,Outras complicações de anestesia
T88.6,Categoria não especificada,Choque anafilático devido a efeito adverso de droga ou medicamento corretos e administrados de maneira apropriada
T88.7,Categoria não especificada,Efeito adverso não especificado de droga ou medicamento
T88.8,Categoria não especificada,Outras complicações de cuidados médicos e cirúrgicos especificados não classificados em outra parte
T88.9,Categoria não especificada,Complicação não especificada de cuidados médicos e cirúrgicos
T90.0,Categoria não especificada,Seqüelas de traumatismo superficial da cabeça
T90.1,Categoria não especificada,Seqüelas de ferimento da cabeça
T90.2,Categoria não especificada,Seqüelas de fratura de crânio e de ossos da face
T90.3,Categoria não especificada,Seqüelas de traumatismo de nervos cranianos
T90.4,Categoria não especificada,Seqüelas de traumatismo do olho e da órbita
T90.5,Categoria não especificada,Seqüelas de traumatismo intracraniano
T90.8,Categoria não especificada,Seqüelas de outros traumatismos especificados da cabeça
T90.9,Categoria não especificada,Seqüelas de traumatismo não especificado da cabeça
T91.0,Categoria não especificada,Seqüelas de traumatismo superficial e ferimento do pescoço e do tronco
T91.1,Categoria não especificada,Seqüelas de fratura de coluna vertebral
T91.2,Categoria não especificada,Seqüelas de outra fratura do tórax e da pelve
T91.3,Categoria não especificada,Seqüelas de traumatismo de medula espinhal
T91.4,Categoria não especificada,Seqüelas de traumatismo de órgãos intratorácicos
T91.5,Categoria não especificada,Seqüelas de traumatismo de órgãos intra-abdominais e órgãos pélvicos
T91.8,Categoria não especificada,Seqüelas de outros traumatismos especificados do pescoço e do tronco
T91.9,Categoria não especificada,Seqüelas de traumatismo não especificado do pescoço e do tronco
T92.0,Categoria não especificada,Seqüelas de ferimento do membro superior
T92.1,Categoria não especificada,Seqüelas de fratura do braço
T92.2,Categoria não especificada,Seqüelas de fratura ao nível do punho e da mão
T92.3,Categoria não especificada,Seqüelas de luxação
T92.4,Categoria não especificada,Seqüelas de traumatismo de nervo de membro superior
T92.5,Categoria não especificada,Seqüelas de traumatismo de músculo e tendão do membro superior
T92.6,Categoria não especificada,Seqüelas de esmagamento e amputação traumática do membro superior
T92.8,Categoria não especificada,Seqüelas de outros traumatismos especificados do membro superior
T92.9,Categoria não especificada,Seqüelas de traumatismo não especificado do membro superior
T93.0,Categoria não especificada,Seqüelas de ferimento do membro inferior
T93.1,Categoria não especificada,Seqüelas de fratura do fêmur
T93.2,Categoria não especificada,Seqüelas de outras fraturas do membro inferior
T93.3,Categoria não especificada,Seqüelas de luxação
T93.4,Categoria não especificada,Seqüelas de traumatismo de nervo do membro inferior
T93.5,Categoria não especificada,Seqüelas de traumatismo de músculo e tendão do membro inferior
T93.6,Categoria não especificada,Seqüelas de esmagamento e amputação traumática do membro inferior
T93.8,Categoria não especificada,Seqüelas de outros traumatismos especificados do membro inferior
T93.9,Categoria não especificada,Seqüelas de traumatismo não especificado do membro inferior
T94.0,Categoria não especificada,Seqüelas de traumatismos envolvendo regiões múltiplas do corpo
T94.1,Categoria não especificada,Seqüelas de traumatismos não especificados por regiões do corpo
T95.0,Categoria não especificada,Seqüelas de queimadura
T95.1,Categoria não especificada,Seqüelas de queimadura
T95.2,Categoria não especificada,Seqüelas de queimadura
T95.3,Categoria não especificada,Seqüelas de queimadura
T95.4,Categoria não especificada,Seqüelas de queimadura e corrosão classificável só de acordo com a extensão da área corporal envolvida
T95.8,Categoria não especificada,Seqüelas de outra queimadura
T95.9,Categoria não especificada,Seqüelas de queimadura
T96,Categoria não especificada,Seqüelas de intoxicação por drogas
T97,Categoria não especificada,Seqüelas de efeitos tóxicos de substâncias de origem predominantemente não-medicinal
T98.0,Categoria não especificada,Seqüelas dos efeitos da penetração de corpo estranho através de orifício natural
T98.1,Categoria não especificada,Seqüelas em outros efeitos de causas externas e os não especificados
T98.2,Categoria não especificada,Seqüelas de algumas complicações precoces de traumatismos
T98.3,Categoria não especificada,Seqüelas de complicações dos cuidados médicos e cirúrgicos não classificados em outra parte
U04.9,Síndrome respiratória aguda grave [severe acute respiratory syndrome SARS],Síndrome respiratória aguda grave [Severe acute respiratory syndrome) [SARS] não especificada
U80.0,Agente resistente à penicilina e antibióticos relacionados,Agente resistente à penicilina
U80.1,Agente resistente à penicilina e antibióticos relacionados,Agente resistente à meticilina
U80.8,Agente resistente à penicilina e antibióticos relacionados,Agente resistente a outro antibiótico relacionado à penicilina
U81.0,Agente resistente à vancomicina e antibióticos relacionados,Agente resistente à vancomicina
U81.8,Agente resistente à vancomicina e antibióticos relacionados,Agente resistente a outros antibióticos relacionado à vancomicina
U88,Agente resistente a múltiplos antibióticos,Agente resistente a múltiplos antibióticos
U89.8,Agente resistente a outros antibióticos e a antibióticos não especificados,Agente resistente a outro antibiótico especificado único
U89.9,Agente resistente a outros antibióticos e a antibióticos não especificados,Agente resistente a antibiótico não especificado
U99,CID 10ª Revisão não disponível,CID 10ª Revisão não disponível
V01.0,Categoria não especificada,Pedestre traumatizado em colisão com um veículo a pedal - acidente não-de-trânsito
V01.1,Categoria não especificada,Pedestre traumatizado em colisão com um veículo a pedal - acidente de trânsito
V01.9,Categoria não especificada,Pedestre traumatizado em colisão com um veículo a pedal - acidente não especificado se de trânsito ou não de trânsito
V02.0,Categoria não especificada,Pedestre traumatizado em colisão com um veículo a motor de duas ou três rodas - acidente não-de-trânsito
V02.1,Categoria não especificada,Pedestre traumatizado em colisão com um veículo a motor de duas ou três rodas - acidente de trânsito
V02.9,Categoria não especificada,Pedestre traumatizado em colisão com um veículo a motor de duas ou três rodas - acidente não especificado se de trânsito ou não de trânsito
V03.0,Categoria não especificada,Pedestre traumatizado em colisão com um automóvel [carro]
Z31.3,Medidas de procriação,Outros métodos assistidos de fertilização
Z31.4,Medidas de procriação,Investigação e testes com relação à procriação
Z31.5,Medidas de procriação,Aconselhamento genético
Z31.6,Medidas de procriação,Aconselhamento geral sobre a procriação
Z31.8,Medidas de procriação,Outra medida especificada de procriação
Z31.9,Medidas de procriação,Medida procriativa não especificada
Z32.0,Exame ou teste de gravidez,Gravidez (ainda) não confirmada
Z32.1,Exame ou teste de gravidez,Gravidez confirmada
Z33,Gravidez como achado casual,Gravidez como achado casual
Z34.0,Supervisão de gravidez normal,Supervisão de primeira gravidez normal
Z34.8,Supervisão de gravidez normal,Supervisão de outra gravidez normal
Z34.9,Supervisão de gravidez normal,Supervisão de gravidez normal
Z35.0,Supervisão de gravidez de alto risco,Supervisão de gravidez com história de esterilidade
Z35.1,Supervisão de gravidez de alto risco,Supervisão de gravidez com história de aborto
Z35.2,Supervisão de gravidez de alto risco,Supervisão de gravidez com outros antecedentes de procriação problemática
Z35.3,Supervisão de gravidez de alto risco,Supervisão de gravidez com história de assistência pré-natal insuficiente
Z35.4,Supervisão de gravidez de alto risco,Supervisão de gravidez com grande multiparidade
Z35.5,Supervisão de gravidez de alto risco,Supervisão de primigesta idosa
Z35.6,Supervisão de gravidez de alto risco,Supervisão de primigesta muito jovem
Z35.7,Supervisão de gravidez de alto risco,Supervisão de gravidez de alto risco devido a problemas sociais
Z35.8,Supervisão de gravidez de alto risco,Supervisão de outras gravidezes de alto risco
Z35.9,Supervisão de gravidez de alto risco,Supervisão não especificada de gravidez de alto risco
Z36.0,"Rastreamento (""screening"") pré-natal",Rastreamento de anomalias cromossômicas
Z36.1,"Rastreamento (""screening"") pré-natal",Rastreamento pré-natal de taxa elevada de alfa-fetoproteínas
Z36.2,"Rastreamento (""screening"") pré-natal",Outros rastreamentos pré-natais por amniocentese
Z36.3,"Rastreamento (""screening"") pré-natal",Rastreamento pré-natal de malformações por ultrassom e outros meios físicos
Z36.4,"Rastreamento (""screening"") pré-natal",Rastreamento pré-natal do retardo de crescimento do feto por ultrassom e outros métodos físicos
Z36.5,"Rastreamento (""screening"") pré-natal",Rastreamento pré-natal de isoimunização
Z36.8,"Rastreamento (""screening"") pré-natal",Outros rastreamentos pré-natais
Z36.9,"Rastreamento (""screening"") pré-natal",Rastreamento pré-natal não especificado
Z37.0,Resultado do parto,"Nascimento único, nativivo [nado-vivo]"
Z37.1,Resultado do parto,"Nascimento único, natimorto [feto-morto] "
Z37.2,Resultado do parto,"Nascimento gemelar, gêmeos (ambos) nativivos [nado-vivos]"
Z37.3,Resultado do parto,"Nascimento gemelar, um dos gêmeos, nativivo [nado-vivo], o outro, natimorto [feto-morto]"
Z37.4,Resultado do parto,"Nascimento gemelar, gêmeos natimortos [feto-mortos]"
Z37.5,Resultado do parto,"Outros nascimentos múltiplos, todos nativivos [nado-vivos]"
Z37.6,Resultado do parto,"Outros nascimentos múltiplos, alguns nativivos [nado-vivos]"
Z37.7,Resultado do parto,"Outros nascimentos múltiplos, todos natimortos [feto-mortos]"
Z37.9,Resultado do parto,Nascimento não especificado
Z38.0,Nascidos vivos [nado-vivos] segundo o local de nascimento,"Criança única, nascida em hospital"
Z38.1,Nascidos vivos [nado-vivos] segundo o local de nascimento,"Criança única, nascida fora do hospital"
Z38.2,Nascidos vivos [nado-vivos] segundo o local de nascimento,"Criança única, não especificado quanto ao local de nascimento"
Z38.3,Nascidos vivos [nado-vivos] segundo o local de nascimento,"Gêmeos (duplos), nascidos em hospital"
Z38.4,Nascidos vivos [nado-vivos] segundo o local de nascimento,"Gêmeos (duplos), nascidos fora de hospital"
Z38.5,Nascidos vivos [nado-vivos] segundo o local de nascimento,"Gêmeos, não especificados quanto ao local de nascimento"
Z38.6,Nascidos vivos [nado-vivos] segundo o local de nascimento,"Outros nascimentos múltiplos, em hospital"
Z38.7,Nascidos vivos [nado-vivos] segundo o local de nascimento,"Outros nascimentos múltiplos, fora de hospital"
Z38.8,Nascidos vivos [nado-vivos] segundo o local de nascimento,"Outros nascimentos múltiplos, não especificados quanto ao local de nascimento"
Z39.0,Assistência e exame pós-natal,Assistência e exame imediatamente após o parto
Z39.1,Assistência e exame pós-natal,Assistência e exame da mãe nutriz
Z39.2,Assistência e exame pós-natal,Seguimento pós-parto de rotina
Z40.0,Cirurgia profilática,Cirurgia profilática para fatores de risco relacionados com neoplasias malignas
Z40.8,Cirurgia profilática,Outra cirurgia profilática
Z40.9,Cirurgia profilática,Cirurgia profilática não especificada
Z41.0,Procedimentos para outros propósitos exceto cuidados de saúde,Transplante de cabelo
Z41.1,Procedimentos para outros propósitos exceto cuidados de saúde,Outras intervenções de cirurgia plástica por razões estéticas
Z41.2,Procedimentos para outros propósitos exceto cuidados de saúde,Circuncisão ritual e de rotina
Z41.3,Procedimentos para outros propósitos exceto cuidados de saúde,Perfuração do lobo da orelha
Z41.8,Procedimentos para outros propósitos exceto cuidados de saúde,Outros procedimentos para outros propósitos exceto cuidados de saúde
Z41.9,Procedimentos para outros propósitos exceto cuidados de saúde,Procedimentos não especificado para outros propósitos exceto cuidados de saúde
Z42.0,Seguimento envolvendo cirurgia plástica,Seguimento envolvendo cirurgia plástica da cabeça e do pescoço
Z42.1,Seguimento envolvendo cirurgia plástica,Seguimento envolvendo cirurgia plástica de mama
Z42.2,Seguimento envolvendo cirurgia plástica,Seguimento envolvendo cirurgia plástica de outras partes do tronco
Z42.3,Seguimento envolvendo cirurgia plástica,Seguimento envolvendo cirurgia plástica das extremidades superiores
Z42.4,Seguimento envolvendo cirurgia plástica,Seguimento envolvendo cirurgia plástica das extremidades inferiores
Z42.8,Seguimento envolvendo cirurgia plástica,Seguimento envolvendo cirurgia plástica de outras partes do corpo
Z42.9,Seguimento envolvendo cirurgia plástica,Seguimento envolvendo cirurgia plástica não especificada
Z43.0,Atenção a orifícios artificiais,Cuidados à traqueostomia
Z43.1,Atenção a orifícios artificiais,Cuidados à gastrostomia
Z43.2,Atenção a orifícios artificiais,Cuidados à ileostomia
Z43.3,Atenção a orifícios artificiais,Cuidados à colostomia
Z43.4,Atenção a orifícios artificiais,Cuidados a outros orifícios artificiais do tubo digestivo
Z43.5,Atenção a orifícios artificiais,Cuidados à cistostomia
Z43.6,Atenção a orifícios artificiais,Cuidados a outros orifícios artificiais das vias urinárias
Z43.7,Atenção a orifícios artificiais,Cuidados à vagina artificial
Z43.8,Atenção a orifícios artificiais,Cuidados a outros orifícios artificiais
Z43.9,Atenção a orifícios artificiais,Cuidados a orifício artificial não especificado
Z44.0,Colocação e ajustamento de aparelhos de prótese externa,Colocação e ajustamento de braço artificial (parcial) (total)
Z44.1,Colocação e ajustamento de aparelhos de prótese externa,Colocação e ajustamento de perna artificial (parcial) (total)
Z44.2,Colocação e ajustamento de aparelhos de prótese externa,Colocação e ajustamento de olho artificial
Z44.3,Colocação e ajustamento de aparelhos de prótese externa,Colocação e ajustamento de prótese externa de mama
Z44.8,Colocação e ajustamento de aparelhos de prótese externa,Colocação e ajustamento de outros aparelhos de prótese externa
Z44.9,Colocação e ajustamento de aparelhos de prótese externa,Colocação e ajustamento de aparelho de prótese externa não especificado
Z45.0,Ajustamento e manuseio de dispositivo implantado,Ajustamento e manuseio de marca-passo cardíaco
Z45.1,Ajustamento e manuseio de dispositivo implantado,Ajustamento e manuseio de bomba de infusão
Z45.2,Ajustamento e manuseio de dispositivo implantado,Ajustamento e manuseio de dispositivo de acesso vascular
Z45.3,Ajustamento e manuseio de dispositivo implantado,Ajustamento e manuseio de dispositivo implantado de audição
Z45.8,Ajustamento e manuseio de dispositivo implantado,Ajustamento e manuseio de outros dispositivos implantados
Z45.9,Ajustamento e manuseio de dispositivo implantado,Ajustamento e manuseio de dispositivo implantado não especificado
Z46.0,Colocação e ajustamento de outros aparelhos,Colocação e ajustamento de óculos e lentes de contato
Z46.1,Colocação e ajustamento de outros aparelhos,Colocação e ajustamento de aparelho auditivo
Z46.2,Colocação e ajustamento de outros aparelhos,Colocação e ajustamento de outros aparelhos relacionados com o sistema nervoso e órgãos dos sentidos
Z46.3,Colocação e ajustamento de outros aparelhos,Colocação e ajustamento de dispositivo de prótese dentária
Z46.4,Colocação e ajustamento de outros aparelhos,Colocação e ajustamento de aparelho ortodôntico
Z46.5,Colocação e ajustamento de outros aparelhos,Colocação e ajustamento de ileostomia e de outros dispositivos intestinais
Z46.6,Colocação e ajustamento de outros aparelhos,Colocação e ajustamento de prótese urinária
Z46.7,Colocação e ajustamento de outros aparelhos,Colocação e ajustamento de aparelho ortopédico
Z46.8,Colocação e ajustamento de outros aparelhos,Colocação e ajustamento de outros aparelhos especificados
Z46.9,Colocação e ajustamento de outros aparelhos,Colocação e ajustamento de aparelho não especificado
Z47.0,Outros cuidados de seguimento ortopédico,Seguimento envolvendo remoção de placa de fratura e outros dispositivos de fixação interna
Z47.8,Outros cuidados de seguimento ortopédico,Outros seguimentos ortopédicos especificados
Z47.9,Outros cuidados de seguimento ortopédico,Seguimento ortopédico não especificado
Z48.0,Outro seguimento cirúrgico,Cuidados a curativos e suturas cirúrgicas
Z48.8,Outro seguimento cirúrgico,Outro seguimento cirúrgico especificado
Z48.9,Outro seguimento cirúrgico,Seguimento cirúrgico não especificado
Z49.0,Cuidados envolvendo diálise,Cuidado preparatório para diálise
Z49.1,Cuidados envolvendo diálise,Diálise extracorpórea
Z49.2,Cuidados envolvendo diálise,Outras diálises
Z50.0,Cuidados envolvendo o uso de procedimentos de reabilitação,Reabilitação cardíaca
Z50.1,Cuidados envolvendo o uso de procedimentos de reabilitação,Outra fisioterapia
Z50.2,Cuidados envolvendo o uso de procedimentos de reabilitação,Reabilitação de alcoólatra
Z50.3,Cuidados envolvendo o uso de procedimentos de reabilitação,Reabilitação de toxicodependentes
Z50.4,Cuidados envolvendo o uso de procedimentos de reabilitação,Psicoterapia
Z50.5,Cuidados envolvendo o uso de procedimentos de reabilitação,Reabilitação da linguagem
Z50.6,Cuidados envolvendo o uso de procedimentos de reabilitação,Treinamento ortóptico
Z50.7,Cuidados envolvendo o uso de procedimentos de reabilitação,Terapia ocupacional e reabilitação vocacional não classificada em outra parte
Z50.8,Cuidados envolvendo o uso de procedimentos de reabilitação,Cuidados envolvendo uso de outros procedimentos de reabilitação
Z50.9,Cuidados envolvendo o uso de procedimentos de reabilitação,Cuidados envolvendo uso de procedimento de reabilitação não especificado
Z51.0,Outros cuidados médicos,Sessão de radioterapia
Z51.1,Outros cuidados médicos,Sessão de quimioterapia por neoplasia
Z51.2,Outros cuidados médicos,Outra quimioterapia
Z51.3,Outros cuidados médicos,Transfusão de sangue
Z51.4,Outros cuidados médicos,Cuidado preparatório para tratamento subsequente não classificado em outra parte
Z51.5,Outros cuidados médicos,Cuidado paliativo
Z51.6,Outros cuidados médicos,Dessensibilização a alérgenos
Z51.8,Outros cuidados médicos,Outro cuidado médico especificado
Z51.9,Outros cuidados médicos,Cuidado médico não especificado
Z52.0,Doadores de órgãos e tecidos,Doador de sangue
Z52.1,Doadores de órgãos e tecidos,Doador de pele
Z52.2,Doadores de órgãos e tecidos,Doador de osso
Z52.3,Doadores de órgãos e tecidos,Doador de medula óssea
Z52.4,Doadores de órgãos e tecidos,Doador de rim
Z52.5,Doadores de órgãos e tecidos,Doador de córnea
Z52.6,Doadores de órgãos e tecidos,Doador de fígado
Z52.7,Doadores de órgãos e tecidos,Doador de coração
Z52.8,Doadores de órgãos e tecidos,Doador de outros órgãos ou tecidos
Z52.9,Doadores de órgãos e tecidos,Doador de órgão ou tecido não especificado
Z53.0,Pessoas em contato com serviços de saúde para procedimentos específicos não realizados,Procedimento não realizado devido à contra-indicação
Z53.1,Pessoas em contato com serviços de saúde para procedimentos específicos não realizados,Procedimento não realizado devido à decisão do paciente por razões de crença ou grupo de pressão
Z53.2,Pessoas em contato com serviços de saúde para procedimentos específicos não realizados,Procedimento não realizado devido à decisão do paciente por outras razões e as não especificadas
Z53.8,Pessoas em contato com serviços de saúde para procedimentos específicos não realizados,Procedimento não realizado por outras razões
Z53.9,Pessoas em contato com serviços de saúde para procedimentos específicos não realizados,Procedimento não realizado por razão não especificada
Z54.0,Convalescença,Convalescença após cirurgia
Z54.1,Convalescença,Convalescença após radioterapia
Z54.2,Convalescença,Convalescença após quimioterapia
Z54.3,Convalescença,Convalescença após psicoterapia
Z54.4,Convalescença,Convalescença após tratamento de fratura
Z54.7,Convalescença,Convalescença após tratamento combinado
Z54.8,Convalescença,Convalescença após outro tratamento
Z54.9,Convalescença,Convalescença após tratamento não especificado
Z55.0,Problemas relacionados com a educação e com a alfabetização,Analfabetismo e baixa escolaridade
Z55.1,Problemas relacionados com a educação e com a alfabetização,Escolarização não disponível e impossível
Z55.2,Problemas relacionados com a educação e com a alfabetização,Reprovação em exames
Z55.3,Problemas relacionados com a educação e com a alfabetização,Maus resultados escolares
Z55.4,Problemas relacionados com a educação e com a alfabetização,Má adaptação escolar e dificuldades com professores e colegas
Z55.8,Problemas relacionados com a educação e com a alfabetização,Outros problemas relacionados com a educação e com a alfabetização
Z55.9,Problemas relacionados com a educação e com a alfabetização,Problemas não especificados relacionados com a educação e com a alfabetização
Z56.0,Problemas relacionados com o emprego e com o desemprego,Desemprego não especificado
Z56.1,Problemas relacionados com o emprego e com o desemprego,Mudança de emprego
Z56.2,Problemas relacionados com o emprego e com o desemprego,Ameaça de perda de emprego
Z56.3,Problemas relacionados com o emprego e com o desemprego,Ritmo de trabalho penoso
Z56.4,Problemas relacionados com o emprego e com o desemprego,Desacordo com patrão e colegas de trabalho
Z56.5,Problemas relacionados com o emprego e com o desemprego,Má adaptação ao trabalho
Z56.6,Problemas relacionados com o emprego e com o desemprego,Outras dificuldades físicas e mentais relacionadas ao trabalho
Z56.7,Problemas relacionados com o emprego e com o desemprego,Outros problemas e os não especificados relacionados com o emprego
Z57.0,Exposição ocupacional a fatores de risco,Exposição ocupacional ao ruído
Z57.1,Exposição ocupacional a fatores de risco,Exposição ocupacional à radiação
Z57.2,Exposição ocupacional a fatores de risco,Exposição ocupacional à poeira (pó)
Z57.3,Exposição ocupacional a fatores de risco,Exposição ocupacional a outros contaminantes do ar
Z57.4,Exposição ocupacional a fatores de risco,Exposição ocupacional a agentes tóxicos na agricultura
Z57.5,Exposição ocupacional a fatores de risco,Exposição ocupacional a agentes tóxicos em outras indústrias
Z57.6,Exposição ocupacional a fatores de risco,Exposição ocupacional a temperaturas extremas
Z57.7,Exposição ocupacional a fatores de risco,Exposição ocupacional à vibração
Z57.8,Exposição ocupacional a fatores de risco,Exposição ocupacional a outros fatores de risco
Z57.9,Exposição ocupacional a fatores de risco,Exposição ocupacional a fator de risco não especificado
Z58.0,Problemas relacionados com o ambiente físico,Exposição ao ruído
Z58.1,Problemas relacionados com o ambiente físico,Exposição à poluição atmosférica
Z58.2,Problemas relacionados com o ambiente físico,Exposição à poluição da água
Z58.3,Problemas relacionados com o ambiente físico,Exposição à poluição do solo
Z58.4,Problemas relacionados com o ambiente físico,Exposição à radiação
Z58.5,Problemas relacionados com o ambiente físico,Exposição a outras poluições
Z58.6,Problemas relacionados com o ambiente físico,Água potável insuficiente
Z58.7,Problemas relacionados com o ambiente físico,Exposição à fumaça de tabaco
Z58.8,Problemas relacionados com o ambiente físico,Outros problemas relacionados com o ambiente físico
Z58.9,Problemas relacionados com o ambiente físico,Problema não especificado relacionado com o ambiente físico
Z59.0,Problemas relacionados com a habitação e com as condições econômicas,Falta de domicílio fixo
Z59.1,Problemas relacionados com a habitação e com as condições econômicas,Habitação inadequada
Z59.2,Problemas relacionados com a habitação e com as condições econômicas,Desacordo com vizinhos
Z59.3,Problemas relacionados com a habitação e com as condições econômicas,Problemas relacionados com a vida em instituição residencial
Z59.4,Problemas relacionados com a habitação e com as condições econômicas,Falta de alimentação adequada
Z59.5,Problemas relacionados com a habitação e com as condições econômicas,Pobreza extrema
Z59.6,Problemas relacionados com a habitação e com as condições econômicas,Baixo rendimento
Z59.7,Problemas relacionados com a habitação e com as condições econômicas,Seguro social e medidas de bem-estar social insuficientes
Z59.8,Problemas relacionados com a habitação e com as condições econômicas,Outros problemas relacionados com a habitação e com as circunstâncias econômicas
Z59.9,Problemas relacionados com a habitação e com as condições econômicas,Circunstâncias não especificadas econômicas ou de habitação
Z60.0,Problemas relacionados com o meio social,Problemas de adaptação às transições do ciclo de vida
Z60.1,Problemas relacionados com o meio social,Situação parental atípica
Z60.2,Problemas relacionados com o meio social,Viver só
Z60.3,Problemas relacionados com o meio social,Dificuldade de aculturação
Z60.4,Problemas relacionados com o meio social,Exclusão e rejeição sociais
Z60.5,Problemas relacionados com o meio social,Objeto de discriminação e perseguição percebidas
Z60.8,Problemas relacionados com o meio social,Outros problemas relacionados com o meio social
Z60.9,Problemas relacionados com o meio social,Problema não especificado relacionado com o meio social
Z61.0,Problemas relacionados com eventos negativos de vida na infância,Perda de relação afetiva na infância
Z61.1,Problemas relacionados com eventos negativos de vida na infância,Remoção do lar na infância
Z61.2,Problemas relacionados com eventos negativos de vida na infância,Padrão alterado de relações familiares na infância
Z61.3,Problemas relacionados com eventos negativos de vida na infância,Eventos que originam a perda de auto-estima na infância
Z61.4,Problemas relacionados com eventos negativos de vida na infância,Problemas relacionados com abuso sexual alegado de uma criança por uma pessoa de dentro de seu grupo
Z61.5,Problemas relacionados com eventos negativos de vida na infância,Problemas relacionados com abuso sexual alegado de uma criança por pessoa de fora de seu grupo
Z61.6,Problemas relacionados com eventos negativos de vida na infância,Problemas relacionados com abuso físico alegado da criança
Z61.7,Problemas relacionados com eventos negativos de vida na infância,Experiência pessoal amedrontadora na infância
Z61.8,Problemas relacionados com eventos negativos de vida na infância,Outros eventos da vida pessoal negativos na infância
Z61.9,Problemas relacionados com eventos negativos de vida na infância,Evento pessoal negativo não especificado na infância
Z62.0,Outros problemas relacionados com a educação da criança,Supervisão e controle inadequado por parte dos pais
Z62.1,Outros problemas relacionados com a educação da criança,Superproteção por parte dos pais
Z62.2,Outros problemas relacionados com a educação da criança,Educação numa instituição
Z62.3,Outros problemas relacionados com a educação da criança,Hostilidade com relação a uma criança
Z62.4,Outros problemas relacionados com a educação da criança,Negligência emocional da criança
Z62.5,Outros problemas relacionados com a educação da criança,Outros problemas relacionados com negligência na educação dos filhos
Z62.6,Outros problemas relacionados com a educação da criança,Pressões não apropriadas por parte dos pais e outras falhas de educação
Z62.8,Outros problemas relacionados com a educação da criança,Outros problemas especificados relacionados com a educação dos filhos
Z62.9,Outros problemas relacionados com a educação da criança,Problema não especificado relacionado com a educação dos filhos
Z63.0,Outros problemas relacionados com o grupo primário de apoio,Problemas nas relações com cônjuge ou parceiro
Z63.1,Outros problemas relacionados com o grupo primário de apoio,Problemas nas relações com os pais ou com os sogros
Z63.2,Outros problemas relacionados com o grupo primário de apoio,Suporte familiar inadequado
Z63.3,Outros problemas relacionados com o grupo primário de apoio,Ausência de um dos membros da família
Z63.4,Outros problemas relacionados com o grupo primário de apoio,Desaparecimento ou falecimento de um membro da família
Z63.5,Outros problemas relacionados com o grupo primário de apoio,Rompimento da família por separação ou divórcio
Z63.6,Outros problemas relacionados com o grupo primário de apoio,Parente dependente de cuidados
Z63.7,Outros problemas relacionados com o grupo primário de apoio,Outros acontecimentos difíceis com incidência na família ou no lar
Z63.8,Outros problemas relacionados com o grupo primário de apoio,Outros problemas especificados relacionados com o grupo primário de suporte
Z63.9,Outros problemas relacionados com o grupo primário de apoio,Problema não especificado relacionado com o grupo primário de suporte
Z64.0,Problemas relacionados com algumas outras circunstâncias psicossociais,Problemas relacionados com uma gravidez não desejada
Z64.1,Problemas relacionados com algumas outras circunstâncias psicossociais,Problemas relacionados com multiparidade
Z64.2,Problemas relacionados com algumas outras circunstâncias psicossociais,Procura e aceitação de intervenções físicas
Z64.3,Problemas relacionados com algumas outras circunstâncias psicossociais,Procura e aceitação de intervenções comportamentais ou psicológicas conhecidas como perigosas ou nocivas
Z64.4,Problemas relacionados com algumas outras circunstâncias psicossociais,Desacordo com conselheiros
Z65.0,Problemas relacionados com outras circunstâncias psicossociais,Condenação
Z65.1,Problemas relacionados com outras circunstâncias psicossociais,Prisão ou encarceramento
Z65.2,Problemas relacionados com outras circunstâncias psicossociais,Problemas ligados à libertação de prisão
Z65.3,Problemas relacionados com outras circunstâncias psicossociais,Problemas ligados à outras circunstâncias legais
Z65.4,Problemas relacionados com outras circunstâncias psicossociais,Vítima de crime ou de atos terroristas
Z65.5,Problemas relacionados com outras circunstâncias psicossociais,Exposição a catástrofe
Z65.8,Problemas relacionados com outras circunstâncias psicossociais,Outros problemas especificados relacionados com circunstâncias psicossociais
Z65.9,Problemas relacionados com outras circunstâncias psicossociais,Problemas relacionados com circunstâncias psicossociais não especificadas
Z70.0,Aconselhamento relativo às atitudes,Acompanhamento relativo às atitudes em matéria de sexualidade
Z70.1,Aconselhamento relativo às atitudes,Aconselhamento relativo ao comportamento e à orientação sexual do sujeito
Z70.2,Aconselhamento relativo às atitudes,Aconselhamento relativo ao comportamento e à orientação sexual de um terceiro
Z70.3,Aconselhamento relativo às atitudes,Aconselhamento relativo a preocupações associadas relacionadas com as atitudes
Z70.8,Aconselhamento relativo às atitudes,Outros aconselhamentos em matéria de sexualidade
Z70.9,Aconselhamento relativo às atitudes,Aconselhamento não especificado em matéria de sexualidade
Z71.0,Pessoas em contato com os serviços de saúde para outros aconselhamentos e conselho médico,Pessoa que consulta no interesse de um terceiro
Z71.1,Pessoas em contato com os serviços de saúde para outros aconselhamentos e conselho médico,Pessoa com medo de uma queixa para a qual não foi feito diagnóstico
Z71.2,Pessoas em contato com os serviços de saúde para outros aconselhamentos e conselho médico,Pessoa que consulta para explicação de achados de exame
Z71.3,Pessoas em contato com os serviços de saúde para outros aconselhamentos e conselho médico,Aconselhamento e supervisão dietéticos
Z71.4,Pessoas em contato com os serviços de saúde para outros aconselhamentos e conselho médico,Aconselhamento e supervisão para abuso de álcool
Z71.5,Pessoas em contato com os serviços de saúde para outros aconselhamentos e conselho médico,Aconselhamento e supervisão para abuso de drogas
Z71.6,Pessoas em contato com os serviços de saúde para outros aconselhamentos e conselho médico,Aconselhamento para o abuso de fumo
Z71.7,Pessoas em contato com os serviços de saúde para outros aconselhamentos e conselho médico,Aconselhamento a propósito do vírus da imunodeficiência humana [HIV]
Z71.8,Pessoas em contato com os serviços de saúde para outros aconselhamentos e conselho médico,Outros aconselhamentos especificados
Z71.9,Pessoas em contato com os serviços de saúde para outros aconselhamentos e conselho médico,Aconselhamento não especificado
Z72.0,Problemas relacionados com o estilo de vida,Uso do tabaco
Z72.1,Problemas relacionados com o estilo de vida,Uso de álcool
Z72.2,Problemas relacionados com o estilo de vida,Uso de droga
Z72.3,Problemas relacionados com o estilo de vida,Falta de exercício físico
Z72.4,Problemas relacionados com o estilo de vida,Regime e hábitos alimentares inadequados
Z72.5,Problemas relacionados com o estilo de vida,Comportamento sexual de alto risco
Z72.6,Problemas relacionados com o estilo de vida,Mania de jogo e apostas
Z72.8,Problemas relacionados com o estilo de vida,Outros problemas relacionados com o estilo de vida
Z72.9,Problemas relacionados com o estilo de vida,Problema não especificado relacionado com o estilo de vida
Z73.0,Problemas relacionados com a organização de seu modo de vida,Esgotamento
Z73.1,Problemas relacionados com a organização de seu modo de vida,Acentuação de traços de personalidade
Z73.2,Problemas relacionados com a organização de seu modo de vida,Falta de repouso e de lazer
Z73.3,Problemas relacionados com a organização de seu modo de vida,Stress não classificado em outra parte
Z73.4,Problemas relacionados com a organização de seu modo de vida,Habilidades sociais inadequadas não classificadas em outra parte
Z73.5,Problemas relacionados com a organização de seu modo de vida,Conflito sobre o papel social não classificado em outra parte
Z73.6,Problemas relacionados com a organização de seu modo de vida,Limites impostos às atividades por invalidez
Z73.8,Problemas relacionados com a organização de seu modo de vida,Outros problemas relacionados com a organização do seu modo de vida
Z73.9,Problemas relacionados com a organização de seu modo de vida,Problema relacionado com a organização de seu modo de vida não especificado
Z74.0,Problemas relacionados com a dependência de uma pessoa que oferece cuidados de saúde,Mobilidade reduzida
Z74.1,Problemas relacionados com a dependência de uma pessoa que oferece cuidados de saúde,Necessidade de assistência com cuidados pessoais
Z74.2,Problemas relacionados com a dependência de uma pessoa que oferece cuidados de saúde,Necessidade de assistência a domicílio sendo que nenhuma pessoa do lar é capaz de assegurar os cuidados
Z74.3,Problemas relacionados com a dependência de uma pessoa que oferece cuidados de saúde,Necessidade de supervisão contínua
Z74.8,Problemas relacionados com a dependência de uma pessoa que oferece cuidados de saúde,Outros problemas relacionados com a dependência de pessoa que oferece cuidados de saúde
Z74.9,Problemas relacionados com a dependência de uma pessoa que oferece cuidados de saúde,Problema não especificado relacionado com a dependência de pessoa que oferece cuidados de saúde
Z75.0,Problemas relacionados com as facilidades médicas e outros cuidados de saúde,Falta de disponibilidade de serviços médicos no domicílio
Z75.1,Problemas relacionados com as facilidades médicas e outros cuidados de saúde,Pessoa esperando ser admitida em estabelecimento médico adequado em outra parte
Z75.2,Problemas relacionados com as facilidades médicas e outros cuidados de saúde,Outro período de espera para investigação e tratamento
Z75.3,Problemas relacionados com as facilidades médicas e outros cuidados de saúde,Facilidades de saúde não disponíveis ou não acessíveis
Z75.4,Problemas relacionados com as facilidades médicas e outros cuidados de saúde,Outras organizações de cuidados não disponíveis ou não acessíveis
Z75.5,Problemas relacionados com as facilidades médicas e outros cuidados de saúde,Cuidados dispensados para ajudar às famílias durante as férias
Z75.8,Problemas relacionados com as facilidades médicas e outros cuidados de saúde,Outras dificuldades especificadas relacionadas com facilidades médicas e com outros cuidados de saúde
Z75.9,Problemas relacionados com as facilidades médicas e outros cuidados de saúde,Problema não especificado relacionado com facilidades médicas e com outros cuidados de saúde
Z76.0,Pessoas em contato com os serviços de saúde em outras circunstâncias,Emissão de prescrição de repetição
Z76.1,Pessoas em contato com os serviços de saúde em outras circunstâncias,Supervisão e cuidado de saúde de crianças assistidas
Z76.2,Pessoas em contato com os serviços de saúde em outras circunstâncias,Supervisão de cuidado de saúde de outras crianças ou recém-nascidos sadios
Z76.3,Pessoas em contato com os serviços de saúde em outras circunstâncias,Pessoa em boa saúde acompanhando pessoa doente
Z76.4,Pessoas em contato com os serviços de saúde em outras circunstâncias,Outros pensionistas em estabelecimentos de cuidados de saúde
Z76.5,Pessoas em contato com os serviços de saúde em outras circunstâncias,Pessoa fingindo ser doente [simulação consciente]
Z76.8,Pessoas em contato com os serviços de saúde em outras circunstâncias,Contatos com serviços de saúde por outras circunstâncias especificadas
Z76.9,Pessoas em contato com os serviços de saúde em outras circunstâncias,Pessoa em contato com serviços de saúde em circunstâncias não especificadas
Z80.0,História familiar de neoplasia maligna,História familiar de neoplasia maligna de órgãos digestivos
Z80.1,História familiar de neoplasia maligna,História familiar de neoplasia maligna de traquéia brônquio e pulmão
Z80.2,História familiar de neoplasia maligna,História familiar de neoplasia maligna de outros órgãos respiratórios e intratorácicos
Z80.3,História familiar de neoplasia maligna,História familiar de neoplasia de mama
Z80.4,História familiar de neoplasia maligna,História familiar de neoplasia maligna de órgãos genitais
Z80.5,História familiar de neoplasia maligna,História familiar de neoplasia maligna do trato urinário
Z80.6,História familiar de neoplasia maligna,História familiar de leucemia
Z80.7,História familiar de neoplasia maligna,História familiar de outras neoplasias malignas dos tecidos linfático hematopoético e correlacionados
Z80.8,História familiar de neoplasia maligna,História familiar de neoplasia maligna de outros órgãos ou aparelhos
Z80.9,História familiar de neoplasia maligna,História familiar de neoplasia maligna não especificada
Z81.0,História familiar de transtornos mentais e comportamentais,História familiar de retardo mental
Z81.1,História familiar de transtornos mentais e comportamentais,História familiar de abuso de álcool
Z81.2,História familiar de transtornos mentais e comportamentais,História familiar de abuso de fumo
Z81.3,História familiar de transtornos mentais e comportamentais,História familiar de abuso de outra substância psicoativa
Z81.4,História familiar de transtornos mentais e comportamentais,História familiar de abuso de outra substância
Z81.8,História familiar de transtornos mentais e comportamentais,História familiar de outros transtornos mentais e comportamentais
Z82.0,História familiar de algumas incapacidades e doenças crônicas que conduzem a incapacitação,História familiar de epilepsia e de outras doenças do sistema nervoso
Z82.1,História familiar de algumas incapacidades e doenças crônicas que conduzem a incapacitação,História familiar de cegueira e perda de visão
Z82.2,História familiar de algumas incapacidades e doenças crônicas que conduzem a incapacitação,História familiar de surdez e perda de audição
Z82.3,História familiar de algumas incapacidades e doenças crônicas que conduzem a incapacitação,História familiar de acidente vascular cerebral
Z82.4,História familiar de algumas incapacidades e doenças crônicas que conduzem a incapacitação,História familiar de doença isquêmica do coração e outras doenças do aparelho circulatório
Z82.5,História familiar de algumas incapacidades e doenças crônicas que conduzem a incapacitação,História familiar de asma e outras doenças respiratórias inferiores crônicas
Z82.6,História familiar de algumas incapacidades e doenças crônicas que conduzem a incapacitação,História familiar de artrite e outras doenças do sistema osteomuscular e tecido conjuntivo
Z82.7,História familiar de algumas incapacidades e doenças crônicas que conduzem a incapacitação,História familiar de malformações e deformações congênitas e anomalias cromossômicas
Z82.8,História familiar de algumas incapacidades e doenças crônicas que conduzem a incapacitação,História familiar de outras incapacidades e doenças crônicas que conduzem a incapacitação não classificadas em outra parte
Z83.0,História familiar de outros transtornos específicos,História familiar de doença pelo vírus da imunodeficiência humana [HIV]
Z83.1,História familiar de outros transtornos específicos,História familiar de outras doenças infecciosas e parasitárias
Z83.2,História familiar de outros transtornos específicos,História familiar de doenças do sangue e dos órgãos hematopoéticos e alguns transtornos imunitários
Z83.3,História familiar de outros transtornos específicos,História familiar de diabetes mellitus
Z83.4,História familiar de outros transtornos específicos,História familiar de outras doenças endócrinas nutricionais e metabólicas
Z83.5,História familiar de outros transtornos específicos,História familiar de outros transtornos dos olhos e dos ouvidos
Z83.6,História familiar de outros transtornos específicos,História familiar de doenças do aparelho respiratório
Z83.7,História familiar de outros transtornos específicos,História familiar das doenças do aparelho digestivo
Z84.0,História familiar de outras afecções,História familiar de doenças da pele e do tecido subcutâneo
Z84.1,História familiar de outras afecções,História familiar de transtornos do rim e ureter
Z84.2,História familiar de outras afecções,História familiar de outras doenças do aparelho geniturinário
Z84.3,História familiar de outras afecções,História familiar de consangüinidade
Z84.8,História familiar de outras afecções,História familiar de outras afecções especificadas
Z85.0,História pessoal de neoplasia maligna,História pessoal de neoplasia maligna de órgãos digestivos
Z85.1,História pessoal de neoplasia maligna,História pessoal de neoplasia maligna de traquéia brônquio e pulmão
Z85.2,História pessoal de neoplasia maligna,História pessoal de neoplasia maligna de outros órgãos respiratórios e intratorácicos
Z85.3,História pessoal de neoplasia maligna,História pessoal de neoplasia maligna de mama
Z85.4,História pessoal de neoplasia maligna,História pessoal de neoplasia maligna de órgãos genitais
Z85.5,História pessoal de neoplasia maligna,História pessoal de neoplasia maligna de trato urinário
Z85.6,História pessoal de neoplasia maligna,História pessoal de leucemia
Z85.7,História pessoal de neoplasia maligna,História pessoal de outras neoplasias malignas do tecido linfático hematopoético e tecidos correlatos
Z85.8,História pessoal de neoplasia maligna,História pessoal de neoplasias malignas de outros órgãos ou aparelhos
Z85.9,História pessoal de neoplasia maligna,História pessoal de neoplasia maligna não especificada
Z86.0,História pessoal de algumas outras doenças,História pessoal de outras neoplasias
Z86.1,História pessoal de algumas outras doenças,História pessoal de doenças infecciosas e parasitárias
Z86.2,História pessoal de algumas outras doenças,História pessoal de doenças do sangue e dos órgãos hematopoéticos e alguns transtornos imunitários
Z86.3,História pessoal de algumas outras doenças,História pessoal de doenças endócrinas nutricionais e metabólicas
Z86.4,História pessoal de algumas outras doenças,História pessoal de abuso de substâncias psicoativas
Z86.5,História pessoal de algumas outras doenças,História pessoal de outros transtornos mentais e comportamentais
Z86.6,História pessoal de algumas outras doenças,História pessoal de doenças do sistema nervoso e dos órgãos dos sentidos
Z86.7,História pessoal de algumas outras doenças,História pessoal de doenças do aparelho circulatório
Z87.0,História pessoal de outras doenças e afecções,História pessoal de doenças do aparelho respiratório
Z87.1,História pessoal de outras doenças e afecções,História pessoal de doenças do aparelho digestivo
Z87.2,História pessoal de outras doenças e afecções,História pessoal de doenças da pele e tecido subcutâneo
Z87.3,História pessoal de outras doenças e afecções,História pessoal de doenças do sistema osteomuscular e tecido conjuntivo
Z87.4,História pessoal de outras doenças e afecções,História pessoal de doenças do aparelho geniturinário
Z87.5,História pessoal de outras doenças e afecções,História pessoal de complicações da gravidez (parto e puerpério)
Z87.6,História pessoal de outras doenças e afecções,História pessoal de algumas afecções originadas no período perinatal
Z87.7,História pessoal de outras doenças e afecções,História pessoal de malformações e deformidades congênitas e anomalias cromossômicas
Z87.8,História pessoal de outras doenças e afecções,História pessoal de outras afecções especificadas
Z88.0,História pessoal de alergia a drogas,História pessoal de alergia à penicilina
Z88.1,História pessoal de alergia a drogas,História pessoal de alergia a outro agente antibiótico
Z88.2,História pessoal de alergia a drogas,História pessoal de alergia às sulfonamidas
Z88.3,História pessoal de alergia a drogas,História pessoal de alergia a outros agentes antiinfecciosos
Z88.4,História pessoal de alergia a drogas,História pessoal de alergia a agente anestésico
Z88.5,História pessoal de alergia a drogas,História pessoal de alergia a agente narcótico
Z88.6,História pessoal de alergia a drogas,História pessoal de alergia a agente analgésico
Z88.7,História pessoal de alergia a drogas,História pessoal de alergia a soro e à vacina
Z88.8,História pessoal de alergia a drogas,História pessoal de alergia a outros drogas medicamentos e substâncias biológicas
Z88.9,História pessoal de alergia a drogas,História pessoal de alergia a drogas medicamentos e substâncias biológicas não especificadas
Z89.0,Ausência adquirida de membros,Ausência adquirida de dedo(s) da mão [inclusive polegar] unilateral
Z89.1,Ausência adquirida de membros,Ausência adquirida de mão e punho
Z89.2,Ausência adquirida de membros,Ausência adquirida de braço acima do punho
Z89.3,Ausência adquirida de membros,Ausência adquirida de ambos membros superiores [qualquer nível]
Z89.4,Ausência adquirida de membros,Ausência adquirida de pé e tornozelo
Z89.5,Ausência adquirida de membros,Ausência adquirida da perna ao nível ou abaixo do joelho
Z89.6,Ausência adquirida de membros,Ausência adquirida da perna acima do joelho
Z89.7,Ausência adquirida de membros,Ausência adquirida de ambos membros inferiores [qualquer nível exceto somente artelhos]
Z89.8,Ausência adquirida de membros,Ausência adquirida dos membros superiores e inferiores [qualquer nível]
Z89.9,Ausência adquirida de membros,Ausência adquirida de membro não especificado
Z90.0,Ausência adquirida de órgãos não classificados em outra parte,Ausência adquirida de parte da cabeça e do pescoço
Z90.1,Ausência adquirida de órgãos não classificados em outra parte,Ausência adquirida da(s) mama(s)
Z90.2,Ausência adquirida de órgãos não classificados em outra parte,Ausência adquirida [de parte] do pulmão
Z90.3,Ausência adquirida de órgãos não classificados em outra parte,Ausência adquirida de parte do estômago
Z90.4,Ausência adquirida de órgãos não classificados em outra parte,Ausência adquirida de outras partes do trato digestivo
Z90.5,Ausência adquirida de órgãos não classificados em outra parte,Ausência adquirida do rim
Z90.6,Ausência adquirida de órgãos não classificados em outra parte,Ausência adquirida de outras partes do trato urinário
Z90.7,Ausência adquirida de órgãos não classificados em outra parte,Ausência adquirida de órgão(s) genital(is)
Z90.8,Ausência adquirida de órgãos não classificados em outra parte,Ausência adquirida de outros órgãos
Z91.0,História pessoal de fatores de risco,História pessoal de alergia exceto a drogas e a substâncias biológicas
Z91.1,História pessoal de fatores de risco,História pessoal de não aderência a tratamento ou regime médico
Z91.2,História pessoal de fatores de risco,História pessoal de má higiene pessoal
Z91.3,História pessoal de fatores de risco,História pessoal de ciclo vigília-sono anormal
Z91.4,História pessoal de fatores de risco,História pessoal de trauma psicológico não classificado em outra parte
Z91.5,História pessoal de fatores de risco,História pessoal de auto agressão
Z91.6,História pessoal de fatores de risco,História pessoal de outros traumas físicos
Z91.8,História pessoal de fatores de risco,História pessoal de outros fatores de risco especificados não classificados em outra parte
Z92.0,História pessoal de tratamento médico,História pessoal de anticoncepção
Z92.1,História pessoal de tratamento médico,História pessoal de uso de longo prazo (atual) de anticoagulantes
Z92.2,História pessoal de tratamento médico,História pessoal de uso de longo prazo (atual) de outros medicamentos
Z92.3,História pessoal de tratamento médico,História pessoal de irradiação
Z92.4,História pessoal de tratamento médico,História pessoal de cirurgia de grande porte não classificada em outra parte
Z92.5,História pessoal de tratamento médico,História pessoal de medidas de reabilitação
Z92.6,História pessoal de tratamento médico,História pessoal de quimioterapia para doença neoplásica
Z92.8,História pessoal de tratamento médico,História pessoal de outros tratamentos médicos
Z92.9,História pessoal de tratamento médico,História pessoal de tratamento médico não especificado
Z93.0,Orifícios artificiais,Traqueostomia
Z93.1,Orifícios artificiais,Gastrostomia
Z93.2,Orifícios artificiais,Ileostomia
Z93.3,Orifícios artificiais,Colostomia
Z93.4,Orifícios artificiais,Outros orifícios artificiais do trato gastrointestinal
Z93.5,Orifícios artificiais,Cistostomia
Z93.6,Orifícios artificiais,Outros orifícios artificiais do aparelho urinário
Z93.8,Orifícios artificiais,Outros orifícios artificiais
Z93.9,Orifícios artificiais,Orifício artificial não especificado
Z94.0,Órgãos e tecidos transplantados,Rim transplantado
Z94.1,Órgãos e tecidos transplantados,Coração transplantado
Z94.2,Órgãos e tecidos transplantados,Pulmão transplantado
Z94.3,Órgãos e tecidos transplantados,Coração e pulmões transplantados
Z94.4,Órgãos e tecidos transplantados,Fígado transplantado
Z94.5,Órgãos e tecidos transplantados,Pele transplantada
Z94.6,Órgãos e tecidos transplantados,Osso transplantado
Z94.7,Órgãos e tecidos transplantados,Córnea transplantada
Z94.8,Órgãos e tecidos transplantados,Outros órgãos e tecidos transplantados
Z94.9,Órgãos e tecidos transplantados,Órgão e tecido não especificado transplantado
Z95.0,Presença de implantes e enxertos cardíacos e vasculares,Presença de marca-passo cardíaco
Z95.1,Presença de implantes e enxertos cardíacos e vasculares,Presença de enxerto de ponte [bypass] aortocoronária
Z95.2,Presença de implantes e enxertos cardíacos e vasculares,Presença de prótese de válvula cardíaca
Z95.3,Presença de implantes e enxertos cardíacos e vasculares,Presença de valva cardíaca xenógena
Z95.4,Presença de implantes e enxertos cardíacos e vasculares,Presença de outras substituições valvares cardíacas
Z95.5,Presença de implantes e enxertos cardíacos e vasculares,Presença de implante e enxerto de angioplastia coronária
Z95.8,Presença de implantes e enxertos cardíacos e vasculares,Presença de outros implantes e enxertos cardíacos e vasculares
Z95.9,Presença de implantes e enxertos cardíacos e vasculares,Presença de implante e enxerto cardíaco e vascular não especificado
Z96.0,Presença de outros implantes funcionais,Presença de implantes urogenitais
Z96.1,Presença de outros implantes funcionais,Presença de lente intra-ocular
Z96.2,Presença de outros implantes funcionais,Presença de implante otológicos e audiológicos
Z96.3,Presença de outros implantes funcionais,Presença de laringe artificial
Z96.4,Presença de outros implantes funcionais,Presença de implantes endócrinos
Z96.5,Presença de outros implantes funcionais,Presença de raiz dentária e implantes mandibulares
Z96.6,Presença de outros implantes funcionais,Presença de implantes articulares ortopédicos
Z96.7,Presença de outros implantes funcionais,Presença de outros implantes de osso e tendão
Z96.8,Presença de outros implantes funcionais,Presença de outros implantes funcionais especificados
Z96.9,Presença de outros implantes funcionais,Presença de implante funcional não especificado
Z97.0,Presença de outros dispositivos protéticos,Presença de olho artificial
Z97.1,Presença de outros dispositivos protéticos,Presença de membro artificial (completo) (parcial)
Z97.2,Presença de outros dispositivos protéticos,Presença de dispositivo protético dentário (completo) (parcial)
Z97.3,Presença de outros dispositivos protéticos,Presença de óculos e de lentes de contato
Z97.4,Presença de outros dispositivos protéticos,Presença de aparelho externo de surdez
Z97.5,Presença de outros dispositivos protéticos,Presença de dispositivo anticoncepcional intra-uterino [DIU]
Z97.8,Presença de outros dispositivos protéticos,Presença de outros dispositivos especificados
Z98.0,Outros estados pós-cirúrgicos,Derivação intestinal ou anastomose intestinal
Z98.1,Outros estados pós-cirúrgicos,Artrodese
Z98.2,Outros estados pós-cirúrgicos,Presença de dispositivo de drenagem do líquor
Z98.8,Outros estados pós-cirúrgicos,Outros estados pós-cirúrgicos especificados
Z99.0,Dependência de máquinas e dispositivos capacitantes,Dependência de aspirador
Z99.1,Dependência de máquinas e dispositivos capacitantes,Dependência de respirador
Z99.2,Dependência de máquinas e dispositivos capacitantes,Dependência de diálise renal
Z99.3,Dependência de máquinas e dispositivos capacitantes,Dependência de cadeira de rodas
Z99.8,Dependência de máquinas e dispositivos capacitantes,Dependência de outras máquinas e aparelhos capacitantes
Z99.9,Dependência de máquinas e dispositivos capacitantes,Dependência de máquina e aparelho capacitante não especificado